heldout_mouse,target,model,spearman,mae,n_cells
0,ADT_CD20_A0192,rna_proxy,0.6066408146181562,0.45209951542300164,9251
0,ADT_CD20_A0192,protein_context,0.7400984192097118,0.32717071569336037,9251
0,ADT_CD20_A0192,totalvi_xmodal,0.7423907897854428,0.3231575975922133,9251
0,ADT_CD20_A0192,fusionvi_xmodal,0.7399108166180911,0.32531921087906973,9251
0,ADT_CD20_A0192,totalvi,0.6243967758314704,,9251
0,ADT_CD20_A0192,fusionvi,0.6358621029635478,,9251
0,ADT_CD28_A0204,rna_proxy,0.4494758533634035,0.40761490132572487,9251
0,ADT_CD28_A0204,protein_context,0.6115310297031535,0.35414895357079385,9251
0,ADT_CD28_A0204,totalvi_xmodal,0.6125254220681109,0.3570356677480331,9251
0,ADT_CD28_A0204,fusionvi_xmodal,0.6128545841710976,0.3557240211271309,9251
0,ADT_CD28_A0204,totalvi,0.5408419774127174,,9251
0,ADT_CD28_A0204,fusionvi,0.5345672582322951,,9251
0,ADT_CD4_A0001,rna_proxy,0.5435789658092844,1.172874435869028,9251
0,ADT_CD4_A0001,protein_context,0.718992904135857,0.5986041143144392,9251
0,ADT_CD4_A0001,totalvi_xmodal,0.7189653105969541,0.5423867504861195,9251
0,ADT_CD4_A0001,fusionvi_xmodal,0.7279045491608261,0.5341617668299095,9251
0,ADT_CD4_A0001,totalvi,0.6697847442487717,,9251
0,ADT_CD4_A0001,fusionvi,0.6745728578946002,,9251
0,ADT_CD8a_A0002,rna_proxy,0.6320582903763788,0.7247066130126701,9251
0,ADT_CD8a_A0002,protein_context,0.6089786780464516,0.511008701608771,9251
0,ADT_CD8a_A0002,totalvi_xmodal,0.6150609267947534,0.4838822020481852,9251
0,ADT_CD8a_A0002,fusionvi_xmodal,0.6137464695148455,0.4676313169792699,9251
0,ADT_CD8a_A0002,totalvi,0.5181932580229652,,9251
0,ADT_CD8a_A0002,fusionvi,0.5290117137814068,,9251
1,ADT_CD20_A0192,rna_proxy,0.5121928229912559,0.42307955826488647,7562
1,ADT_CD20_A0192,protein_context,0.7337592142121552,0.3277726938849305,7562
1,ADT_CD20_A0192,totalvi_xmodal,0.7354178491231924,0.3263364310463538,7562
1,ADT_CD20_A0192,fusionvi_xmodal,0.7369833231612585,0.31300340456086695,7562
1,ADT_CD20_A0192,totalvi,0.6227295535178319,,7562
1,ADT_CD20_A0192,fusionvi,0.6371390847899483,,7562
1,ADT_CD28_A0204,rna_proxy,0.2799594375849219,0.4638578553272355,7562
1,ADT_CD28_A0204,protein_context,0.6135962670749264,0.3637284111715867,7562
1,ADT_CD28_A0204,totalvi_xmodal,0.6119877563175536,0.36759889436527415,7562
1,ADT_CD28_A0204,fusionvi_xmodal,0.6138795975778945,0.36773635425880147,7562
1,ADT_CD28_A0204,totalvi,0.5425193953516295,,7562
1,ADT_CD28_A0204,fusionvi,0.5477639836961476,,7562
1,ADT_CD4_A0001,rna_proxy,0.42797531237509867,1.1854441245021197,7562
1,ADT_CD4_A0001,protein_context,0.7052691451541162,0.6359141568527177,7562
1,ADT_CD4_A0001,totalvi_xmodal,0.7205818194391027,0.5829074589328692,7562
1,ADT_CD4_A0001,fusionvi_xmodal,0.7212755388866706,0.5870742500753904,7562
1,ADT_CD4_A0001,totalvi,0.6110845107267573,,7562
1,ADT_CD4_A0001,fusionvi,0.6457028940719683,,7562
1,ADT_CD8a_A0002,rna_proxy,0.5247891189554235,0.7975462295987362,7562
1,ADT_CD8a_A0002,protein_context,0.6162522431474191,0.5048120919340906,7562
1,ADT_CD8a_A0002,totalvi_xmodal,0.6138089140441582,0.5161769146423291,7562
1,ADT_CD8a_A0002,fusionvi_xmodal,0.6154528099584141,0.49489412366451413,7562
1,ADT_CD8a_A0002,totalvi,0.4918747847550594,,7562
1,ADT_CD8a_A0002,fusionvi,0.509543681326532,,7562
