target,model,mean_fold_spearman,min_fold_spearman,max_fold_spearman,mean_fold_mae,n_folds
ADT_CD20_A0192,fusionvi,0.6365005938767481,0.6358621029635478,0.6371390847899483,,2
ADT_CD20_A0192,fusionvi_xmodal,0.7384470698896748,0.7369833231612585,0.7399108166180911,0.3191613077199683,2
ADT_CD20_A0192,protein_context,0.7369288167109335,0.7337592142121552,0.7400984192097118,0.32747170478914545,2
ADT_CD20_A0192,rna_proxy,0.5594168188047061,0.5121928229912559,0.6066408146181562,0.4375895368439441,2
ADT_CD20_A0192,totalvi,0.6235631646746511,0.6227295535178319,0.6243967758314704,,2
ADT_CD20_A0192,totalvi_xmodal,0.7389043194543177,0.7354178491231924,0.7423907897854428,0.32474701431928354,2
ADT_CD28_A0204,fusionvi,0.5411656209642214,0.5345672582322951,0.5477639836961476,,2
ADT_CD28_A0204,fusionvi_xmodal,0.613367090874496,0.6128545841710976,0.6138795975778945,0.36173018769296617,2
ADT_CD28_A0204,protein_context,0.61256364838904,0.6115310297031535,0.6135962670749264,0.3589386823711903,2
ADT_CD28_A0204,rna_proxy,0.36471764547416274,0.2799594375849219,0.4494758533634035,0.43573637832648016,2
ADT_CD28_A0204,totalvi,0.5416806863821735,0.5408419774127174,0.5425193953516295,,2
ADT_CD28_A0204,totalvi_xmodal,0.6122565891928322,0.6119877563175536,0.6125254220681109,0.3623172810566536,2
ADT_CD4_A0001,fusionvi,0.6601378759832843,0.6457028940719683,0.6745728578946002,,2
ADT_CD4_A0001,fusionvi_xmodal,0.7245900440237484,0.7212755388866706,0.7279045491608261,0.56061800845265,2
ADT_CD4_A0001,protein_context,0.7121310246449866,0.7052691451541162,0.718992904135857,0.6172591355835784,2
ADT_CD4_A0001,rna_proxy,0.48577713909219156,0.42797531237509867,0.5435789658092844,1.1791592801855737,2
ADT_CD4_A0001,totalvi,0.6404346274877645,0.6110845107267573,0.6697847442487717,,2
ADT_CD4_A0001,totalvi_xmodal,0.7197735650180284,0.7189653105969541,0.7205818194391027,0.5626471047094943,2
ADT_CD8a_A0002,fusionvi,0.5192776975539695,0.509543681326532,0.5290117137814068,,2
ADT_CD8a_A0002,fusionvi_xmodal,0.6145996397366298,0.6137464695148455,0.6154528099584141,0.481262720321892,2
ADT_CD8a_A0002,protein_context,0.6126154605969354,0.6089786780464516,0.6162522431474191,0.5079103967714308,2
ADT_CD8a_A0002,rna_proxy,0.5784237046659011,0.5247891189554235,0.6320582903763788,0.7611264213057032,2
ADT_CD8a_A0002,totalvi,0.5050340213890123,0.4918747847550594,0.5181932580229652,,2
ADT_CD8a_A0002,totalvi_xmodal,0.6144349204194558,0.6138089140441582,0.6150609267947534,0.5000295583452572,2
