target,model,spearman,mae,n_cells
ADT_CD20_A0192,fusionvi,0.6178057935661517,,16813
ADT_CD20_A0192,fusionvi_xmodal,0.7170194557420735,0.31977991822586993,16813
ADT_CD20_A0192,protein_context,0.7057288277360885,0.3274414680328985,16813
ADT_CD20_A0192,rna_proxy,0.43920889675799496,0.4390471799665294,16813
ADT_CD20_A0192,totalvi,0.608391077597033,,16813
ADT_CD20_A0192,totalvi_xmodal,0.7115550124279313,0.3245873447271809,16813
ADT_CD28_A0204,fusionvi,0.5187590250082688,,16813
ADT_CD28_A0204,fusionvi_xmodal,0.6098742454448572,0.3611268203385562,16813
ADT_CD28_A0204,protein_context,0.6113229993771204,0.3584575158962085,16813
ADT_CD28_A0204,rna_proxy,0.22853923867891573,0.4329113515820398,16813
ADT_CD28_A0204,totalvi,0.5367896965114415,,16813
ADT_CD28_A0204,totalvi_xmodal,0.6084095408055755,0.3617867008581013,16813
ADT_CD4_A0001,fusionvi,0.652727911533858,,16813
ADT_CD4_A0001,fusionvi_xmodal,0.7244803738291744,0.5579602678887524,16813
ADT_CD4_A0001,protein_context,0.6990191809626345,0.6153850898497072,16813
ADT_CD4_A0001,rna_proxy,0.24410539226726263,1.1785279174275503,16813
ADT_CD4_A0001,totalvi,0.6485850291097627,,16813
ADT_CD4_A0001,totalvi_xmodal,0.7226468975920619,0.5606117904715072,16813
ADT_CD8a_A0002,fusionvi,0.5185464454448506,,16813
ADT_CD8a_A0002,fusionvi_xmodal,0.6093124845854044,0.47989333709190984,16813
ADT_CD8a_A0002,protein_context,0.6049598965535495,0.508221646213545,16813
ADT_CD8a_A0002,rna_proxy,0.38682085622201956,0.7574677609710257,16813
ADT_CD8a_A0002,totalvi,0.5036518144808668,,16813
ADT_CD8a_A0002,totalvi_xmodal,0.6008080886430957,0.4984074275663507,16813
