gene,pdl1_protein_effect,cd274_rna_effect,totalvi_x_predicted_effect,fusionvi_x_predicted_effect,rna_protein_opposite_direction
ATF2,0.011091211820517088,-0.0021157265,-0.0013292937342486155,-0.0023521451419981076,False
BRD4,0.28332361783745547,0.02060943,0.11362654192109763,0.1313027885945024,False
CAV1,0.05007071867895115,0.05667248,0.0698802098784359,0.061113744373828105,False
CD86,-0.033971554228918066,0.014768402,-0.027462841258254045,-0.04948462735458037,False
CMTM6,-0.39869109217701687,0.04404593,0.036119925106290474,0.01555043112729848,True
CUL3,0.256746292607426,0.20428705,0.18110828590737812,0.18631625009947386,False
ETV7,-0.013243449320566055,0.025022605,-0.010157673775476125,-0.01776329533610325,False
IFNGR1,-0.8547663105365525,-0.25375658,-0.8323029428257046,-0.8512914258699666,False
IFNGR2,-0.8675423802027026,-0.2559637,-0.8240765034652983,-0.8355603950865031,False
IRF1,-0.29897700800740495,-0.038468864,-0.0428735654165191,-0.06489843676600178,False
IRF7,-0.010317410000789154,0.033253413,0.011440134117375322,0.0074575963870217405,False
JAK2,-0.9927344177922189,-0.25512818,-0.8140435287872636,-0.9124552694296929,False
MARCH8,-0.04531235282814272,-0.017750084,-0.02932993353813836,-0.027379023833148015,False
MYC,0.11980725746177316,0.17290622,0.07188062196426337,0.06375644037115465,False
NFKBIA,-0.01572530679238889,0.02096499,-0.023182615303170746,-0.012466111832369306,False
PDCD1LG2,-0.04285216694869742,0.04981595,-0.18682166289675659,-0.20061958517864445,False
POU2F2,0.04398582986238283,-0.0087347925,0.03611259642453035,0.033365708636619175,False
SMAD4,-0.12509727890333444,-0.08544707,-0.1696590738976355,-0.1971275224369764,False
SPI1,-0.12471623180759768,0.090337574,-0.1944223526727047,-0.1764768426290789,True
STAT1,-0.8459065584218605,-0.24138828,-0.7565800290719725,-0.7885759431226793,False
STAT2,-0.04246284985671641,0.033126816,-0.028483321201184946,-0.04629406647473496,False
STAT3,0.01795437121857783,0.032802183,-0.024590266366288322,-0.022747467839216995,False
STAT5A,0.08580562099366862,0.04873313,0.0690401516749007,0.06504152030436246,False
TNFRSF14,0.007836556136988785,0.028770959,0.016165226148504647,0.008706876108321401,False
UBE2L6,0.04052586213162327,-0.001640896,0.028945318207138193,0.0312985372922272,False
