fold,model,selected_head,inner_ridge_rho,inner_extra_trees_rho
0,rna_proxy_only,ridge,0.35907347252430005,0.35906039885191005
0,protein_context_only,extra_trees,0.7412449325215357,0.7439069749068802
0,context_no_latent,extra_trees,0.7768082821403698,0.7821266966648871
0,totalvi_xmodal,extra_trees,0.8677874735260711,0.871872386307405
0,fusionvi_xmodal,ridge,0.8784129423887609,0.871971804512414
1,rna_proxy_only,ridge,0.36802568914150885,0.3680228080749289
1,protein_context_only,extra_trees,0.7419849064399283,0.7425991234419276
1,context_no_latent,extra_trees,0.7801290525769615,0.7839478838004768
1,totalvi_xmodal,extra_trees,0.8671425208148142,0.8692220477000737
1,fusionvi_xmodal,extra_trees,0.8725409053330163,0.873543008227565
2,rna_proxy_only,ridge,0.3426459693190534,0.34264489499996903
2,protein_context_only,ridge,0.7243295731133127,0.723940967240936
2,context_no_latent,ridge,0.7611799656297448,0.7610531481072873
2,totalvi_xmodal,ridge,0.851428682017845,0.8462953937185956
2,fusionvi_xmodal,ridge,0.8641475508768973,0.8542675805170991
3,rna_proxy_only,ridge,0.38247326672745247,0.3824234460003481
3,protein_context_only,extra_trees,0.7445627458088606,0.7458337746006025
3,context_no_latent,extra_trees,0.7867135942569791,0.7917894209011777
3,totalvi_xmodal,extra_trees,0.8860514294614404,0.886409230986304
3,fusionvi_xmodal,ridge,0.9001795758165972,0.8951774653782393
4,rna_proxy_only,ridge,0.3473131861247012,0.3473090579508304
4,protein_context_only,extra_trees,0.7359182180513507,0.7377959307155378
4,context_no_latent,extra_trees,0.7722809716284202,0.7755236632345578
4,totalvi_xmodal,extra_trees,0.8588068379332029,0.8599138284399208
4,fusionvi_xmodal,ridge,0.8676226308844884,0.8512865072718024
