model,fold,gene,replicate,true,prediction,n_cells,true_control,prediction_control,true_effect,predicted_effect,correct_direction
context_no_latent,0,CUL3,rep1,5.407403866507927,5.1188559070089426,136,5.267630314388791,5.11834055019234,0.1397735521191361,0.0005153568166029743,True
context_no_latent,0,CUL3,rep2,5.351648337561045,5.085343487016092,69,4.9278943360538054,4.819639520997067,0.4237540015072394,0.265703966019025,True
context_no_latent,0,CUL3,rep3,5.2099880191213455,4.997048639972189,69,5.003276694925443,4.96326236412118,0.20671132419590244,0.033786275851009684,True
context_no_latent,0,MYC,rep1,4.969393983675349,4.7137853321891345,34,5.267630314388791,5.11834055019234,-0.2982363307134417,-0.40455521800320504,True
context_no_latent,0,MYC,rep2,4.911658849365718,4.8123386360814004,35,4.9278943360538054,4.819639520997067,-0.016235486688087164,-0.007300884915666828,True
context_no_latent,0,MYC,rep3,5.677170284712291,5.3070920228268585,40,5.003276694925443,4.96326236412118,0.6738935897868483,0.34382965870567883,True
context_no_latent,0,PDCD1LG2,rep1,5.050127707923496,4.8328052054473725,185,5.267630314388791,5.11834055019234,-0.2175026064652954,-0.2855353447449671,True
context_no_latent,0,PDCD1LG2,rep2,4.973155035421431,4.641681690376575,175,4.9278943360538054,4.819639520997067,0.04526069936762589,-0.17795783062049253,False
context_no_latent,0,PDCD1LG2,rep3,5.04696210117702,4.7000694685950855,257,5.003276694925443,4.96326236412118,0.04368540625157724,-0.26319289552609426,False
context_no_latent,0,SPI1,rep1,4.851731756206034,4.806185941621393,27,5.267630314388791,5.11834055019234,-0.4158985581827572,-0.312154608570947,True
context_no_latent,0,SPI1,rep2,4.752625077072964,4.758438316645955,14,4.9278943360538054,4.819639520997067,-0.17526925898084134,-0.06120120435111254,True
context_no_latent,0,SPI1,rep3,5.2202958166662485,5.165058902571441,7,5.003276694925443,4.96326236412118,0.2170191217408055,0.20179653845026113,True
context_no_latent,0,STAT2,rep1,5.085555047962335,5.002709597561978,300,5.267630314388791,5.11834055019234,-0.18207526642645622,-0.1156309526303616,True
context_no_latent,0,STAT2,rep2,5.026081198450568,4.949900435189028,183,4.9278943360538054,4.819639520997067,0.098186862396763,0.13026091419196106,True
context_no_latent,0,STAT2,rep3,4.959776549384987,4.913310869759247,178,5.003276694925443,4.96326236412118,-0.043500145540456,-0.0499514943619328,True
context_no_latent,1,BRD4,rep1,5.518797368210473,5.124664643253832,122,5.126488070277193,5.005718932976625,0.39230929793327984,0.1189457102772069,True
context_no_latent,1,BRD4,rep2,5.192488616631054,4.891477072761617,83,5.012560788174563,4.9078586950750696,0.17992782845649113,-0.016381622313452304,False
context_no_latent,1,BRD4,rep3,5.332748886264099,4.857043454117107,136,5.055015159141504,4.926051839695798,0.2777337271225955,-0.06900838557869182,False
context_no_latent,1,MARCH8,rep1,5.11111084724783,5.008619724559952,477,5.126488070277193,5.005718932976625,-0.015377223029362952,0.0029007915833272335,False
context_no_latent,1,MARCH8,rep2,5.033442544299591,4.893099432050218,224,5.012560788174563,4.9078586950750696,0.020881756125028517,-0.014759263024851421,False
context_no_latent,1,MARCH8,rep3,4.91357356756141,4.8533532999850255,302,5.055015159141504,4.926051839695798,-0.14144159158009373,-0.07269853971077289,True
context_no_latent,1,POU2F2,rep1,5.264362808646471,5.104508798172751,352,5.126488070277193,5.005718932976625,0.13787473836927777,0.09878986519612631,True
context_no_latent,1,POU2F2,rep2,5.020632036509483,4.922219772637431,152,5.012560788174563,4.9078586950750696,0.008071248334920789,0.014361077562361046,True
context_no_latent,1,POU2F2,rep3,5.0410266620244535,4.88773289270515,158,5.055015159141504,4.926051839695798,-0.01398849711705008,-0.03831894699064797,True
context_no_latent,1,SMAD4,rep1,5.061540507003848,4.96922681587884,369,5.126488070277193,5.005718932976625,-0.06494756327334539,-0.03649211709778477,True
context_no_latent,1,SMAD4,rep2,4.8506475647769856,4.7543319784052995,159,5.012560788174563,4.9078586950750696,-0.16191322339757708,-0.15352671666977002,True
context_no_latent,1,SMAD4,rep3,4.906584109102423,4.737377285732921,131,5.055015159141504,4.926051839695798,-0.14843105003908086,-0.18867455396287713,True
context_no_latent,1,UBE2L6,rep1,5.091281477432479,4.970070869810807,234,5.126488070277193,5.005718932976625,-0.03520659284471428,-0.03564806316581759,True
context_no_latent,1,UBE2L6,rep2,5.109181317036702,4.9394269590140905,112,5.012560788174563,4.9078586950750696,0.09662052886213957,0.0315682639390209,True
context_no_latent,1,UBE2L6,rep3,5.115178809518948,4.960430115319129,172,5.055015159141504,4.926051839695798,0.06016365037744453,0.03437827562333062,True
context_no_latent,2,ATF2,rep1,5.1066799875037665,5.032543190184682,481,5.122225095244319,4.98167795795499,-0.015545107740552844,0.050865232229691415,False
context_no_latent,2,ATF2,rep2,5.100438630910074,5.010792023385977,286,5.037431037543596,5.0496264516115845,0.06300759336647843,-0.038834428225607454,False
context_no_latent,2,ATF2,rep3,5.017255294871425,5.003974302747308,335,5.031444145035799,5.017639497965343,-0.014188850164374323,-0.013665195218035109,True
context_no_latent,2,ETV7,rep1,5.133220754016984,5.040605868409034,367,5.122225095244319,4.98167795795499,0.010995658772664285,0.05892791045404344,True
context_no_latent,2,ETV7,rep2,4.97888342597759,5.00378989596969,204,5.037431037543596,5.0496264516115845,-0.05854761156600574,-0.045836555641894705,True
context_no_latent,2,ETV7,rep3,5.039265749867442,4.997467896371916,270,5.031444145035799,5.017639497965343,0.007821604831643292,-0.020171601593427013,False
context_no_latent,2,IFNGR1,rep1,4.702992914778672,4.906824544866517,680,5.122225095244319,4.98167795795499,-0.4192321804656469,-0.07485341308847371,True
context_no_latent,2,IFNGR1,rep2,3.9618601710721175,4.562191681462817,331,5.037431037543596,5.0496264516115845,-1.075570866471478,-0.48743477014876735,True
context_no_latent,2,IFNGR1,rep3,3.9619482603632665,4.571929734487852,330,5.031444145035799,5.017639497965343,-1.0694958846725324,-0.4457097634774909,True
context_no_latent,2,IFNGR2,rep1,4.516225367528796,4.7397849082372545,522,5.122225095244319,4.98167795795499,-0.6059997277155231,-0.24189304971773584,True
context_no_latent,2,IFNGR2,rep2,4.084439368367052,4.65921263062455,306,5.037431037543596,5.0496264516115845,-0.9529916691765434,-0.3904138209870345,True
context_no_latent,2,IFNGR2,rep3,3.9878084013197577,4.625306976491613,385,5.031444145035799,5.017639497965343,-1.0436357437160413,-0.39233252147372966,True
context_no_latent,2,STAT3,rep1,5.1419795585114905,5.045160063641307,218,5.122225095244319,4.98167795795499,0.01975446326717112,0.06348210568631707,True
context_no_latent,2,STAT3,rep2,5.11377823048313,5.035246051528317,110,5.037431037543596,5.0496264516115845,0.07634719293953474,-0.014380400083267908,False
context_no_latent,2,STAT3,rep3,4.989205602484827,4.924342969264511,165,5.031444145035799,5.017639497965343,-0.04223854255097237,-0.09329652870083205,True
context_no_latent,3,CAV1,rep1,5.154855911479341,5.004944173452498,357,5.0611069491429275,4.9877481560558765,0.09374896233641383,0.017196017396621244,True
context_no_latent,3,CAV1,rep2,4.9793782958494885,4.97536157099365,239,4.915778980389886,4.856315063953574,0.0635993154596024,0.11904650704007569,True
context_no_latent,3,CAV1,rep3,5.0371121114829664,4.963021673692499,286,5.044248233242129,4.912329084482268,-0.0071361217591627835,0.050692589210230565,False
context_no_latent,3,CMTM6,rep1,4.882602056673508,5.006892364078138,345,5.0611069491429275,4.9877481560558765,-0.17850489246941947,0.019144208022261466,False
context_no_latent,3,CMTM6,rep2,4.440752150140104,4.882089916962488,214,4.915778980389886,4.856315063953574,-0.47502683024978243,0.025774853008913468,False
context_no_latent,3,CMTM6,rep3,4.5017066794302805,4.953675348144127,258,5.044248233242129,4.912329084482268,-0.5425415538118488,0.04134626366185934,False
context_no_latent,3,IRF1,rep1,4.93671484385234,4.959627216961212,610,5.0611069491429275,4.9877481560558765,-0.1243921052905872,-0.02812093909466462,True
context_no_latent,3,IRF1,rep2,4.630441814250583,4.7494490216290375,267,4.915778980389886,4.856315063953574,-0.2853371661393034,-0.10686604232453689,True
context_no_latent,3,IRF1,rep3,4.557046480649805,4.7264033022605245,196,5.044248233242129,4.912329084482268,-0.48720175259232423,-0.1859257822217435,True
context_no_latent,3,STAT5A,rep1,5.2582900768547445,5.132869773723647,288,5.0611069491429275,4.9877481560558765,0.197183127711817,0.14512161766777076,True
context_no_latent,3,STAT5A,rep2,4.952645897350459,4.860003292159944,173,4.915778980389886,4.856315063953574,0.03686691696057309,0.0036882282063697147,True
context_no_latent,3,STAT5A,rep3,5.067615051550745,5.009940664728552,198,5.044248233242129,4.912329084482268,0.023366818308615755,0.09761158024628358,True
context_no_latent,3,TNFRSF14,rep1,5.172706531210494,5.048697083008312,414,5.0611069491429275,4.9877481560558765,0.1115995820675666,0.06094892695243548,True
context_no_latent,3,TNFRSF14,rep2,5.006857770111187,4.940070258025014,257,4.915778980389886,4.856315063953574,0.09107878972130123,0.08375519407143983,True
context_no_latent,3,TNFRSF14,rep3,4.865079529864228,4.837930671214505,293,5.044248233242129,4.912329084482268,-0.17916870337790147,-0.07439841326776264,True
context_no_latent,4,CD86,rep1,5.205529182738319,5.049562203287298,560,5.193446759484702,5.085184242505466,0.012082423253617414,-0.03562203921816831,False
context_no_latent,4,CD86,rep2,4.972412247936312,4.915102104339982,309,5.112852375142556,4.990229099305963,-0.14044012720624455,-0.07512699496598074,True
context_no_latent,4,CD86,rep3,5.099024319466553,4.97657487446495,328,5.07258127820068,4.901433100606914,0.026443041265872935,0.07514177385803578,True
context_no_latent,4,IRF7,rep1,5.298832634323943,5.1049418840314615,317,5.193446759484702,5.085184242505466,0.10538587483924111,0.01975764152599524,True
context_no_latent,4,IRF7,rep2,5.052730381141371,5.00881302173366,121,5.112852375142556,4.990229099305963,-0.06012199400118501,0.018583922427697352,False
context_no_latent,4,IRF7,rep3,4.996365167360256,4.925906714218347,176,5.07258127820068,4.901433100606914,-0.07621611084042357,0.024473613611433187,False
context_no_latent,4,JAK2,rep1,4.515558969634348,4.784108294230369,417,5.193446759484702,5.085184242505466,-0.6778877898503533,-0.30107594827509754,True
context_no_latent,4,JAK2,rep2,3.899175881810358,4.449969563323542,329,5.112852375142556,4.990229099305963,-1.2136764933321982,-0.5402595359824209,True
context_no_latent,4,JAK2,rep3,3.9859423080065746,4.504249998962445,278,5.07258127820068,4.901433100606914,-1.0866389701941053,-0.3971831016444689,True
context_no_latent,4,NFKBIA,rep1,5.221334102297208,5.054763126665178,403,5.193446759484702,5.085184242505466,0.027887342812506155,-0.03042111584028806,False
context_no_latent,4,NFKBIA,rep2,5.0303735553882625,4.916399665066192,194,5.112852375142556,4.990229099305963,-0.08247881975429383,-0.07382943423977117,True
context_no_latent,4,NFKBIA,rep3,5.079996834765301,4.9269644539872255,190,5.07258127820068,4.901433100606914,0.007415556564621006,0.02553135338031165,True
context_no_latent,4,STAT1,rep1,4.631196038214471,4.864120837106724,248,5.193446759484702,5.085184242505466,-0.5622507212702308,-0.22106340539874214,True
context_no_latent,4,STAT1,rep2,4.051125032093761,4.531551582243069,88,5.112852375142556,4.990229099305963,-1.061727343048795,-0.4586775170628936,True
context_no_latent,4,STAT1,rep3,4.158839667254124,4.516231575522505,108,5.07258127820068,4.901433100606914,-0.9137416109465555,-0.3852015250844092,True
fusionvi,0,CUL3,rep1,5.407403866507927,787.9579838970589,136,5.267630314388791,676.417061968912,0.1397735521191361,111.54092192814687,True
fusionvi,0,CUL3,rep2,5.351648337561045,702.4369091304347,69,4.9278943360538054,524.9601335074627,0.4237540015072394,177.476775622972,True
fusionvi,0,CUL3,rep3,5.2099880191213455,682.9965143478261,69,5.003276694925443,522.7763729801325,0.20671132419590244,160.2201413676936,True
fusionvi,0,MYC,rep1,4.969393983675349,693.4354580882352,34,5.267630314388791,676.417061968912,-0.2982363307134417,17.018396119323256,False
fusionvi,0,MYC,rep2,4.911658849365718,579.6507457142857,35,4.9278943360538054,524.9601335074627,-0.016235486688087164,54.69061220682295,False
fusionvi,0,MYC,rep3,5.677170284712291,881.5493910000001,40,5.003276694925443,522.7763729801325,0.6738935897868483,358.77301801986766,True
fusionvi,0,PDCD1LG2,rep1,5.050127707923496,623.6139957297297,185,5.267630314388791,676.417061968912,-0.2175026064652954,-52.80306623918227,True
fusionvi,0,PDCD1LG2,rep2,4.973155035421431,546.4887201714286,175,4.9278943360538054,524.9601335074627,0.04526069936762589,21.528586663965825,True
fusionvi,0,PDCD1LG2,rep3,5.04696210117702,570.5578084824903,257,5.003276694925443,522.7763729801325,0.04368540625157724,47.781435502357795,True
fusionvi,0,SPI1,rep1,4.851731756206034,533.4394325925927,27,5.267630314388791,676.417061968912,-0.4158985581827572,-142.97762937631933,True
fusionvi,0,SPI1,rep2,4.752625077072964,474.7389664285714,14,4.9278943360538054,524.9601335074627,-0.17526925898084134,-50.22116707889131,True
fusionvi,0,SPI1,rep3,5.2202958166662485,534.93502,7,5.003276694925443,522.7763729801325,0.2170191217408055,12.158647019867544,True
fusionvi,0,STAT2,rep1,5.085555047962335,595.61103872,300,5.267630314388791,676.417061968912,-0.18207526642645622,-80.80602324891197,True
fusionvi,0,STAT2,rep2,5.026081198450568,501.29283393442626,183,4.9278943360538054,524.9601335074627,0.098186862396763,-23.667299573036473,False
fusionvi,0,STAT2,rep3,4.959776549384987,522.4202270224719,178,5.003276694925443,522.7763729801325,-0.043500145540456,-0.3561459576606012,True
fusionvi,1,BRD4,rep1,5.518797368210473,749.6049834426229,122,5.126488070277193,549.959588238342,0.39230929793327984,199.64539520428093,True
fusionvi,1,BRD4,rep2,5.192488616631054,536.5787449397591,83,5.012560788174563,473.56808616541355,0.17992782845649113,63.01065877434553,True
fusionvi,1,BRD4,rep3,5.332748886264099,625.5887193382354,136,5.055015159141504,509.01487417218544,0.2777337271225955,116.57384516604992,True
fusionvi,1,MARCH8,rep1,5.11111084724783,551.4968562536687,477,5.126488070277193,549.959588238342,-0.015377223029362952,1.537268015326731,False
fusionvi,1,MARCH8,rep2,5.033442544299591,462.5748325892857,224,5.012560788174563,473.56808616541355,0.020881756125028517,-10.99325357612787,False
fusionvi,1,MARCH8,rep3,4.91357356756141,460.65611799668875,302,5.055015159141504,509.01487417218544,-0.14144159158009373,-48.358756175496694,True
fusionvi,1,POU2F2,rep1,5.264362808646471,596.5976785056818,352,5.126488070277193,549.959588238342,0.13787473836927777,46.63809026733975,True
fusionvi,1,POU2F2,rep2,5.020632036509483,480.0807168421053,152,5.012560788174563,473.56808616541355,0.008071248334920789,6.512630676691742,True
fusionvi,1,POU2F2,rep3,5.0410266620244535,492.96747246835446,158,5.055015159141504,509.01487417218544,-0.01398849711705008,-16.047401703830985,True
fusionvi,1,SMAD4,rep1,5.061540507003848,498.96233546070465,369,5.126488070277193,549.959588238342,-0.06494756327334539,-50.99725277763736,True
fusionvi,1,SMAD4,rep2,4.8506475647769856,404.94853163522015,159,5.012560788174563,473.56808616541355,-0.16191322339757708,-68.6195545301934,True
fusionvi,1,SMAD4,rep3,4.906584109102423,425.4509630534351,131,5.055015159141504,509.01487417218544,-0.14843105003908086,-83.56391111875035,True
fusionvi,1,UBE2L6,rep1,5.091281477432479,558.9025290555555,234,5.126488070277193,549.959588238342,-0.03520659284471428,8.942940817213525,False
fusionvi,1,UBE2L6,rep2,5.109181317036702,503.3422382142857,112,5.012560788174563,473.56808616541355,0.09662052886213957,29.774152048872168,True
fusionvi,1,UBE2L6,rep3,5.115178809518948,504.9335459302326,172,5.055015159141504,509.01487417218544,0.06016365037744453,-4.0813282419528605,False
fusionvi,2,ATF2,rep1,5.1066799875037665,591.6663866819127,481,5.122225095244319,631.731025642487,-0.015545107740552844,-40.06463896057426,True
fusionvi,2,ATF2,rep2,5.100438630910074,546.0320179720279,286,5.037431037543596,513.4885816541354,0.06300759336647843,32.54343631789254,True
fusionvi,2,ATF2,rep3,5.017255294871425,522.9527264776119,335,5.031444145035799,535.3039109933775,-0.014188850164374323,-12.351184515765567,True
fusionvi,2,ETV7,rep1,5.133220754016984,586.4436892316076,367,5.122225095244319,631.731025642487,0.010995658772664285,-45.28733641087945,False
fusionvi,2,ETV7,rep2,4.97888342597759,508.454236127451,204,5.037431037543596,513.4885816541354,-0.05854761156600574,-5.034345526684376,True
fusionvi,2,ETV7,rep3,5.039265749867442,540.0527954814814,270,5.031444145035799,535.3039109933775,0.007821604831643292,4.748884488103954,True
fusionvi,2,IFNGR1,rep1,4.702992914778672,391.0833891279412,680,5.122225095244319,631.731025642487,-0.4192321804656469,-240.6476365145458,True
fusionvi,2,IFNGR1,rep2,3.9618601710721175,233.24342431722056,331,5.037431037543596,513.4885816541354,-1.075570866471478,-280.2451573369148,True
fusionvi,2,IFNGR1,rep3,3.9619482603632665,242.75342804545454,330,5.031444145035799,535.3039109933775,-1.0694958846725324,-292.55048294792294,True
fusionvi,2,IFNGR2,rep1,4.516225367528796,343.6411118735632,522,5.122225095244319,631.731025642487,-0.6059997277155231,-288.0899137689238,True
fusionvi,2,IFNGR2,rep2,4.084439368367052,257.9299849248366,306,5.037431037543596,513.4885816541354,-0.9529916691765434,-255.55859672929876,True
fusionvi,2,IFNGR2,rep3,3.9878084013197577,254.32293317142856,385,5.031444145035799,535.3039109933775,-1.0436357437160413,-280.98097782194895,True
fusionvi,2,STAT3,rep1,5.1419795585114905,619.2270634862385,218,5.122225095244319,631.731025642487,0.01975446326717112,-12.503962156248463,False
fusionvi,2,STAT3,rep2,5.11377823048313,531.5092381818182,110,5.037431037543596,513.4885816541354,0.07634719293953474,18.02065652768283,True
fusionvi,2,STAT3,rep3,4.989205602484827,502.43664436363633,165,5.031444145035799,535.3039109933775,-0.04223854255097237,-32.86726662974115,True
fusionvi,3,CAV1,rep1,5.154855911479341,591.1766437703081,357,5.0611069491429275,506.34911343523316,0.09374896233641383,84.82753033507498,True
fusionvi,3,CAV1,rep2,4.9793782958494885,446.05671552301254,239,4.915778980389886,448.20217924812033,0.0635993154596024,-2.1454637251077884,False
fusionvi,3,CAV1,rep3,5.0371121114829664,474.5818675174826,286,5.044248233242129,463.0769708609272,-0.0071361217591627835,11.504896656555388,False
fusionvi,3,CMTM6,rep1,4.882602056673508,563.6671655913044,345,5.0611069491429275,506.34911343523316,-0.17850489246941947,57.318052156071246,False
fusionvi,3,CMTM6,rep2,4.440752150140104,438.5605042990654,214,4.915778980389886,448.20217924812033,-0.47502683024978243,-9.641674949054902,True
fusionvi,3,CMTM6,rep3,4.5017066794302805,447.646725872093,258,5.044248233242129,463.0769708609272,-0.5425415538118488,-15.430244988834204,True
fusionvi,3,IRF1,rep1,4.93671484385234,569.5853945131147,610,5.0611069491429275,506.34911343523316,-0.1243921052905872,63.23628107788153,False
fusionvi,3,IRF1,rep2,4.630441814250583,418.40248374531836,267,4.915778980389886,448.20217924812033,-0.2853371661393034,-29.799695502801967,True
fusionvi,3,IRF1,rep3,4.557046480649805,454.46716362244894,196,5.044248233242129,463.0769708609272,-0.48720175259232423,-8.609807238478254,True
fusionvi,3,STAT5A,rep1,5.2582900768547445,583.0029126388889,288,5.0611069491429275,506.34911343523316,0.197183127711817,76.65379920365575,True
fusionvi,3,STAT5A,rep2,4.952645897350459,434.9452530635838,173,4.915778980389886,448.20217924812033,0.03686691696057309,-13.256926184536553,False
fusionvi,3,STAT5A,rep3,5.067615051550745,464.8508672474748,198,5.044248233242129,463.0769708609272,0.023366818308615755,1.7738963865476194,True
fusionvi,3,TNFRSF14,rep1,5.172706531210494,568.567014205314,414,5.0611069491429275,506.34911343523316,0.1115995820675666,62.2179007700808,True
fusionvi,3,TNFRSF14,rep2,5.006857770111187,447.1145291828794,257,4.915778980389886,448.20217924812033,0.09107878972130123,-1.0876500652409504,False
fusionvi,3,TNFRSF14,rep3,4.865079529864228,437.8100718088737,293,5.044248233242129,463.0769708609272,-0.17916870337790147,-25.266899052053475,True
fusionvi,4,CD86,rep1,5.205529182738319,611.4049972857143,560,5.193446759484702,604.6370242279793,0.012082423253617414,6.767973057735048,True
fusionvi,4,CD86,rep2,4.972412247936312,501.91199721682847,309,5.112852375142556,535.232727518797,-0.14044012720624455,-33.320730301968524,True
fusionvi,4,CD86,rep3,5.099024319466553,537.5102009146341,328,5.07258127820068,544.2805311258278,0.026443041265872935,-6.770330211193709,False
fusionvi,4,IRF7,rep1,5.298832634323943,645.2835116498422,317,5.193446759484702,604.6370242279793,0.10538587483924111,40.64648742186296,True
fusionvi,4,IRF7,rep2,5.052730381141371,503.8054772727273,121,5.112852375142556,535.232727518797,-0.06012199400118501,-31.42725024606972,True
fusionvi,4,IRF7,rep3,4.996365167360256,523.722523409091,176,5.07258127820068,544.2805311258278,-0.07621611084042357,-20.558007716736824,True
fusionvi,4,JAK2,rep1,4.515558969634348,336.9354136402878,417,5.193446759484702,604.6370242279793,-0.6778877898503533,-267.7016105876915,True
fusionvi,4,JAK2,rep2,3.899175881810358,226.04291685106384,329,5.112852375142556,535.232727518797,-1.2136764933321982,-309.1898106677331,True
fusionvi,4,JAK2,rep3,3.9859423080065746,247.37800971582732,278,5.07258127820068,544.2805311258278,-1.0866389701941053,-296.9025214100005,True
fusionvi,4,NFKBIA,rep1,5.221334102297208,627.541013292804,403,5.193446759484702,604.6370242279793,0.027887342812506155,22.903989064824714,True
fusionvi,4,NFKBIA,rep2,5.0303735553882625,510.0735581958763,194,5.112852375142556,535.232727518797,-0.08247881975429383,-25.159169322920718,True
fusionvi,4,NFKBIA,rep3,5.079996834765301,540.5872959473684,190,5.07258127820068,544.2805311258278,0.007415556564621006,-3.6932351784594175,False
fusionvi,4,STAT1,rep1,4.631196038214471,333.91574701612905,248,5.193446759484702,604.6370242279793,-0.5622507212702308,-270.72127721185024,True
fusionvi,4,STAT1,rep2,4.051125032093761,236.62941854545454,88,5.112852375142556,535.232727518797,-1.061727343048795,-298.60330897334245,True
fusionvi,4,STAT1,rep3,4.158839667254124,306.2871230740741,108,5.07258127820068,544.2805311258278,-0.9137416109465555,-237.9934080517537,True
fusionvi_xmodal,0,CUL3,rep1,5.407403866507927,5.332257095498032,136,5.267630314388791,5.2379085623506985,0.1397735521191361,0.09434853314733349,True
fusionvi_xmodal,0,CUL3,rep2,5.351648337561045,5.264850064734602,69,4.9278943360538054,4.926220544144277,0.4237540015072394,0.3386295205903247,True
fusionvi_xmodal,0,CUL3,rep3,5.2099880191213455,5.153172525667836,69,5.003276694925443,5.027201829107073,0.20671132419590244,0.12597069656076343,True
fusionvi_xmodal,0,MYC,rep1,4.969393983675349,4.8958786334861095,34,5.267630314388791,5.2379085623506985,-0.2982363307134417,-0.34202992886458894,True
fusionvi_xmodal,0,MYC,rep2,4.911658849365718,4.927118283009288,35,4.9278943360538054,4.926220544144277,-0.016235486688087164,0.0008977388650110996,False
fusionvi_xmodal,0,MYC,rep3,5.677170284712291,5.559603340220114,40,5.003276694925443,5.027201829107073,0.6738935897868483,0.5324015111130418,True
fusionvi_xmodal,0,PDCD1LG2,rep1,5.050127707923496,4.940180616257026,185,5.267630314388791,5.2379085623506985,-0.2175026064652954,-0.2977279460936728,True
fusionvi_xmodal,0,PDCD1LG2,rep2,4.973155035421431,4.78644965938838,175,4.9278943360538054,4.926220544144277,0.04526069936762589,-0.13977088475589738,False
fusionvi_xmodal,0,PDCD1LG2,rep3,5.04696210117702,4.862841904420709,257,5.003276694925443,5.027201829107073,0.04368540625157724,-0.16435992468636318,False
fusionvi_xmodal,0,SPI1,rep1,4.851731756206034,4.837941003516254,27,5.267630314388791,5.2379085623506985,-0.4158985581827572,-0.3999675588344447,True
fusionvi_xmodal,0,SPI1,rep2,4.752625077072964,4.720004789817115,14,4.9278943360538054,4.926220544144277,-0.17526925898084134,-0.20621575432716188,True
fusionvi_xmodal,0,SPI1,rep3,5.2202958166662485,5.1039546143814425,7,5.003276694925443,5.027201829107073,0.2170191217408055,0.0767527852743699,True
fusionvi_xmodal,0,STAT2,rep1,5.085555047962335,5.06294424950071,300,5.267630314388791,5.2379085623506985,-0.18207526642645622,-0.1749643128499887,True
fusionvi_xmodal,0,STAT2,rep2,5.026081198450568,5.002100916742046,183,4.9278943360538054,4.926220544144277,0.098186862396763,0.07588037259776925,True
fusionvi_xmodal,0,STAT2,rep3,4.959776549384987,4.987403569935087,178,5.003276694925443,5.027201829107073,-0.043500145540456,-0.03979825917198543,True
fusionvi_xmodal,1,BRD4,rep1,5.518797368210473,5.32798407840296,122,5.126488070277193,5.063549014598897,0.39230929793327984,0.2644350638040631,True
fusionvi_xmodal,1,BRD4,rep2,5.192488616631054,5.013227636741584,83,5.012560788174563,4.949949943573041,0.17992782845649113,0.06327769316854237,True
fusionvi_xmodal,1,BRD4,rep3,5.332748886264099,5.0459840232905755,136,5.055015159141504,4.979788414479674,0.2777337271225955,0.0661956088109017,True
fusionvi_xmodal,1,MARCH8,rep1,5.11111084724783,5.053576981180695,477,5.126488070277193,5.063549014598897,-0.015377223029362952,-0.009972033418201853,True
fusionvi_xmodal,1,MARCH8,rep2,5.033442544299591,4.953582864033265,224,5.012560788174563,4.949949943573041,0.020881756125028517,0.0036329204602241205,True
fusionvi_xmodal,1,MARCH8,rep3,4.91357356756141,4.9039904559382075,302,5.055015159141504,4.979788414479674,-0.14144159158009373,-0.07579795854146631,True
fusionvi_xmodal,1,POU2F2,rep1,5.264362808646471,5.152624750668302,352,5.126488070277193,5.063549014598897,0.13787473836927777,0.08907573606940478,True
fusionvi_xmodal,1,POU2F2,rep2,5.020632036509483,4.98000312131821,152,5.012560788174563,4.949949943573041,0.008071248334920789,0.03005317774516847,True
fusionvi_xmodal,1,POU2F2,rep3,5.0410266620244535,4.960756626574958,158,5.055015159141504,4.979788414479674,-0.01398849711705008,-0.019031787904715713,True
fusionvi_xmodal,1,SMAD4,rep1,5.061540507003848,4.935132716914744,369,5.126488070277193,5.063549014598897,-0.06494756327334539,-0.1284162976841534,True
fusionvi_xmodal,1,SMAD4,rep2,4.8506475647769856,4.7251517112732255,159,5.012560788174563,4.949949943573041,-0.16191322339757708,-0.22479823229981566,True
fusionvi_xmodal,1,SMAD4,rep3,4.906584109102423,4.741620377152714,131,5.055015159141504,4.979788414479674,-0.14843105003908086,-0.23816803732696012,True
fusionvi_xmodal,1,UBE2L6,rep1,5.091281477432479,5.034421601891921,234,5.126488070277193,5.063549014598897,-0.03520659284471428,-0.029127412706976052,True
fusionvi_xmodal,1,UBE2L6,rep2,5.109181317036702,5.020805297003089,112,5.012560788174563,4.949949943573041,0.09662052886213957,0.07085535343004778,True
fusionvi_xmodal,1,UBE2L6,rep3,5.115178809518948,5.031956085633284,172,5.055015159141504,4.979788414479674,0.06016365037744453,0.052167671153609874,True
fusionvi_xmodal,2,ATF2,rep1,5.1066799875037665,5.103417855984803,481,5.122225095244319,5.1107291899827,-0.015545107740552844,-0.007311333997896519,True
fusionvi_xmodal,2,ATF2,rep2,5.100438630910074,5.056470504210192,286,5.037431037543596,5.033497596529324,0.06300759336647843,0.02297290768086757,True
fusionvi_xmodal,2,ATF2,rep3,5.017255294871425,5.011106310503487,335,5.031444145035799,5.033824319612452,-0.014188850164374323,-0.022718009108965376,True
fusionvi_xmodal,2,ETV7,rep1,5.133220754016984,5.100243426954974,367,5.122225095244319,5.1107291899827,0.010995658772664285,-0.010485763027725525,False
fusionvi_xmodal,2,ETV7,rep2,4.97888342597759,4.9962918108912495,204,5.037431037543596,5.033497596529324,-0.05854761156600574,-0.03720578563807475,True
fusionvi_xmodal,2,ETV7,rep3,5.039265749867442,5.028225982269943,270,5.031444145035799,5.033824319612452,0.007821604831643292,-0.005598337342509474,False
fusionvi_xmodal,2,IFNGR1,rep1,4.702992914778672,4.586803539414258,680,5.122225095244319,5.1107291899827,-0.4192321804656469,-0.523925650568442,True
fusionvi_xmodal,2,IFNGR1,rep2,3.9618601710721175,4.0110623773676775,331,5.037431037543596,5.033497596529324,-1.075570866471478,-1.0224352191616468,True
fusionvi_xmodal,2,IFNGR1,rep3,3.9619482603632665,4.026310911732641,330,5.031444145035799,5.033824319612452,-1.0694958846725324,-1.0075134078798111,True
fusionvi_xmodal,2,IFNGR2,rep1,4.516225367528796,4.3802304990049175,522,5.122225095244319,5.1107291899827,-0.6059997277155231,-0.7304986909777824,True
fusionvi_xmodal,2,IFNGR2,rep2,4.084439368367052,4.175809643319789,306,5.037431037543596,5.033497596529324,-0.9529916691765434,-0.8576879532095356,True
fusionvi_xmodal,2,IFNGR2,rep3,3.9878084013197577,4.115329778540261,385,5.031444145035799,5.033824319612452,-1.0436357437160413,-0.9184945410721914,True
fusionvi_xmodal,2,STAT3,rep1,5.1419795585114905,5.133122048271371,218,5.122225095244319,5.1107291899827,0.01975446326717112,0.022392858288671214,True
fusionvi_xmodal,2,STAT3,rep2,5.11377823048313,5.055470724174811,110,5.037431037543596,5.033497596529324,0.07634719293953474,0.02197312764548709,True
fusionvi_xmodal,2,STAT3,rep3,4.989205602484827,4.921215930160643,165,5.031444145035799,5.033824319612452,-0.04223854255097237,-0.11260838945180929,True
fusionvi_xmodal,3,CAV1,rep1,5.154855911479341,5.159896115143851,357,5.0611069491429275,5.056028077239891,0.09374896233641383,0.10386803790395938,True
fusionvi_xmodal,3,CAV1,rep2,4.9793782958494885,5.007403343243345,239,4.915778980389886,4.949530512543611,0.0635993154596024,0.05787283069973359,True
fusionvi_xmodal,3,CAV1,rep3,5.0371121114829664,5.057242152309567,286,5.044248233242129,5.035641787791776,-0.0071361217591627835,0.02160036451779135,False
fusionvi_xmodal,3,CMTM6,rep1,4.882602056673508,5.132741422787127,345,5.0611069491429275,5.056028077239891,-0.17850489246941947,0.07671334554723597,False
fusionvi_xmodal,3,CMTM6,rep2,4.440752150140104,4.954956297291483,214,4.915778980389886,4.949530512543611,-0.47502683024978243,0.005425784747871809,False
fusionvi_xmodal,3,CMTM6,rep3,4.5017066794302805,5.0001539508785635,258,5.044248233242129,5.035641787791776,-0.5425415538118488,-0.035487836913212334,True
fusionvi_xmodal,3,IRF1,rep1,4.93671484385234,5.1181725114759855,610,5.0611069491429275,5.056028077239891,-0.1243921052905872,0.06214443423609417,False
fusionvi_xmodal,3,IRF1,rep2,4.630441814250583,4.8539208196577635,267,4.915778980389886,4.949530512543611,-0.2853371661393034,-0.09560969288584786,True
fusionvi_xmodal,3,IRF1,rep3,4.557046480649805,4.874411736143524,196,5.044248233242129,5.035641787791776,-0.48720175259232423,-0.16123005164825166,True
fusionvi_xmodal,3,STAT5A,rep1,5.2582900768547445,5.247575632029686,288,5.0611069491429275,5.056028077239891,0.197183127711817,0.19154755478979446,True
fusionvi_xmodal,3,STAT5A,rep2,4.952645897350459,4.930129059946697,173,4.915778980389886,4.949530512543611,0.03686691696057309,-0.01940145259691395,False
fusionvi_xmodal,3,STAT5A,rep3,5.067615051550745,5.058620246511983,198,5.044248233242129,5.035641787791776,0.023366818308615755,0.022978458720206874,True
fusionvi_xmodal,3,TNFRSF14,rep1,5.172706531210494,5.171762483743606,414,5.0611069491429275,5.056028077239891,0.1115995820675666,0.11573440650371492,True
fusionvi_xmodal,3,TNFRSF14,rep2,5.006857770111187,5.010762142832664,257,4.915778980389886,4.949530512543611,0.09107878972130123,0.06123163028905232,True
fusionvi_xmodal,3,TNFRSF14,rep3,4.865079529864228,4.884796379323973,293,5.044248233242129,5.035641787791776,-0.17916870337790147,-0.15084540846780303,True
fusionvi_xmodal,4,CD86,rep1,5.205529182738319,5.138431045248538,560,5.193446759484702,5.17203757048043,0.012082423253617414,-0.03360652523189156,False
fusionvi_xmodal,4,CD86,rep2,4.972412247936312,4.922939100941804,309,5.112852375142556,5.073241210658308,-0.14044012720624455,-0.15030210971650426,True
fusionvi_xmodal,4,CD86,rep3,5.099024319466553,5.036177479187095,328,5.07258127820068,5.00072272630244,0.026443041265872935,0.03545475288465472,True
fusionvi_xmodal,4,IRF7,rep1,5.298832634323943,5.2382341558360626,317,5.193446759484702,5.17203757048043,0.10538587483924111,0.066196585355633,True
fusionvi_xmodal,4,IRF7,rep2,5.052730381141371,5.0235583171463025,121,5.112852375142556,5.073241210658308,-0.06012199400118501,-0.0496828935120055,True
fusionvi_xmodal,4,IRF7,rep3,4.996365167360256,5.006581823619878,176,5.07258127820068,5.00072272630244,-0.07621611084042357,0.0058590973174377226,False
fusionvi_xmodal,4,JAK2,rep1,4.515558969634348,4.404558807762812,417,5.193446759484702,5.17203757048043,-0.6778877898503533,-0.7674787627176176,True
fusionvi_xmodal,4,JAK2,rep2,3.899175881810358,4.01591747009643,329,5.112852375142556,5.073241210658308,-1.2136764933321982,-1.0573237405618778,True
fusionvi_xmodal,4,JAK2,rep3,3.9859423080065746,4.088159421292857,278,5.07258127820068,5.00072272630244,-1.0866389701941053,-0.9125633050095834,True
fusionvi_xmodal,4,NFKBIA,rep1,5.221334102297208,5.180610652917627,403,5.193446759484702,5.17203757048043,0.027887342812506155,0.008573082437197677,True
fusionvi_xmodal,4,NFKBIA,rep2,5.0303735553882625,4.9721034910343045,194,5.112852375142556,5.073241210658308,-0.08247881975429383,-0.10113771962400353,True
fusionvi_xmodal,4,NFKBIA,rep3,5.079996834765301,5.055889027992138,190,5.07258127820068,5.00072272630244,0.007415556564621006,0.05516630168969794,True
fusionvi_xmodal,4,STAT1,rep1,4.631196038214471,4.4577576881532455,248,5.193446759484702,5.17203757048043,-0.5622507212702308,-0.7142798823271841,True
fusionvi_xmodal,4,STAT1,rep2,4.051125032093761,4.156459878866011,88,5.112852375142556,5.073241210658308,-1.061727343048795,-0.916781331792297,True
fusionvi_xmodal,4,STAT1,rep3,4.158839667254124,4.266056111053883,108,5.07258127820068,5.00072272630244,-0.9137416109465555,-0.7346666152485568,True
protein_context_only,0,CUL3,rep1,5.407403866507927,5.027278353163947,136,5.267630314388791,5.0685717189661394,0.1397735521191361,-0.04129336580219256,False
protein_context_only,0,CUL3,rep2,5.351648337561045,4.966412057651648,69,4.9278943360538054,4.839234601260845,0.4237540015072394,0.12717745639080302,True
protein_context_only,0,CUL3,rep3,5.2099880191213455,4.9129190430278875,69,5.003276694925443,4.935426089075017,0.20671132419590244,-0.02250704604712972,False
protein_context_only,0,MYC,rep1,4.969393983675349,4.652167081333669,34,5.267630314388791,5.0685717189661394,-0.2982363307134417,-0.4164046376324704,True
protein_context_only,0,MYC,rep2,4.911658849365718,4.790412783626368,35,4.9278943360538054,4.839234601260845,-0.016235486688087164,-0.048821817634476794,True
protein_context_only,0,MYC,rep3,5.677170284712291,5.151389883257594,40,5.003276694925443,4.935426089075017,0.6738935897868483,0.21596379418257694,True
protein_context_only,0,PDCD1LG2,rep1,5.050127707923496,4.771216343106712,185,5.267630314388791,5.0685717189661394,-0.2175026064652954,-0.2973553758594276,True
protein_context_only,0,PDCD1LG2,rep2,4.973155035421431,4.6046528044647905,175,4.9278943360538054,4.839234601260845,0.04526069936762589,-0.2345817967960544,False
protein_context_only,0,PDCD1LG2,rep3,5.04696210117702,4.658159248155342,257,5.003276694925443,4.935426089075017,0.04368540625157724,-0.27726684091967524,False
protein_context_only,0,SPI1,rep1,4.851731756206034,4.784484402315411,27,5.267630314388791,5.0685717189661394,-0.4158985581827572,-0.2840873166507283,True
protein_context_only,0,SPI1,rep2,4.752625077072964,4.729173798175239,14,4.9278943360538054,4.839234601260845,-0.17526925898084134,-0.11006080308560584,True
protein_context_only,0,SPI1,rep3,5.2202958166662485,4.992619899518876,7,5.003276694925443,4.935426089075017,0.2170191217408055,0.05719381044385852,True
protein_context_only,0,STAT2,rep1,5.085555047962335,4.971773183387472,300,5.267630314388791,5.0685717189661394,-0.18207526642645622,-0.09679853557866736,True
protein_context_only,0,STAT2,rep2,5.026081198450568,4.938841174612788,183,4.9278943360538054,4.839234601260845,0.098186862396763,0.09960657335194334,True
protein_context_only,0,STAT2,rep3,4.959776549384987,4.88446004242423,178,5.003276694925443,4.935426089075017,-0.043500145540456,-0.05096604665078708,True
protein_context_only,1,BRD4,rep1,5.518797368210473,5.013749452629401,122,5.126488070277193,4.958594225323686,0.39230929793327984,0.05515522730571565,True
protein_context_only,1,BRD4,rep2,5.192488616631054,4.866458451443783,83,5.012560788174563,4.885222620929899,0.17992782845649113,-0.01876416948611581,False
protein_context_only,1,BRD4,rep3,5.332748886264099,4.819137031181271,136,5.055015159141504,4.899351430884994,0.2777337271225955,-0.08021439970372235,False
protein_context_only,1,MARCH8,rep1,5.11111084724783,4.953086078798296,477,5.126488070277193,4.958594225323686,-0.015377223029362952,-0.00550814652538989,True
protein_context_only,1,MARCH8,rep2,5.033442544299591,4.87542992237507,224,5.012560788174563,4.885222620929899,0.020881756125028517,-0.009792698554829116,False
protein_context_only,1,MARCH8,rep3,4.91357356756141,4.830249504064398,302,5.055015159141504,4.899351430884994,-0.14144159158009373,-0.06910192682059613,True
protein_context_only,1,POU2F2,rep1,5.264362808646471,5.049971421616883,352,5.126488070277193,4.958594225323686,0.13787473836927777,0.0913771962931973,True
protein_context_only,1,POU2F2,rep2,5.020632036509483,4.905242714555799,152,5.012560788174563,4.885222620929899,0.008071248334920789,0.020020093625899626,True
protein_context_only,1,POU2F2,rep3,5.0410266620244535,4.859414122580456,158,5.055015159141504,4.899351430884994,-0.01398849711705008,-0.039937308304537567,True
protein_context_only,1,SMAD4,rep1,5.061540507003848,4.942175071694102,369,5.126488070277193,4.958594225323686,-0.06494756327334539,-0.016419153629583683,True
protein_context_only,1,SMAD4,rep2,4.8506475647769856,4.770632748835388,159,5.012560788174563,4.885222620929899,-0.16191322339757708,-0.11458987209451088,True
protein_context_only,1,SMAD4,rep3,4.906584109102423,4.752027763407366,131,5.055015159141504,4.899351430884994,-0.14843105003908086,-0.14732366747762793,True
protein_context_only,1,UBE2L6,rep1,5.091281477432479,4.917412990623768,234,5.126488070277193,4.958594225323686,-0.03520659284471428,-0.04118123469991808,True
protein_context_only,1,UBE2L6,rep2,5.109181317036702,4.92570777703716,112,5.012560788174563,4.885222620929899,0.09662052886213957,0.04048515610726078,True
protein_context_only,1,UBE2L6,rep3,5.115178809518948,4.928483695286213,172,5.055015159141504,4.899351430884994,0.06016365037744453,0.029132264401219743,True
protein_context_only,2,ATF2,rep1,5.1066799875037665,5.018157066870228,481,5.122225095244319,4.972753376946215,-0.015545107740552844,0.045403689924013335,False
protein_context_only,2,ATF2,rep2,5.100438630910074,5.011507975385239,286,5.037431037543596,5.044610675321152,0.06300759336647843,-0.033102699935913193,False
protein_context_only,2,ATF2,rep3,5.017255294871425,5.003286494007119,335,5.031444145035799,5.014023602125325,-0.014188850164374323,-0.010737108118205718,True
protein_context_only,2,ETV7,rep1,5.133220754016984,5.014239822197742,367,5.122225095244319,4.972753376946215,0.010995658772664285,0.041486445251527115,True
protein_context_only,2,ETV7,rep2,4.97888342597759,4.984765786541337,204,5.037431037543596,5.044610675321152,-0.05854761156600574,-0.059844888779815086,True
protein_context_only,2,ETV7,rep3,5.039265749867442,4.9886793541067505,270,5.031444145035799,5.014023602125325,0.007821604831643292,-0.025344248018574156,False
protein_context_only,2,IFNGR1,rep1,4.702992914778672,4.984961223154601,680,5.122225095244319,4.972753376946215,-0.4192321804656469,0.012207846208386108,False
protein_context_only,2,IFNGR1,rep2,3.9618601710721175,4.664755807958427,331,5.037431037543596,5.044610675321152,-1.075570866471478,-0.37985486736272556,True
protein_context_only,2,IFNGR1,rep3,3.9619482603632665,4.669909106024619,330,5.031444145035799,5.014023602125325,-1.0694958846725324,-0.34411449610070566,True
protein_context_only,2,IFNGR2,rep1,4.516225367528796,4.83381944529976,522,5.122225095244319,4.972753376946215,-0.6059997277155231,-0.13893393164645484,True
protein_context_only,2,IFNGR2,rep2,4.084439368367052,4.752057696034571,306,5.037431037543596,5.044610675321152,-0.9529916691765434,-0.2925529792865813,True
protein_context_only,2,IFNGR2,rep3,3.9878084013197577,4.719139370395797,385,5.031444145035799,5.014023602125325,-1.0436357437160413,-0.2948842317295277,True
protein_context_only,2,STAT3,rep1,5.1419795585114905,5.012430275291579,218,5.122225095244319,4.972753376946215,0.01975446326717112,0.039676898345364364,True
protein_context_only,2,STAT3,rep2,5.11377823048313,5.028357251053332,110,5.037431037543596,5.044610675321152,0.07634719293953474,-0.016253424267820726,False
protein_context_only,2,STAT3,rep3,4.989205602484827,4.89752781132604,165,5.031444145035799,5.014023602125325,-0.04223854255097237,-0.1164957907992843,True
protein_context_only,3,CAV1,rep1,5.154855911479341,4.952361765514732,357,5.0611069491429275,4.9438215042269915,0.09374896233641383,0.008540261287740769,True
protein_context_only,3,CAV1,rep2,4.9793782958494885,4.9361339984472545,239,4.915778980389886,4.859324609556191,0.0635993154596024,0.07680938889106326,True
protein_context_only,3,CAV1,rep3,5.0371121114829664,4.940475249503665,286,5.044248233242129,4.934985341117635,-0.0071361217591627835,0.005489908386030251,False
protein_context_only,3,CMTM6,rep1,4.882602056673508,4.964560007964214,345,5.0611069491429275,4.9438215042269915,-0.17850489246941947,0.020738503737222302,False
protein_context_only,3,CMTM6,rep2,4.440752150140104,4.875010975316973,214,4.915778980389886,4.859324609556191,-0.47502683024978243,0.015686365760781307,False
protein_context_only,3,CMTM6,rep3,4.5017066794302805,4.922765408678689,258,5.044248233242129,4.934985341117635,-0.5425415538118488,-0.012219932438945591,True
protein_context_only,3,IRF1,rep1,4.93671484385234,4.94253411193372,610,5.0611069491429275,4.9438215042269915,-0.1243921052905872,-0.001287392293271239,True
protein_context_only,3,IRF1,rep2,4.630441814250583,4.777005160039304,267,4.915778980389886,4.859324609556191,-0.2853371661393034,-0.08231944951688686,True
protein_context_only,3,IRF1,rep3,4.557046480649805,4.758603345313581,196,5.044248233242129,4.934985341117635,-0.48720175259232423,-0.17638199580405356,True
protein_context_only,3,STAT5A,rep1,5.2582900768547445,5.065729413647326,288,5.0611069491429275,4.9438215042269915,0.197183127711817,0.1219079094203348,True
protein_context_only,3,STAT5A,rep2,4.952645897350459,4.867232162770856,173,4.915778980389886,4.859324609556191,0.03686691696057309,0.007907553214664631,True
protein_context_only,3,STAT5A,rep3,5.067615051550745,4.974138321456356,198,5.044248233242129,4.934985341117635,0.023366818308615755,0.039152980338720944,True
protein_context_only,3,TNFRSF14,rep1,5.172706531210494,4.9948365659109575,414,5.0611069491429275,4.9438215042269915,0.1115995820675666,0.05101506168396597,True
protein_context_only,3,TNFRSF14,rep2,5.006857770111187,4.932461343305363,257,4.915778980389886,4.859324609556191,0.09107878972130123,0.07313673374917151,True
protein_context_only,3,TNFRSF14,rep3,4.865079529864228,4.828135689023823,293,5.044248233242129,4.934985341117635,-0.17916870337790147,-0.10684965209381136,True
protein_context_only,4,CD86,rep1,5.205529182738319,5.006564086663923,560,5.193446759484702,5.086573977274519,0.012082423253617414,-0.08000989061059549,False
protein_context_only,4,CD86,rep2,4.972412247936312,4.911425054541931,309,5.112852375142556,4.978974779685529,-0.14044012720624455,-0.06754972514359725,True
protein_context_only,4,CD86,rep3,5.099024319466553,4.9529187418487925,328,5.07258127820068,4.865647832536264,0.026443041265872935,0.08727090931252857,True
protein_context_only,4,IRF7,rep1,5.298832634323943,5.081959268219156,317,5.193446759484702,5.086573977274519,0.10538587483924111,-0.004614709055362987,False
protein_context_only,4,IRF7,rep2,5.052730381141371,4.958003475448879,121,5.112852375142556,4.978974779685529,-0.06012199400118501,-0.0209713042366495,True
protein_context_only,4,IRF7,rep3,4.996365167360256,4.9188947392574285,176,5.07258127820068,4.865647832536264,-0.07621611084042357,0.0532469067211645,False
protein_context_only,4,JAK2,rep1,4.515558969634348,4.8820354736200615,417,5.193446759484702,5.086573977274519,-0.6778877898503533,-0.20453850365445714,True
protein_context_only,4,JAK2,rep2,3.899175881810358,4.589120519031893,329,5.112852375142556,4.978974779685529,-1.2136764933321982,-0.38985426065363527,True
protein_context_only,4,JAK2,rep3,3.9859423080065746,4.628019378126012,278,5.07258127820068,4.865647832536264,-1.0866389701941053,-0.2376284544102516,True
protein_context_only,4,NFKBIA,rep1,5.221334102297208,5.011352003107561,403,5.193446759484702,5.086573977274519,0.027887342812506155,-0.07522197416695775,False
protein_context_only,4,NFKBIA,rep2,5.0303735553882625,4.900889075843627,194,5.112852375142556,4.978974779685529,-0.08247881975429383,-0.07808570384190183,True
protein_context_only,4,NFKBIA,rep3,5.079996834765301,4.9394041185941795,190,5.07258127820068,4.865647832536264,0.007415556564621006,0.07375628605791551,True
protein_context_only,4,STAT1,rep1,4.631196038214471,4.959033602213962,248,5.193446759484702,5.086573977274519,-0.5622507212702308,-0.1275403750605566,True
protein_context_only,4,STAT1,rep2,4.051125032093761,4.645440195416775,88,5.112852375142556,4.978974779685529,-1.061727343048795,-0.3335345842687536,True
protein_context_only,4,STAT1,rep3,4.158839667254124,4.630912535439033,108,5.07258127820068,4.865647832536264,-0.9137416109465555,-0.23473529709723095,True
rna_proxy_only,0,CUL3,rep1,5.407403866507927,5.018234905074625,136,5.267630314388791,4.937730495176167,0.1397735521191361,0.08050440989845775,True
rna_proxy_only,0,CUL3,rep2,5.351648337561045,5.093969199968421,69,4.9278943360538054,4.837661572356723,0.4237540015072394,0.25630762761169823,True
rna_proxy_only,0,CUL3,rep3,5.2099880191213455,5.010538971942404,69,5.003276694925443,4.913322167680753,0.20671132419590244,0.09721680426165147,True
rna_proxy_only,0,MYC,rep1,4.969393983675349,4.977504884495454,34,5.267630314388791,4.937730495176167,-0.2982363307134417,0.03977438931928745,False
rna_proxy_only,0,MYC,rep2,4.911658849365718,4.925498608180455,35,4.9278943360538054,4.837661572356723,-0.016235486688087164,0.08783703582373192,False
rna_proxy_only,0,MYC,rep3,5.677170284712291,5.1530677556991575,40,5.003276694925443,4.913322167680753,0.6738935897868483,0.23974558801840473,True
rna_proxy_only,0,PDCD1LG2,rep1,5.050127707923496,4.9491067654377705,185,5.267630314388791,4.937730495176167,-0.2175026064652954,0.011376270261603594,False
rna_proxy_only,0,PDCD1LG2,rep2,4.973155035421431,4.917160426548549,175,4.9278943360538054,4.837661572356723,0.04526069936762589,0.07949885419182667,True
rna_proxy_only,0,PDCD1LG2,rep3,5.04696210117702,4.928286175783506,257,5.003276694925443,4.913322167680753,0.04368540625157724,0.014964008102753112,True
rna_proxy_only,0,SPI1,rep1,4.851731756206034,4.886280360045256,27,5.267630314388791,4.937730495176167,-0.4158985581827572,-0.0514501351309109,True
rna_proxy_only,0,SPI1,rep2,4.752625077072964,4.927055903843471,14,4.9278943360538054,4.837661572356723,-0.17526925898084134,0.08939433148674869,False
rna_proxy_only,0,SPI1,rep3,5.2202958166662485,5.067309515816825,7,5.003276694925443,4.913322167680753,0.2170191217408055,0.15398734813607184,True
rna_proxy_only,0,STAT2,rep1,5.085555047962335,4.9265590047836305,300,5.267630314388791,4.937730495176167,-0.18207526642645622,-0.011171490392536398,True
rna_proxy_only,0,STAT2,rep2,5.026081198450568,4.904219046316512,183,4.9278943360538054,4.837661572356723,0.098186862396763,0.06655747395978917,True
rna_proxy_only,0,STAT2,rep3,4.959776549384987,4.928317541486762,178,5.003276694925443,4.913322167680753,-0.043500145540456,0.014995373806009127,False
rna_proxy_only,1,BRD4,rep1,5.518797368210473,5.0044138705144166,122,5.126488070277193,4.910376573473679,0.39230929793327984,0.09403729704073793,True
rna_proxy_only,1,BRD4,rep2,5.192488616631054,4.884823609547443,83,5.012560788174563,4.90854871721196,0.17992782845649113,-0.023725107664517076,False
rna_proxy_only,1,BRD4,rep3,5.332748886264099,4.891667744692634,136,5.055015159141504,4.9164637698243,0.2777337271225955,-0.0247960251316659,False
rna_proxy_only,1,MARCH8,rep1,5.11111084724783,4.924802197350396,477,5.126488070277193,4.910376573473679,-0.015377223029362952,0.01442562387671753,False
rna_proxy_only,1,MARCH8,rep2,5.033442544299591,4.887035514627184,224,5.012560788174563,4.90854871721196,0.020881756125028517,-0.021513202584775293,False
rna_proxy_only,1,MARCH8,rep3,4.91357356756141,4.8843501466789,302,5.055015159141504,4.9164637698243,-0.14144159158009373,-0.032113623145400005,True
rna_proxy_only,1,POU2F2,rep1,5.264362808646471,4.917693536389958,352,5.126488070277193,4.910376573473679,0.13787473836927777,0.007316962916279479,True
rna_proxy_only,1,POU2F2,rep2,5.020632036509483,4.892603629513791,152,5.012560788174563,4.90854871721196,0.008071248334920789,-0.015945087698169047,False
rna_proxy_only,1,POU2F2,rep3,5.0410266620244535,4.9058010789412485,158,5.055015159141504,4.9164637698243,-0.01398849711705008,-0.010662690883051162,True
rna_proxy_only,1,SMAD4,rep1,5.061540507003848,4.879241528549815,369,5.126488070277193,4.910376573473679,-0.06494756327334539,-0.031135044923863653,True
rna_proxy_only,1,SMAD4,rep2,4.8506475647769856,4.82879338174496,159,5.012560788174563,4.90854871721196,-0.16191322339757708,-0.07975533546699953,True
rna_proxy_only,1,SMAD4,rep3,4.906584109102423,4.838643572712672,131,5.055015159141504,4.9164637698243,-0.14843105003908086,-0.07782019711162746,True
rna_proxy_only,1,UBE2L6,rep1,5.091281477432479,4.937509241267147,234,5.126488070277193,4.910376573473679,-0.03520659284471428,0.027132667793468457,False
rna_proxy_only,1,UBE2L6,rep2,5.109181317036702,4.891937796558652,112,5.012560788174563,4.90854871721196,0.09662052886213957,-0.01661092065330738,False
rna_proxy_only,1,UBE2L6,rep3,5.115178809518948,4.902318153270455,172,5.055015159141504,4.9164637698243,0.06016365037744453,-0.014145616553844498,False
rna_proxy_only,2,ATF2,rep1,5.1066799875037665,4.988405640060837,481,5.122225095244319,4.976947179112409,-0.015545107740552844,0.011458460948428062,False
rna_proxy_only,2,ATF2,rep2,5.100438630910074,4.972720456290078,286,5.037431037543596,4.983741717231005,0.06300759336647843,-0.011021260940926147,False
rna_proxy_only,2,ATF2,rep3,5.017255294871425,4.976311985414419,335,5.031444145035799,4.980818963208735,-0.014188850164374323,-0.004506977794315858,True
rna_proxy_only,2,ETV7,rep1,5.133220754016984,5.005303576466823,367,5.122225095244319,4.976947179112409,0.010995658772664285,0.028356397354413865,True
rna_proxy_only,2,ETV7,rep2,4.97888342597759,4.999172956335778,204,5.037431037543596,4.983741717231005,-0.05854761156600574,0.01543123910477373,False
rna_proxy_only,2,ETV7,rep3,5.039265749867442,4.985164534604108,270,5.031444145035799,4.980818963208735,0.007821604831643292,0.004345571395372616,True
rna_proxy_only,2,IFNGR1,rep1,4.702992914778672,4.852342955505146,680,5.122225095244319,4.976947179112409,-0.4192321804656469,-0.12460422360726309,True
rna_proxy_only,2,IFNGR1,rep2,3.9618601710721175,4.7971397843605805,331,5.037431037543596,4.983741717231005,-1.075570866471478,-0.18660193287042404,True
rna_proxy_only,2,IFNGR1,rep3,3.9619482603632665,4.803901980139992,330,5.031444145035799,4.980818963208735,-1.0694958846725324,-0.17691698306874315,True
rna_proxy_only,2,IFNGR2,rep1,4.516225367528796,4.817317459318373,522,5.122225095244319,4.976947179112409,-0.6059997277155231,-0.15962971979403662,True
rna_proxy_only,2,IFNGR2,rep2,4.084439368367052,4.818254770017138,306,5.037431037543596,4.983741717231005,-0.9529916691765434,-0.16548694721386692,True
rna_proxy_only,2,IFNGR2,rep3,3.9878084013197577,4.813566927476363,385,5.031444145035799,4.980818963208735,-1.0436357437160413,-0.16725203573237213,True
rna_proxy_only,2,STAT3,rep1,5.1419795585114905,5.013215056253136,218,5.122225095244319,4.976947179112409,0.01975446326717112,0.03626787714072677,True
rna_proxy_only,2,STAT3,rep2,5.11377823048313,4.987499700893055,110,5.037431037543596,4.983741717231005,0.07634719293953474,0.0037579836620507123,True
rna_proxy_only,2,STAT3,rep3,4.989205602484827,5.003891017220237,165,5.031444145035799,4.980818963208735,-0.04223854255097237,0.02307205401150192,False
rna_proxy_only,3,CAV1,rep1,5.154855911479341,4.955199902798949,357,5.0611069491429275,4.959617570274235,0.09374896233641383,-0.004417667475285825,False
rna_proxy_only,3,CAV1,rep2,4.9793782958494885,4.944374806711364,239,4.915778980389886,4.880740732178652,0.0635993154596024,0.06363407453271197,True
rna_proxy_only,3,CAV1,rep3,5.0371121114829664,4.914874408628557,286,5.044248233242129,4.845891601991969,-0.0071361217591627835,0.06898280663658785,False
rna_proxy_only,3,CMTM6,rep1,4.882602056673508,4.946888594696487,345,5.0611069491429275,4.959617570274235,-0.17850489246941947,-0.012728975577747548,True
rna_proxy_only,3,CMTM6,rep2,4.440752150140104,4.896590569308985,214,4.915778980389886,4.880740732178652,-0.47502683024978243,0.01584983713033239,False
rna_proxy_only,3,CMTM6,rep3,4.5017066794302805,4.9424073141674665,258,5.044248233242129,4.845891601991969,-0.5425415538118488,0.09651571217549737,False
rna_proxy_only,3,IRF1,rep1,4.93671484385234,4.906854064347314,610,5.0611069491429275,4.959617570274235,-0.1243921052905872,-0.05276350592692047,True
rna_proxy_only,3,IRF1,rep2,4.630441814250583,4.842900744091706,267,4.915778980389886,4.880740732178652,-0.2853371661393034,-0.03783998808694644,True
rna_proxy_only,3,IRF1,rep3,4.557046480649805,4.8494744008901165,196,5.044248233242129,4.845891601991969,-0.48720175259232423,0.003582798898147388,False
rna_proxy_only,3,STAT5A,rep1,5.2582900768547445,4.992501162820393,288,5.0611069491429275,4.959617570274235,0.197183127711817,0.032883592546157914,True
rna_proxy_only,3,STAT5A,rep2,4.952645897350459,4.880801258748666,173,4.915778980389886,4.880740732178652,0.03686691696057309,6.05265700137636e-05,True
rna_proxy_only,3,STAT5A,rep3,5.067615051550745,4.9231870559730915,198,5.044248233242129,4.845891601991969,0.023366818308615755,0.07729545398112236,True
rna_proxy_only,3,TNFRSF14,rep1,5.172706531210494,4.959988825563071,414,5.0611069491429275,4.959617570274235,0.1115995820675666,0.00037125528883663605,True
rna_proxy_only,3,TNFRSF14,rep2,5.006857770111187,4.8909245483606245,257,4.915778980389886,4.880740732178652,0.09107878972130123,0.010183816181972283,True
rna_proxy_only,3,TNFRSF14,rep3,4.865079529864228,4.900419495618384,293,5.044248233242129,4.845891601991969,-0.17916870337790147,0.05452789362641486,False
rna_proxy_only,4,CD86,rep1,5.205529182738319,4.969446057932718,560,5.193446759484702,4.90288979772459,0.012082423253617414,0.06655626020812733,True
rna_proxy_only,4,CD86,rep2,4.972412247936312,4.905030642512547,309,5.112852375142556,4.922651990015704,-0.14044012720624455,-0.017621347503157025,True
rna_proxy_only,4,CD86,rep3,5.099024319466553,4.941072248831028,328,5.07258127820068,4.959982199384677,0.026443041265872935,-0.01890995055364897,False
rna_proxy_only,4,IRF7,rep1,5.298832634323943,4.952509009123601,317,5.193446759484702,4.90288979772459,0.10538587483924111,0.049619211399010155,True
rna_proxy_only,4,IRF7,rep2,5.052730381141371,4.985635737742275,121,5.112852375142556,4.922651990015704,-0.06012199400118501,0.06298374772657045,False
rna_proxy_only,4,IRF7,rep3,4.996365167360256,4.914985201575539,176,5.07258127820068,4.959982199384677,-0.07621611084042357,-0.044996997809137795,True
rna_proxy_only,4,JAK2,rep1,4.515558969634348,4.776918331210276,417,5.193446759484702,4.90288979772459,-0.6778877898503533,-0.12597146651431412,True
rna_proxy_only,4,JAK2,rep2,3.899175881810358,4.732735255568948,329,5.112852375142556,4.922651990015704,-1.2136764933321982,-0.18991673444675605,True
rna_proxy_only,4,JAK2,rep3,3.9859423080065746,4.7571811281519825,278,5.07258127820068,4.959982199384677,-1.0866389701941053,-0.20280107123269442,True
rna_proxy_only,4,NFKBIA,rep1,5.221334102297208,4.975773611376362,403,5.193446759484702,4.90288979772459,0.027887342812506155,0.07288381365177177,True
rna_proxy_only,4,NFKBIA,rep2,5.0303735553882625,4.937022140345623,194,5.112852375142556,4.922651990015704,-0.08247881975429383,0.01437015032991873,False
rna_proxy_only,4,NFKBIA,rep3,5.079996834765301,4.91535116496839,190,5.07258127820068,4.959982199384677,0.007415556564621006,-0.044631034416286575,False
rna_proxy_only,4,STAT1,rep1,4.631196038214471,4.765914811242011,248,5.193446759484702,4.90288979772459,-0.5622507212702308,-0.13697498648257955,True
rna_proxy_only,4,STAT1,rep2,4.051125032093761,4.751516385511919,88,5.112852375142556,4.922651990015704,-1.061727343048795,-0.1711356045037853,True
rna_proxy_only,4,STAT1,rep3,4.158839667254124,4.777337493719878,108,5.07258127820068,4.959982199384677,-0.9137416109465555,-0.1826447056647993,True
totalvi,0,CUL3,rep1,5.407403866507927,764.9457340441177,136,5.267630314388791,634.0743975129534,0.1397735521191361,130.87133653116427,True
totalvi,0,CUL3,rep2,5.351648337561045,684.9750917391304,69,4.9278943360538054,494.2631801492538,0.4237540015072394,190.71191158987665,True
totalvi,0,CUL3,rep3,5.2099880191213455,633.4125026086956,69,5.003276694925443,487.3865196357616,0.20671132419590244,146.025982972934,True
totalvi,0,MYC,rep1,4.969393983675349,646.8200164705883,34,5.267630314388791,634.0743975129534,-0.2982363307134417,12.74561895763486,False
totalvi,0,MYC,rep2,4.911658849365718,556.35659,35,4.9278943360538054,494.2631801492538,-0.016235486688087164,62.093409850746184,False
totalvi,0,MYC,rep3,5.677170284712291,792.12473675,40,5.003276694925443,487.3865196357616,0.6738935897868483,304.7382171142384,True
totalvi,0,PDCD1LG2,rep1,5.050127707923496,604.9565713027027,185,5.267630314388791,634.0743975129534,-0.2175026064652954,-29.117826210250655,True
totalvi,0,PDCD1LG2,rep2,4.973155035421431,506.6118082285714,175,4.9278943360538054,494.2631801492538,0.04526069936762589,12.34862807931762,True
totalvi,0,PDCD1LG2,rep3,5.04696210117702,534.9454523346304,257,5.003276694925443,487.3865196357616,0.04368540625157724,47.55893269886883,True
totalvi,0,SPI1,rep1,4.851731756206034,506.5089525925926,27,5.267630314388791,634.0743975129534,-0.4158985581827572,-127.56544492036079,True
totalvi,0,SPI1,rep2,4.752625077072964,423.22511785714283,14,4.9278943360538054,494.2631801492538,-0.17526925898084134,-71.03806229211096,True
totalvi,0,SPI1,rep3,5.2202958166662485,538.3431499999999,7,5.003276694925443,487.3865196357616,0.2170191217408055,50.95663036423832,True
totalvi,0,STAT2,rep1,5.085555047962335,606.1893839500001,300,5.267630314388791,634.0743975129534,-0.18207526642645622,-27.885013562953304,True
totalvi,0,STAT2,rep2,5.026081198450568,482.90492590163933,183,4.9278943360538054,494.2631801492538,0.098186862396763,-11.358254247614468,False
totalvi,0,STAT2,rep3,4.959776549384987,518.3867043258426,178,5.003276694925443,487.3865196357616,-0.043500145540456,31.000184690081028,False
totalvi,1,BRD4,rep1,5.518797368210473,645.2027588524589,122,5.126488070277193,495.3243079274611,0.39230929793327984,149.87845092499782,True
totalvi,1,BRD4,rep2,5.192488616631054,490.36455722891566,83,5.012560788174563,434.09718278195487,0.17992782845649113,56.26737444696079,True
totalvi,1,BRD4,rep3,5.332748886264099,548.738931617647,136,5.055015159141504,464.0780683443708,0.2777337271225955,84.66086327327622,True
totalvi,1,MARCH8,rep1,5.11111084724783,476.42460878825995,477,5.126488070277193,495.3243079274611,-0.015377223029362952,-18.899699139201175,True
totalvi,1,MARCH8,rep2,5.033442544299591,436.96844071428575,224,5.012560788174563,434.09718278195487,0.020881756125028517,2.8712579323308773,True
totalvi,1,MARCH8,rep3,4.91357356756141,434.38791233112585,302,5.055015159141504,464.0780683443708,-0.14144159158009373,-29.690156013244973,True
totalvi,1,POU2F2,rep1,5.264362808646471,518.4455821335227,352,5.126488070277193,495.3243079274611,0.13787473836927777,23.121274206061628,True
totalvi,1,POU2F2,rep2,5.020632036509483,438.874874868421,152,5.012560788174563,434.09718278195487,0.008071248334920789,4.777692086466118,True
totalvi,1,POU2F2,rep3,5.0410266620244535,451.56461981012654,158,5.055015159141504,464.0780683443708,-0.01398849711705008,-12.513448534244276,True
totalvi,1,SMAD4,rep1,5.061540507003848,414.84960751761514,369,5.126488070277193,495.3243079274611,-0.06494756327334539,-80.47470040984598,True
totalvi,1,SMAD4,rep2,4.8506475647769856,366.97066805031443,159,5.012560788174563,434.09718278195487,-0.16191322339757708,-67.12651473164044,True
totalvi,1,SMAD4,rep3,4.906584109102423,385.0776232061069,131,5.055015159141504,464.0780683443708,-0.14843105003908086,-79.0004451382639,True
totalvi,1,UBE2L6,rep1,5.091281477432479,491.86559459401707,234,5.126488070277193,495.3243079274611,-0.03520659284471428,-3.4587133334440523,True
totalvi,1,UBE2L6,rep2,5.109181317036702,463.4408715178571,112,5.012560788174563,434.09718278195487,0.09662052886213957,29.34368873590222,True
totalvi,1,UBE2L6,rep3,5.115178809518948,469.29204122093023,172,5.055015159141504,464.0780683443708,0.06016365037744453,5.21397287655941,True
totalvi,2,ATF2,rep1,5.1066799875037665,476.07333750103953,481,5.122225095244319,504.0182729119171,-0.015545107740552844,-27.944935410877576,True
totalvi,2,ATF2,rep2,5.100438630910074,437.55131734265734,286,5.037431037543596,401.5267091729323,0.06300759336647843,36.02460816972501,True
totalvi,2,ATF2,rep3,5.017255294871425,431.4060255970149,335,5.031444145035799,433.62229712582786,-0.014188850164374323,-2.2162715288129675,True
totalvi,2,ETV7,rep1,5.133220754016984,475.9926968610354,367,5.122225095244319,504.0182729119171,0.010995658772664285,-28.025576050881682,False
totalvi,2,ETV7,rep2,4.97888342597759,412.5498615441177,204,5.037431037543596,401.5267091729323,-0.05854761156600574,11.023152371185347,False
totalvi,2,ETV7,rep3,5.039265749867442,442.9905706111111,270,5.031444145035799,433.62229712582786,0.007821604831643292,9.368273485283225,True
totalvi,2,IFNGR1,rep1,4.702992914778672,321.78735146911765,680,5.122225095244319,504.0182729119171,-0.4192321804656469,-182.23092144279946,True
totalvi,2,IFNGR1,rep2,3.9618601710721175,192.5615180422961,331,5.037431037543596,401.5267091729323,-1.075570866471478,-208.96519113063624,True
totalvi,2,IFNGR1,rep3,3.9619482603632665,199.12446526666665,330,5.031444145035799,433.62229712582786,-1.0694958846725324,-234.4978318591612,True
totalvi,2,IFNGR2,rep1,4.516225367528796,279.37146991954023,522,5.122225095244319,504.0182729119171,-0.6059997277155231,-224.64680299237688,True
totalvi,2,IFNGR2,rep2,4.084439368367052,215.83321090849677,306,5.037431037543596,401.5267091729323,-0.9529916691765434,-185.69349826443556,True
totalvi,2,IFNGR2,rep3,3.9878084013197577,208.34776339220778,385,5.031444145035799,433.62229712582786,-1.0436357437160413,-225.27453373362007,True
totalvi,2,STAT3,rep1,5.1419795585114905,501.06664394036693,218,5.122225095244319,504.0182729119171,0.01975446326717112,-2.9516289715501784,False
totalvi,2,STAT3,rep2,5.11377823048313,436.66188063636366,110,5.037431037543596,401.5267091729323,0.07634719293953474,35.135171463431334,True
totalvi,2,STAT3,rep3,4.989205602484827,409.3123823636364,165,5.031444145035799,433.62229712582786,-0.04223854255097237,-24.309914762191454,True
totalvi,3,CAV1,rep1,5.154855911479341,633.7541184313726,357,5.0611069491429275,557.7099030051813,0.09374896233641383,76.04421542619127,True
totalvi,3,CAV1,rep2,4.9793782958494885,503.02167188284517,239,4.915778980389886,507.4178758646616,0.0635993154596024,-4.396203981816427,False
totalvi,3,CAV1,rep3,5.0371121114829664,518.3947993706294,286,5.044248233242129,508.7818987417219,-0.0071361217591627835,9.612900628907482,False
totalvi,3,CMTM6,rep1,4.882602056673508,626.1542325826086,345,5.0611069491429275,557.7099030051813,-0.17850489246941947,68.44432957742731,False
totalvi,3,CMTM6,rep2,4.440752150140104,508.1446896261682,214,4.915778980389886,507.4178758646616,-0.47502683024978243,0.7268137615066053,False
totalvi,3,CMTM6,rep3,4.5017066794302805,513.256238120155,258,5.044248233242129,508.7818987417219,-0.5425415538118488,4.474339378433115,False
totalvi,3,IRF1,rep1,4.93671484385234,642.6858926360655,610,5.0611069491429275,557.7099030051813,-0.1243921052905872,84.97598963088421,False
totalvi,3,IRF1,rep2,4.630441814250583,489.52583078651685,267,4.915778980389886,507.4178758646616,-0.2853371661393034,-17.892045078144747,True
totalvi,3,IRF1,rep3,4.557046480649805,534.9998231122449,196,5.044248233242129,508.7818987417219,-0.48720175259232423,26.217924370523065,False
totalvi,3,STAT5A,rep1,5.2582900768547445,631.2345983680556,288,5.0611069491429275,557.7099030051813,0.197183127711817,73.52469536287424,True
totalvi,3,STAT5A,rep2,4.952645897350459,474.8095813294798,173,4.915778980389886,507.4178758646616,0.03686691696057309,-32.60829453518181,False
totalvi,3,STAT5A,rep3,5.067615051550745,507.3634136868687,198,5.044248233242129,508.7818987417219,0.023366818308615755,-1.4184850548531927,False
totalvi,3,TNFRSF14,rep1,5.172706531210494,610.9898916908212,414,5.0611069491429275,557.7099030051813,0.1115995820675666,53.279988685639864,True
totalvi,3,TNFRSF14,rep2,5.006857770111187,506.3451523735408,257,4.915778980389886,507.4178758646616,0.09107878972130123,-1.0727234911207688,False
totalvi,3,TNFRSF14,rep3,4.865079529864228,488.6893109897611,293,5.044248233242129,508.7818987417219,-0.17916870337790147,-20.092587751960764,True
totalvi,4,CD86,rep1,5.205529182738319,629.8498478910715,560,5.193446759484702,618.6269015025906,0.012082423253617414,11.222946388480864,True
totalvi,4,CD86,rep2,4.972412247936312,532.656014012945,309,5.112852375142556,553.2662339097745,-0.14044012720624455,-20.610219896829562,True
totalvi,4,CD86,rep3,5.099024319466553,577.1719460670731,328,5.07258127820068,569.7737912582782,0.026443041265872935,7.3981548087949704,True
totalvi,4,IRF7,rep1,5.298832634323943,672.5101090157729,317,5.193446759484702,618.6269015025906,0.10538587483924111,53.88320751318224,True
totalvi,4,IRF7,rep2,5.052730381141371,560.1044526446282,121,5.112852375142556,553.2662339097745,-0.06012199400118501,6.838218734853626,False
totalvi,4,IRF7,rep3,4.996365167360256,557.5045494318182,176,5.07258127820068,569.7737912582782,-0.07621611084042357,-12.269241826459961,True
totalvi,4,JAK2,rep1,4.515558969634348,341.42427299280575,417,5.193446759484702,618.6269015025906,-0.6778877898503533,-277.20262850978486,True
totalvi,4,JAK2,rep2,3.899175881810358,231.56262371732524,329,5.112852375142556,553.2662339097745,-1.2136764933321982,-321.70361019244933,True
totalvi,4,JAK2,rep3,3.9859423080065746,255.09203556834532,278,5.07258127820068,569.7737912582782,-1.0866389701941053,-314.68175568993286,True
totalvi,4,NFKBIA,rep1,5.221334102297208,658.6759265136477,403,5.193446759484702,618.6269015025906,0.027887342812506155,40.0490250110571,True
totalvi,4,NFKBIA,rep2,5.0303735553882625,536.2136554639176,194,5.112852375142556,553.2662339097745,-0.08247881975429383,-17.052578445856966,True
totalvi,4,NFKBIA,rep3,5.079996834765301,581.1556896842105,190,5.07258127820068,569.7737912582782,0.007415556564621006,11.381898425932377,True
totalvi,4,STAT1,rep1,4.631196038214471,320.61613531048386,248,5.193446759484702,618.6269015025906,-0.5622507212702308,-298.01076619210676,True
totalvi,4,STAT1,rep2,4.051125032093761,236.83622198863634,88,5.112852375142556,553.2662339097745,-1.061727343048795,-316.4300119211382,True
totalvi,4,STAT1,rep3,4.158839667254124,309.2918721203704,108,5.07258127820068,569.7737912582782,-0.9137416109465555,-260.48191913790777,True
totalvi_xmodal,0,CUL3,rep1,5.407403866507927,5.291802383831656,136,5.267630314388791,5.20388988888762,0.1397735521191361,0.08791249494403619,True
totalvi_xmodal,0,CUL3,rep2,5.351648337561045,5.227736311878414,69,4.9278943360538054,4.895187463128516,0.4237540015072394,0.332548848749898,True
totalvi_xmodal,0,CUL3,rep3,5.2099880191213455,5.126641565377844,69,5.003276694925443,5.003778051349644,0.20671132419590244,0.12286351402820017,True
totalvi_xmodal,0,MYC,rep1,4.969393983675349,4.838201805554167,34,5.267630314388791,5.20388988888762,-0.2982363307134417,-0.3656880833334526,True
totalvi_xmodal,0,MYC,rep2,4.911658849365718,4.931027452674444,35,4.9278943360538054,4.895187463128516,-0.016235486688087164,0.03583998954592804,False
totalvi_xmodal,0,MYC,rep3,5.677170284712291,5.549268011029959,40,5.003276694925443,5.003778051349644,0.6738935897868483,0.5454899596803147,True
totalvi_xmodal,0,PDCD1LG2,rep1,5.050127707923496,4.950934284333311,185,5.267630314388791,5.20388988888762,-0.2175026064652954,-0.2529556045543089,True
totalvi_xmodal,0,PDCD1LG2,rep2,4.973155035421431,4.759250839071737,175,4.9278943360538054,4.895187463128516,0.04526069936762589,-0.13593662405677875,False
totalvi_xmodal,0,PDCD1LG2,rep3,5.04696210117702,4.832205291270462,257,5.003276694925443,5.003778051349644,0.04368540625157724,-0.1715727600791821,False
totalvi_xmodal,0,SPI1,rep1,4.851731756206034,4.8189445183619855,27,5.267630314388791,5.20388988888762,-0.4158985581827572,-0.38494537052563427,True
totalvi_xmodal,0,SPI1,rep2,4.752625077072964,4.638082138570068,14,4.9278943360538054,4.895187463128516,-0.17526925898084134,-0.2571053245584478,True
totalvi_xmodal,0,SPI1,rep3,5.2202958166662485,5.062561688415612,7,5.003276694925443,5.003778051349644,0.2170191217408055,0.05878363706596801,True
totalvi_xmodal,0,STAT2,rep1,5.085555047962335,5.05159306749477,300,5.267630314388791,5.20388988888762,-0.18207526642645622,-0.1522968213928495,True
totalvi_xmodal,0,STAT2,rep2,5.026081198450568,4.99741906482216,183,4.9278943360538054,4.895187463128516,0.098186862396763,0.10223160169364398,True
totalvi_xmodal,0,STAT2,rep3,4.959776549384987,4.968393307445295,178,5.003276694925443,5.003778051349644,-0.043500145540456,-0.035384743904349314,True
totalvi_xmodal,1,BRD4,rep1,5.518797368210473,5.335079929090443,122,5.126488070277193,5.071625462085367,0.39230929793327984,0.2634544670050758,True
totalvi_xmodal,1,BRD4,rep2,5.192488616631054,4.9811123946096485,83,5.012560788174563,4.953633876925873,0.17992782845649113,0.027478517683775294,True
totalvi_xmodal,1,BRD4,rep3,5.332748886264099,5.011657515611899,136,5.055015159141504,4.961710874537458,0.2777337271225955,0.0499466410744418,True
totalvi_xmodal,1,MARCH8,rep1,5.11111084724783,5.058220426371709,477,5.126488070277193,5.071625462085367,-0.015377223029362952,-0.013405035713658364,True
totalvi_xmodal,1,MARCH8,rep2,5.033442544299591,4.941977867830359,224,5.012560788174563,4.953633876925873,0.020881756125028517,-0.011656009095514008,False
totalvi_xmodal,1,MARCH8,rep3,4.91357356756141,4.898782118732215,302,5.055015159141504,4.961710874537458,-0.14144159158009373,-0.06292875580524271,True
totalvi_xmodal,1,POU2F2,rep1,5.264362808646471,5.170663848254443,352,5.126488070277193,5.071625462085367,0.13787473836927777,0.09903838616907557,True
totalvi_xmodal,1,POU2F2,rep2,5.020632036509483,4.967804835266858,152,5.012560788174563,4.953633876925873,0.008071248334920789,0.014170958340984363,True
totalvi_xmodal,1,POU2F2,rep3,5.0410266620244535,4.956839319300989,158,5.055015159141504,4.961710874537458,-0.01398849711705008,-0.004871555236468872,True
totalvi_xmodal,1,SMAD4,rep1,5.061540507003848,4.959767262862281,369,5.126488070277193,5.071625462085367,-0.06494756327334539,-0.11185819922308671,True
totalvi_xmodal,1,SMAD4,rep2,4.8506475647769856,4.761472223966257,159,5.012560788174563,4.953633876925873,-0.16191322339757708,-0.19216165295961662,True
totalvi_xmodal,1,SMAD4,rep3,4.906584109102423,4.7567535050272545,131,5.055015159141504,4.961710874537458,-0.14843105003908086,-0.20495736951020316,True
totalvi_xmodal,1,UBE2L6,rep1,5.091281477432479,5.041163551036613,234,5.126488070277193,5.071625462085367,-0.03520659284471428,-0.03046191104875451,True
totalvi_xmodal,1,UBE2L6,rep2,5.109181317036702,5.013896353478614,112,5.012560788174563,4.953633876925873,0.09662052886213957,0.060262476552741084,True
totalvi_xmodal,1,UBE2L6,rep3,5.115178809518948,5.018746263654886,172,5.055015159141504,4.961710874537458,0.06016365037744453,0.057035389117428004,True
totalvi_xmodal,2,ATF2,rep1,5.1066799875037665,5.104659966529005,481,5.122225095244319,5.100904853180986,-0.015545107740552844,0.0037551133480189236,False
totalvi_xmodal,2,ATF2,rep2,5.100438630910074,5.047559400982549,286,5.037431037543596,5.035415495596714,0.06300759336647843,0.012143905385834763,True
totalvi_xmodal,2,ATF2,rep3,5.017255294871425,5.015055636692983,335,5.031444145035799,5.034942536629583,-0.014188850164374323,-0.019886899936599534,True
totalvi_xmodal,2,ETV7,rep1,5.133220754016984,5.101444512252963,367,5.122225095244319,5.100904853180986,0.010995658772664285,0.000539659071976395,True
totalvi_xmodal,2,ETV7,rep2,4.97888342597759,5.002959223678644,204,5.037431037543596,5.035415495596714,-0.05854761156600574,-0.0324562719180701,True
totalvi_xmodal,2,ETV7,rep3,5.039265749867442,5.036386128149248,270,5.031444145035799,5.034942536629583,0.007821604831643292,0.0014435915196653326,True
totalvi_xmodal,2,IFNGR1,rep1,4.702992914778672,4.604974605912401,680,5.122225095244319,5.100904853180986,-0.4192321804656469,-0.4959302472685856,True
totalvi_xmodal,2,IFNGR1,rep2,3.9618601710721175,4.019647203316828,331,5.037431037543596,5.035415495596714,-1.075570866471478,-1.015768292279886,True
totalvi_xmodal,2,IFNGR1,rep3,3.9619482603632665,4.04973224770094,330,5.031444145035799,5.034942536629583,-1.0694958846725324,-0.9852102889286423,True
totalvi_xmodal,2,IFNGR2,rep1,4.516225367528796,4.392675516333844,522,5.122225095244319,5.100904853180986,-0.6059997277155231,-0.7082293368471424,True
totalvi_xmodal,2,IFNGR2,rep2,4.084439368367052,4.183562434236324,306,5.037431037543596,5.035415495596714,-0.9529916691765434,-0.8518530613603907,True
totalvi_xmodal,2,IFNGR2,rep3,3.9878084013197577,4.122795424441221,385,5.031444145035799,5.034942536629583,-1.0436357437160413,-0.9121471121883618,True
totalvi_xmodal,2,STAT3,rep1,5.1419795585114905,5.127862510029967,218,5.122225095244319,5.100904853180986,0.01975446326717112,0.026957656848980882,True
totalvi_xmodal,2,STAT3,rep2,5.11377823048313,5.043580276425216,110,5.037431037543596,5.035415495596714,0.07634719293953474,0.00816478082850125,True
totalvi_xmodal,2,STAT3,rep3,4.989205602484827,4.9260492998532355,165,5.031444145035799,5.034942536629583,-0.04223854255097237,-0.1088932367763471,True
totalvi_xmodal,3,CAV1,rep1,5.154855911479341,5.1324116418924834,357,5.0611069491429275,5.041507682611012,0.09374896233641383,0.0909039592814711,True
totalvi_xmodal,3,CAV1,rep2,4.9793782958494885,5.037981100129201,239,4.915778980389886,4.953347162859514,0.0635993154596024,0.08463393726968693,True
totalvi_xmodal,3,CAV1,rep3,5.0371121114829664,5.065110154126371,286,5.044248233242129,5.031007421042221,-0.0071361217591627835,0.03410273308414968,False
totalvi_xmodal,3,CMTM6,rep1,4.882602056673508,5.116099894798038,345,5.0611069491429275,5.041507682611012,-0.17850489246941947,0.07459221218702528,False
totalvi_xmodal,3,CMTM6,rep2,4.440752150140104,4.986658064858373,214,4.915778980389886,4.953347162859514,-0.47502683024978243,0.03331090199885889,False
totalvi_xmodal,3,CMTM6,rep3,4.5017066794302805,5.031464082175209,258,5.044248233242129,5.031007421042221,-0.5425415538118488,0.0004566611329872572,False
totalvi_xmodal,3,IRF1,rep1,4.93671484385234,5.117311944702249,610,5.0611069491429275,5.041507682611012,-0.1243921052905872,0.07580426209123647,False
totalvi_xmodal,3,IRF1,rep2,4.630441814250583,4.876946940117428,267,4.915778980389886,4.953347162859514,-0.2853371661393034,-0.07640022274208658,True
totalvi_xmodal,3,IRF1,rep3,4.557046480649805,4.902982685443514,196,5.044248233242129,5.031007421042221,-0.48720175259232423,-0.1280247355987072,True
totalvi_xmodal,3,STAT5A,rep1,5.2582900768547445,5.218813007726358,288,5.0611069491429275,5.041507682611012,0.197183127711817,0.1773053251153458,True
totalvi_xmodal,3,STAT5A,rep2,4.952645897350459,4.9386885724274014,173,4.915778980389886,4.953347162859514,0.03686691696057309,-0.014658590432112817,False
totalvi_xmodal,3,STAT5A,rep3,5.067615051550745,5.07548114138369,198,5.044248233242129,5.031007421042221,0.023366818308615755,0.044473720341469125,True
totalvi_xmodal,3,TNFRSF14,rep1,5.172706531210494,5.141625303251276,414,5.0611069491429275,5.041507682611012,0.1115995820675666,0.10011762064026364,True
totalvi_xmodal,3,TNFRSF14,rep2,5.006857770111187,5.018582113836799,257,4.915778980389886,4.953347162859514,0.09107878972130123,0.06523495097728471,True
totalvi_xmodal,3,TNFRSF14,rep3,4.865079529864228,4.914150527870187,293,5.044248233242129,5.031007421042221,-0.17916870337790147,-0.1168568931720344,True
totalvi_xmodal,4,CD86,rep1,5.205529182738319,5.119507101048107,560,5.193446759484702,5.145860226211428,0.012082423253617414,-0.02635312516332089,False
totalvi_xmodal,4,CD86,rep2,4.972412247936312,4.9475929859050956,309,5.112852375142556,5.041152755374284,-0.14044012720624455,-0.09355976946918876,True
totalvi_xmodal,4,CD86,rep3,5.099024319466553,5.0294996800035205,328,5.07258127820068,4.991975309145773,0.026443041265872935,0.03752437085774751,True
totalvi_xmodal,4,IRF7,rep1,5.298832634323943,5.199286458670767,317,5.193446759484702,5.145860226211428,0.10538587483924111,0.05342623245933886,True
totalvi_xmodal,4,IRF7,rep2,5.052730381141371,5.030266705597049,121,5.112852375142556,5.041152755374284,-0.06012199400118501,-0.010886049777234952,True
totalvi_xmodal,4,IRF7,rep3,4.996365167360256,4.983755528815795,176,5.07258127820068,4.991975309145773,-0.07621611084042357,-0.008219780329977944,True
totalvi_xmodal,4,JAK2,rep1,4.515558969634348,4.5256765256496125,417,5.193446759484702,5.145860226211428,-0.6778877898503533,-0.6201837005618156,True
totalvi_xmodal,4,JAK2,rep2,3.899175881810358,4.072801500514844,329,5.112852375142556,5.041152755374284,-1.2136764933321982,-0.9683512548594404,True
totalvi_xmodal,4,JAK2,rep3,3.9859423080065746,4.138379678205238,278,5.07258127820068,4.991975309145773,-1.0866389701941053,-0.8535956309405348,True
totalvi_xmodal,4,NFKBIA,rep1,5.221334102297208,5.12698345075684,403,5.193446759484702,5.145860226211428,0.027887342812506155,-0.018876775454588213,False
totalvi_xmodal,4,NFKBIA,rep2,5.0303735553882625,4.959763147654498,194,5.112852375142556,5.041152755374284,-0.08247881975429383,-0.0813896077197862,True
totalvi_xmodal,4,NFKBIA,rep3,5.079996834765301,5.022693846410635,190,5.07258127820068,4.991975309145773,0.007415556564621006,0.030718537264862178,True
totalvi_xmodal,4,STAT1,rep1,4.631196038214471,4.563315507289599,248,5.193446759484702,5.145860226211428,-0.5622507212702308,-0.5825447189218291,True
totalvi_xmodal,4,STAT1,rep2,4.051125032093761,4.125107586609512,88,5.112852375142556,5.041152755374284,-1.061727343048795,-0.9160451687647724,True
totalvi_xmodal,4,STAT1,rep3,4.158839667254124,4.220825109616457,108,5.07258127820068,4.991975309145773,-0.9137416109465555,-0.7711501995293162,True
