model,metric,value,n
context_no_latent,effect_spearman,0.7577524893314367,75
context_no_latent,effect_mae,0.1693431594795365,75
context_no_latent,direction_accuracy,0.76,75
fusionvi,effect_spearman,0.8198577524893313,75
fusionvi,effect_mae,,75
fusionvi,direction_accuracy,0.7733333333333333,75
fusionvi_xmodal,effect_spearman,0.8794025604551919,75
fusionvi_xmodal,effect_mae,0.08107690782719398,75
fusionvi_xmodal,direction_accuracy,0.84,75
protein_context_only,effect_spearman,0.6935419630156472,75
protein_context_only,effect_mae,0.19699871726538065,75
protein_context_only,direction_accuracy,0.7466666666666667,75
rna_proxy_only,effect_spearman,0.5871408250355619,75
rna_proxy_only,effect_mae,0.22237431519214687,75
rna_proxy_only,direction_accuracy,0.64,75
totalvi,effect_spearman,0.7668563300142247,75
totalvi,effect_mae,,75
totalvi,direction_accuracy,0.76,75
totalvi_xmodal,effect_spearman,0.8413940256045519,75
totalvi_xmodal,effect_mae,0.08535554911827098,75
totalvi_xmodal,direction_accuracy,0.8266666666666667,75
