arm,readout,rmsle,abs_bias,residual_sd,spearman,pearson,within_celltype_spearman,marker_auroc,n_seeds
fusionvi,calibrated,0.5829,0.1391,0.5474,0.3256,0.454,0.164,0.9903,16
fusionvi,helper_mean,1.0538,0.8972,0.5424,0.3256,0.4537,0.1639,0.9903,16
fusionvi,likelihood_mean,0.5678,0.1375,0.5433,0.3256,0.4539,0.1639,0.9903,16
fusionvi,likelihood_pred_log,0.5751,0.1227,0.5492,0.2992,0.4232,0.1423,0.988,16
rna_ridge,ridge,0.6373,0.2037,0.5756,0.3228,0.4258,0.169,0.9871,1
totalvi,calibrated,0.5743,0.1362,0.5406,0.3262,0.4564,0.1681,0.9909,16
totalvi,helper_mean,1.06,0.9056,0.5412,0.3262,0.456,0.1681,0.9909,16
totalvi,likelihood_mean,0.565,0.1358,0.5417,0.3262,0.4564,0.1681,0.9909,16
totalvi,likelihood_pred_log,0.5699,0.1172,0.5464,0.3024,0.429,0.1485,0.9887,16
totalvi_avail_w128,calibrated,0.5906,0.1714,0.5403,0.3296,0.4565,0.1673,0.9909,16
totalvi_avail_w128,helper_mean,1.065,0.9111,0.5417,0.3296,0.4561,0.1673,0.9909,16
totalvi_avail_w128,likelihood_mean,0.5662,0.138,0.5424,0.3296,0.4565,0.1673,0.9909,16
totalvi_avail_w128,likelihood_pred_log,0.5714,0.1184,0.5476,0.3019,0.4268,0.1432,0.9883,16
totalvi_pmatch,calibrated,0.5751,0.1345,0.543,0.3287,0.4533,0.1593,0.9903,16
totalvi_pmatch,helper_mean,1.0727,0.9182,0.5449,0.3287,0.453,0.1593,0.9903,16
totalvi_pmatch,likelihood_mean,0.5698,0.1401,0.5456,0.3287,0.4533,0.1593,0.9903,16
totalvi_pmatch,likelihood_pred_log,0.5751,0.1192,0.551,0.2978,0.42,0.1303,0.9876,16
totalvi_w128,calibrated,0.5743,0.1382,0.5399,0.3294,0.457,0.1687,0.9908,16
totalvi_w128,helper_mean,1.0644,0.9106,0.5413,0.3294,0.4566,0.1686,0.9908,16
totalvi_w128,likelihood_mean,0.566,0.1381,0.5421,0.3294,0.457,0.1686,0.9908,16
totalvi_w128,likelihood_pred_log,0.5714,0.1188,0.5473,0.3015,0.4268,0.1441,0.9882,16
