readout,metric,candidate,reference,n_seeds,candidate_minus_ref,ci95_low,ci95_high,seeds_candidate_better,p_t,p_holm_within_readout_metric
calibrated,abs_bias,fusionvi,totalvi,16,0.0028784376258489276,-0.015061155440560763,0.02081803069225862,7,0.7370994218012509,1.0
calibrated,abs_bias,fusionvi,totalvi_w128,16,0.0008927021143336749,-0.01740573899218629,0.01919114322085364,7,0.9185594542760107,1.0
calibrated,abs_bias,fusionvi,totalvi_pmatch,16,0.004565726113826406,-0.012386101607402632,0.021517553835055443,6,0.5744255865113986,1.0
calibrated,abs_bias,fusionvi,totalvi_avail_w128,16,-0.03237526528974096,-0.05182600271792796,-0.012924527861553955,13,0.002922724831158931,0.011690899324635724
calibrated,abs_bias,totalvi_avail_w128,totalvi_w128,16,0.03326796740407463,0.029624196554125095,0.03691173825402416,0,4.6880887099978386e-12,2.3440443549989193e-11
calibrated,marker_auroc,fusionvi,totalvi,16,-0.0006090044984397372,-0.0008542131160252033,-0.0003637958808542711,1,9.012076077981737e-05,0.0003604830431192695
calibrated,marker_auroc,fusionvi,totalvi_w128,16,-0.0004566070894071045,-0.0007245996704794549,-0.0001886145083347541,3,0.002461063629551456,0.007383190888654368
calibrated,marker_auroc,fusionvi,totalvi_pmatch,16,4.853576911676566e-05,-0.00015699043303924915,0.0002540619712727805,10,0.6220292213460713,0.7709366923683159
calibrated,marker_auroc,fusionvi,totalvi_avail_w128,16,-0.0005185402929387128,-0.0006832890999258713,-0.0003537914859515544,2,7.001191209665082e-06,3.5005956048325415e-05
calibrated,marker_auroc,totalvi_avail_w128,totalvi_w128,16,6.193320353160836e-05,-8.573464736073909e-05,0.0002096010544239558,8,0.38546834618415793,0.7709366923683159
calibrated,pearson,fusionvi,totalvi,16,-0.002437160701947289,-0.0037254059508030155,-0.0011489154530915629,3,0.001085476640405042,0.0032564299212151262
calibrated,pearson,fusionvi,totalvi_w128,16,-0.003012661557987746,-0.004491571707118225,-0.0015337514088572678,2,0.0005807352097929777,0.0023229408391719107
calibrated,pearson,fusionvi,totalvi_pmatch,16,0.0006221527142516621,-0.0010486462124380104,0.0022929516409413344,8,0.43975486534182767,0.8644512135162249
calibrated,pearson,fusionvi,totalvi_avail_w128,16,-0.002541153803363335,-0.0037224368509184216,-0.0013598707558082482,2,0.0003573668036390063,0.0017868340181950314
calibrated,pearson,totalvi_avail_w128,totalvi_w128,16,-0.00047150775462441105,-0.0017167128301673181,0.000773697320918496,7,0.43222560675811245,0.8644512135162249
calibrated,residual_sd,fusionvi,totalvi,16,0.006798705395222829,0.004230623254093232,0.009366787536352426,2,4.678475727145983e-05,0.0001403542718143795
calibrated,residual_sd,fusionvi,totalvi_w128,16,0.007443366825873203,0.004867501653044604,0.010019231998701802,1,1.8280210687587983e-05,7.312084275035193e-05
calibrated,residual_sd,fusionvi,totalvi_pmatch,16,0.004350769109815682,0.0016350515950789833,0.007066486624552381,4,0.003839938690352454,0.007679877380704908
calibrated,residual_sd,fusionvi,totalvi_avail_w128,16,0.007038239129141324,0.004666184267500364,0.009410293990782284,1,1.3639466221651474e-05,6.819733110825737e-05
calibrated,residual_sd,totalvi_avail_w128,totalvi_w128,16,0.0004051276967318787,-0.00022543107000937634,0.0010356864634731336,6,0.1910182981852083,0.1910182981852083
calibrated,rmsle,fusionvi,totalvi,16,0.008593134166176492,-0.0003107898005394894,0.01749705813289247,6,0.05750526994644674,0.21970997499229009
calibrated,rmsle,fusionvi,totalvi_w128,16,0.008566312524873929,-0.00020538756217684112,0.0173380126119247,7,0.05492749374807252,0.21970997499229009
calibrated,rmsle,fusionvi,totalvi_pmatch,16,0.007809623533961342,-0.00033114199519578523,0.01595038906311847,7,0.05884165031198975,0.21970997499229009
calibrated,rmsle,fusionvi,totalvi_avail_w128,16,-0.007722983076720008,-0.017080559525907372,0.0016345933724673557,12,0.09893180816684019,0.21970997499229009
calibrated,rmsle,totalvi_avail_w128,totalvi_w128,16,0.016289295601593937,0.014326431254305102,0.01825215994888277,0,1.85550236864613e-11,9.277511843230651e-11
calibrated,spearman,fusionvi,totalvi,16,-0.000562828518246683,-0.0012414215551661868,0.0001157645186728207,5,0.09741779185589179,0.19483558371178358
calibrated,spearman,fusionvi,totalvi_w128,16,-0.0037738365577671025,-0.004642248473624042,-0.0029054246419101632,0,1.3556709364297237e-07,5.574667599168381e-07
calibrated,spearman,fusionvi,totalvi_pmatch,16,-0.003075524958980464,-0.0042021998727978255,-0.0019488500451631024,1,3.3853733443380515e-05,0.00010156120033014154
calibrated,spearman,fusionvi,totalvi_avail_w128,16,-0.003931999873846719,-0.004823223096487637,-0.0030407766512058018,0,1.1149335198336762e-07,5.574667599168381e-07
calibrated,spearman,totalvi_avail_w128,totalvi_w128,16,0.0001581633160796167,-0.0008633468323403944,0.0011796734644996278,7,0.7459500309698375,0.7459500309698375
calibrated,within_celltype_spearman,fusionvi,totalvi,16,-0.004148722330181433,-0.005857555350828155,-0.0024398893095347106,2,0.00011308951741054052,0.00022617903482108104
calibrated,within_celltype_spearman,fusionvi,totalvi_w128,16,-0.004711511901893393,-0.006046438259691413,-0.0033765855440953734,0,1.8211975062169508e-06,9.105987531084754e-06
calibrated,within_celltype_spearman,fusionvi,totalvi_pmatch,16,0.004641366421481509,0.0031746917780596916,0.006108041064903326,15,6.57924796614971e-06,2.631699186459884e-05
calibrated,within_celltype_spearman,fusionvi,totalvi_avail_w128,16,-0.0033644801346722347,-0.004652634350634151,-0.0020763259187103183,2,5.38605903145435e-05,0.0001615817709436305
calibrated,within_celltype_spearman,totalvi_avail_w128,totalvi_w128,16,-0.0013470317672211584,-0.0031088191915456037,0.00041475565710328666,5,0.12398633224305804,0.12398633224305804
helper_mean,abs_bias,fusionvi,totalvi,16,-0.008366237662432989,-0.011098773716709615,-0.0056337016081563634,14,9.589727240674938e-06,1.9179454481349877e-05
helper_mean,abs_bias,fusionvi,totalvi_w128,16,-0.013409772447393956,-0.01652229186257617,-0.01029725303221174,15,1.515071904411999e-07,6.060287617647996e-07
helper_mean,abs_bias,fusionvi,totalvi_pmatch,16,-0.020971177067194632,-0.023963542279124776,-0.01797881185526449,16,2.0587564455779775e-10,1.0293782227889887e-09
helper_mean,abs_bias,fusionvi,totalvi_avail_w128,16,-0.013869486888420351,-0.017239733440957892,-0.010499240335882811,16,2.7221165311634473e-07,8.166349593490341e-07
helper_mean,abs_bias,totalvi_avail_w128,totalvi_w128,16,0.0004597144410263959,-0.0014697731108163467,0.0023892019928691386,6,0.6189557164056324,0.6189557164056324
helper_mean,marker_auroc,fusionvi,totalvi,16,-0.000609003203058664,-0.0008542118002008009,-0.000363794605916527,1,9.012261423440031e-05,0.00036049045693760124
helper_mean,marker_auroc,fusionvi,totalvi_w128,16,-0.0004566109176377328,-0.000724612491880912,-0.0001886093433945537,3,0.002461524890117747,0.007384574670353241
helper_mean,marker_auroc,fusionvi,totalvi_pmatch,16,4.853182230996761e-05,-0.00015699746670289226,0.00025406111132282745,10,0.6220625006147347,0.7710039952388565
helper_mean,marker_auroc,fusionvi,totalvi_avail_w128,16,-0.0005185412518954255,-0.0006832934063360754,-0.00035378909745477556,2,7.002673732221482e-06,3.501336866110741e-05
helper_mean,marker_auroc,totalvi_avail_w128,totalvi_w128,16,6.193033425769268e-05,-8.574140557846796e-05,0.00020960207409385332,8,0.38550199761942827,0.7710039952388565
helper_mean,pearson,fusionvi,totalvi,16,-0.0022854089838149003,-0.003572239754017,-0.0009985782136128006,3,0.0017958705666378447,0.005387611699913534
helper_mean,pearson,fusionvi,totalvi_w128,16,-0.002934538175747247,-0.0044400400383894706,-0.0014290363131050237,2,0.000847126558841254,0.003388506235365016
helper_mean,pearson,fusionvi,totalvi_pmatch,16,0.000708139467157174,-0.0009657436916773547,0.002382022625991703,8,0.38145985939300714,0.7629197187860143
helper_mean,pearson,fusionvi,totalvi_avail_w128,16,-0.0024242884096517432,-0.0036154916073319106,-0.001233085211971576,2,0.0005855342436501806,0.002927671218250903
helper_mean,pearson,totalvi_avail_w128,totalvi_w128,16,-0.0005102497660955038,-0.0017906478511002192,0.0007701483189092116,7,0.40901057671204755,0.7629197187860143
helper_mean,residual_sd,fusionvi,totalvi,16,0.001212846871302596,0.0006324116832287052,0.001793282059376487,2,0.0004642063202467244,0.0018568252809868977
helper_mean,residual_sd,fusionvi,totalvi_w128,16,0.0010373546259854205,0.00025195387914265913,0.0018227553728281819,2,0.013052751253367939,0.03915825376010382
helper_mean,residual_sd,fusionvi,totalvi_pmatch,16,-0.0025208699069489138,-0.0033506213083260004,-0.0016911185055718272,15,1.0465869192421507e-05,5.2329345962107534e-05
helper_mean,residual_sd,fusionvi,totalvi_avail_w128,16,0.0006675721998042478,-0.00012256782093790486,0.0014577122205464005,4,0.09186832718963613,0.18373665437927225
helper_mean,residual_sd,totalvi_avail_w128,totalvi_w128,16,0.00036978242618117274,-0.0002858771903865424,0.0010254420427488879,7,0.24795688889786838,0.24795688889786838
helper_mean,rmsle,fusionvi,totalvi,16,-0.006208115704622583,-0.00861712035813384,-0.0037991110511113257,14,6.18783261818281e-05,0.0001237566523636562
helper_mean,rmsle,fusionvi,totalvi_w128,16,-0.01058336510408181,-0.013482633962867214,-0.007684096245296407,15,1.2108197163340675e-06,4.84327886533627e-06
helper_mean,rmsle,fusionvi,totalvi_pmatch,16,-0.018910179906587138,-0.021615467914949612,-0.016204891898224664,16,2.1354608385999946e-10,1.0677304192999974e-09
helper_mean,rmsle,fusionvi,totalvi_avail_w128,16,-0.01115122518435209,-0.014209584956619689,-0.008092865412084491,15,1.2279762078518078e-06,4.84327886533627e-06
helper_mean,rmsle,totalvi_avail_w128,totalvi_w128,16,0.0005678600802702799,-0.0012924084757671938,0.0024281286363077538,7,0.5251206292929703,0.5251206292929703
helper_mean,spearman,fusionvi,totalvi,16,-0.0005811913553721709,-0.0012597586646488535,9.737595390451161e-05,5,0.08788683483932819,0.17577366967865637
helper_mean,spearman,fusionvi,totalvi_w128,16,-0.0037910622634457804,-0.004663396839863219,-0.0029187276870283416,0,1.354845198438678e-07,5.620526415596179e-07
helper_mean,spearman,fusionvi,totalvi_pmatch,16,-0.0030938980267428556,-0.004209236017490164,-0.0019785600359955476,1,2.8504511727359712e-05,8.551353518207913e-05
helper_mean,spearman,fusionvi,totalvi_avail_w128,16,-0.003930778666438817,-0.004822288939936369,-0.0030392683929412645,0,1.1241052831192357e-07,5.620526415596179e-07
helper_mean,spearman,totalvi_avail_w128,totalvi_w128,16,0.0001397164029930363,-0.0009029365853407657,0.0011823693913268383,7,0.7790785038082412,0.7790785038082412
helper_mean,within_celltype_spearman,fusionvi,totalvi,16,-0.004225404483990475,-0.005862280260465733,-0.0025885287075152166,1,6.08152223367078e-05,0.0001783844275881252
helper_mean,within_celltype_spearman,fusionvi,totalvi_w128,16,-0.004750396429177127,-0.006089745268068549,-0.003411047590285704,0,1.7165426066647794e-06,8.582713033323896e-06
helper_mean,within_celltype_spearman,fusionvi,totalvi_pmatch,16,0.004565115326343764,0.003108581077345343,0.006021649575342186,15,7.347192482833821e-06,2.9388769931335284e-05
helper_mean,within_celltype_spearman,fusionvi,totalvi_avail_w128,16,-0.003409888668114258,-0.004727963163776851,-0.0020918141724516645,2,5.9461475862708395e-05,0.0001783844275881252
helper_mean,within_celltype_spearman,totalvi_avail_w128,totalvi_w128,16,-0.0013405077610628684,-0.003162427081828505,0.00048141155970276824,5,0.13767320492202562,0.13767320492202562
likelihood_mean,abs_bias,fusionvi,totalvi,16,0.0017151574025275791,0.0009311772456032827,0.0024991375594518757,1,0.0003062425256325262,0.0012249701025301048
likelihood_mean,abs_bias,fusionvi,totalvi_w128,16,-0.0006446435825870553,-0.001630562510067076,0.00034127534489296536,10,0.18372964834545452,0.38629725365248213
likelihood_mean,abs_bias,fusionvi,totalvi_pmatch,16,-0.002626685627814063,-0.003562330704871098,-0.0016910405507570279,16,2.505252177287287e-05,0.00012526260886436434
likelihood_mean,abs_bias,fusionvi,totalvi_avail_w128,16,-0.0004901399038029185,-0.0011399996402179104,0.00015971983261207359,10,0.12876575121749403,0.38629725365248213
likelihood_mean,abs_bias,totalvi_avail_w128,totalvi_w128,16,-0.00015450367878413682,-0.0009243992069035747,0.0006153918493353011,7,0.6749163134817011,0.6749163134817011
likelihood_mean,marker_auroc,fusionvi,totalvi,16,-0.0006090044984397233,-0.0008542131160251873,-0.0003637958808542593,1,9.012076077983034e-05,0.00036048304311932136
likelihood_mean,marker_auroc,fusionvi,totalvi_w128,16,-0.0004566070894070906,-0.0007245996704794385,-0.00018861450833474271,3,0.002461063629551837,0.007383190888655512
likelihood_mean,marker_auroc,fusionvi,totalvi_pmatch,16,4.853576911677954e-05,-0.00015699043303923742,0.0002540619712727965,10,0.622029221345976,0.7709366923683159
likelihood_mean,marker_auroc,fusionvi,totalvi_avail_w128,16,-0.000518540292938699,-0.0006832890999258592,-0.0003537914859515388,2,7.001191209668069e-06,3.500595604834034e-05
likelihood_mean,marker_auroc,totalvi_avail_w128,totalvi_w128,16,6.193320353160836e-05,-8.573464736073909e-05,0.0002096010544239558,8,0.38546834618415793,0.7709366923683159
likelihood_mean,pearson,fusionvi,totalvi,16,-0.0024479363892608193,-0.0037381606954180035,-0.0011577120831036353,3,0.0010601608403480935,0.0031804825210442807
likelihood_mean,pearson,fusionvi,totalvi_w128,16,-0.0030237372955415447,-0.00450483937946161,-0.0015426352116214793,2,0.0005697497845379036,0.0022789991381516146
likelihood_mean,pearson,fusionvi,totalvi_pmatch,16,0.0006104979935777598,-0.0010562958263964871,0.002277291813552007,8,0.4471320921606526,0.8504700152642513
likelihood_mean,pearson,fusionvi,totalvi_avail_w128,16,-0.00253822986752264,-0.003721570096540414,-0.0013548896385048657,2,0.00036688236106925806,0.0018344118053462903
likelihood_mean,pearson,totalvi_avail_w128,totalvi_w128,16,-0.00048550742801890465,-0.0017480021356423641,0.0007769872796045548,7,0.42523500763212563,0.8504700152642513
likelihood_mean,residual_sd,fusionvi,totalvi,16,0.001642672312146022,0.00110255581385283,0.002182788810439214,1,1.0341334237098288e-05,5.170667118549144e-05
likelihood_mean,residual_sd,fusionvi,totalvi_w128,16,0.0012864109050435488,0.0005719155368856683,0.002000906273201429,2,0.001614421351809672,0.004843264055429016
likelihood_mean,residual_sd,fusionvi,totalvi_pmatch,16,-0.0022804771818205685,-0.0030608918607910886,-0.0015000625028500484,16,1.61613346390546e-05,6.46453385562184e-05
likelihood_mean,residual_sd,fusionvi,totalvi_avail_w128,16,0.0009687366462711941,0.00027262918025475094,0.0016648441122876373,4,0.009611063777599774,0.019222127555199548
likelihood_mean,residual_sd,totalvi_avail_w128,totalvi_w128,16,0.00031767425877235467,-0.00027448533680687274,0.0009098338543515821,6,0.27077204020364964,0.27077204020364964
likelihood_mean,rmsle,fusionvi,totalvi,16,0.0027497187057993824,0.0020464969738221302,0.0034529404377766347,1,5.182084904032479e-07,2.5910424520162394e-06
likelihood_mean,rmsle,fusionvi,totalvi_w128,16,0.0017525189820916456,0.0008462557078958361,0.002658782256287455,2,0.0009054259368516598,0.0022288717206497026
likelihood_mean,rmsle,fusionvi,totalvi_pmatch,16,-0.0020518917109808923,-0.0030075507111729082,-0.0010962327107888767,14,0.00036359671107830224,0.001454386844313209
likelihood_mean,rmsle,fusionvi,totalvi_avail_w128,16,0.0015294434176880423,0.0007568693559567572,0.002302017479419327,4,0.0007429572402165675,0.0022288717206497026
likelihood_mean,rmsle,totalvi_avail_w128,totalvi_w128,16,0.00022307556440360338,-0.0005177829450196365,0.0009639340738268432,7,0.5306967331288115,0.5306967331288115
likelihood_mean,spearman,fusionvi,totalvi,16,-0.00058117752023535,-0.0012597588614370837,9.740382096638377e-05,5,0.08789963561560257,0.17579927123120515
likelihood_mean,spearman,fusionvi,totalvi_w128,16,-0.0037910497674983196,-0.004663379605001401,-0.002918719929995238,0,1.3548078703005245e-07,5.621183815559679e-07
likelihood_mean,spearman,fusionvi,totalvi_pmatch,16,-0.0030938752187778702,-0.0042092027862509224,-0.0019785476513048184,1,2.850390695987816e-05,8.551172087963447e-05
likelihood_mean,spearman,fusionvi,totalvi_avail_w128,16,-0.003930761472330138,-0.004822275898857571,-0.003039247045802706,0,1.1242367631119358e-07,5.621183815559679e-07
likelihood_mean,spearman,totalvi_avail_w128,totalvi_w128,16,0.0001397117048318186,-0.0009029370881985174,0.0011823604978621546,7,0.7790848568251197,0.7790848568251197
likelihood_mean,within_celltype_spearman,fusionvi,totalvi,16,-0.004225059264348904,-0.005861972836836329,-0.0025881456918614774,1,6.088095942992839e-05,0.00017823342871639187
likelihood_mean,within_celltype_spearman,fusionvi,totalvi_w128,16,-0.004750451363947819,-0.006089624744136206,-0.0034112779837594323,0,1.7135934155073983e-06,8.56796707753699e-06
likelihood_mean,within_celltype_spearman,fusionvi,totalvi_pmatch,16,0.004565013744120395,0.0031084486594171548,0.006021578828823636,15,7.350843641108276e-06,2.9403374564433102e-05
likelihood_mean,within_celltype_spearman,fusionvi,totalvi_avail_w128,16,-0.0034099721762773667,-0.004727970831807242,-0.0020919735207474916,2,5.9411142905463956e-05,0.00017823342871639187
likelihood_mean,within_celltype_spearman,totalvi_avail_w128,totalvi_w128,16,-0.0013404791876704524,-0.0031624041957319577,0.0004814458203910529,5,0.1376821312737292,0.1376821312737292
likelihood_pred_log,abs_bias,fusionvi,totalvi,16,0.005539378058993139,0.003972569085213221,0.007106187032773057,0,1.7841140010749396e-06,8.920570005374699e-06
likelihood_pred_log,abs_bias,fusionvi,totalvi_w128,16,0.003893869816320757,0.0022000249413248445,0.005587714691316669,2,0.00019240252527842218,0.0007311899984101781
likelihood_pred_log,abs_bias,fusionvi,totalvi_pmatch,16,0.003444071798230728,0.001911085779682743,0.004977057816778713,2,0.0002391741504444776,0.0007311899984101781
likelihood_pred_log,abs_bias,fusionvi,totalvi_avail_w128,16,0.004303851437544519,0.002441654108669758,0.00616604876641928,3,0.00018279749960254453,0.0007311899984101781
likelihood_pred_log,abs_bias,totalvi_avail_w128,totalvi_w128,16,-0.0004099816212237619,-0.0015475147210972386,0.0007275514786497148,9,0.4542920696669819,0.4542920696669819
likelihood_pred_log,marker_auroc,fusionvi,totalvi,16,-0.0007385744930769322,-0.0009951960352888923,-0.0004819529508649721,0,1.9104715196049046e-05,9.552357598024523e-05
likelihood_pred_log,marker_auroc,fusionvi,totalvi_w128,16,-0.0002376452623519057,-0.0005139486825456739,3.865815784186253e-05,5,0.08668795660773539,0.2600638698232062
likelihood_pred_log,marker_auroc,fusionvi,totalvi_pmatch,16,0.00034965369317335043,-8.333570174792813e-05,0.000782643088094629,8,0.10576440384665148,0.2600638698232062
likelihood_pred_log,marker_auroc,fusionvi,totalvi_avail_w128,16,-0.0003854850299735771,-0.000669543525422282,-0.00010142653452487217,3,0.011162933637891968,0.04465173455156787
likelihood_pred_log,marker_auroc,totalvi_avail_w128,totalvi_w128,16,0.0001478397676216714,-9.73308570517215e-05,0.0003930103922950643,13,0.21818534840595913,0.2600638698232062
likelihood_pred_log,pearson,fusionvi,totalvi,16,-0.0057934796060505195,-0.0070191844806353956,-0.004567774731465643,1,4.530888555774191e-08,2.2654442778870957e-07
likelihood_pred_log,pearson,fusionvi,totalvi_w128,16,-0.0035903235954944344,-0.004711600197163995,-0.002469046993824874,1,5.745180412279204e-06,1.7235541236837612e-05
likelihood_pred_log,pearson,fusionvi,totalvi_pmatch,16,0.0031967576242437797,0.0015700123908695303,0.004823502857618029,14,0.0007909671084093411,0.0015819342168186823
likelihood_pred_log,pearson,fusionvi,totalvi_avail_w128,16,-0.0035990451680444277,-0.0046100409070756136,-0.002588049429013242,0,1.6418069489846664e-06,6.5672277959386655e-06
likelihood_pred_log,pearson,totalvi_avail_w128,totalvi_w128,16,8.721572549993256e-06,-0.0011089723486532473,0.0011264154937532338,6,0.9869493313906932,0.9869493313906932
likelihood_pred_log,residual_sd,fusionvi,totalvi,16,0.002743675685479924,0.002289860128275967,0.0031974912426838806,0,1.6226718271538556e-09,8.113359135769278e-09
likelihood_pred_log,residual_sd,fusionvi,totalvi_w128,16,0.0018534460003562098,0.0013281694300573913,0.0023787225706550282,2,1.8268128717670654e-06,7.307251487068262e-06
likelihood_pred_log,residual_sd,fusionvi,totalvi_pmatch,16,-0.0018449533534790896,-0.0024821856514330165,-0.001207721055525163,16,1.7894929632731182e-05,3.5789859265462364e-05
likelihood_pred_log,residual_sd,fusionvi,totalvi_avail_w128,16,0.0015988351057928604,0.0010776506361937928,0.002120019575391928,0,9.380097934443192e-06,2.8140293803329577e-05
likelihood_pred_log,residual_sd,totalvi_avail_w128,totalvi_w128,16,0.00025461089456334934,-0.00025162939024081195,0.0007608511793675106,6,0.3006646293778676,0.3006646293778676
likelihood_pred_log,rmsle,fusionvi,totalvi,16,0.0052536013292072345,0.004443168756626982,0.006064033901787487,0,6.154447205586131e-10,3.0772236027930657e-09
likelihood_pred_log,rmsle,fusionvi,totalvi_w128,16,0.0036962613016446183,0.0028652750766688323,0.004527247526620404,0,1.0030666867846722e-07,4.012266747138689e-07
likelihood_pred_log,rmsle,fusionvi,totalvi_pmatch,16,1.9372096993645893e-05,-0.0009623209469496778,0.0010010651409369695,8,0.9670051190976161,1.0
likelihood_pred_log,rmsle,fusionvi,totalvi_avail_w128,16,0.0036859805692396608,0.0027805637443364026,0.0045913973941429185,0,3.1217418137744735e-07,9.36522544132342e-07
likelihood_pred_log,rmsle,totalvi_avail_w128,totalvi_w128,16,1.0280732404957527e-05,-0.0006930300120190874,0.0007135914768290025,7,0.9755553360644894,1.0
likelihood_pred_log,spearman,fusionvi,totalvi,16,-0.003201989300306001,-0.00393433625743336,-0.0024696423431786424,0,1.2531540103957317e-07,6.265770051978658e-07
likelihood_pred_log,spearman,fusionvi,totalvi_w128,16,-0.0022657259696185067,-0.0029285417665768096,-0.0016029101726602038,1,2.669832668301393e-06,8.00949800490418e-06
likelihood_pred_log,spearman,fusionvi,totalvi_pmatch,16,0.0014594783593128054,0.00041200924141801066,0.0025069474772076,12,0.00954092296611445,0.0190818459322289
likelihood_pred_log,spearman,fusionvi,totalvi_avail_w128,16,-0.0026730288576291977,-0.003295351409830137,-0.0020507063054282584,0,1.5755223985562848e-07,6.302089594225139e-07
likelihood_pred_log,spearman,totalvi_avail_w128,totalvi_w128,16,0.00040730288801069103,-0.00034341159126227,0.0011580173672836522,8,0.2655934970650357,0.2655934970650357
likelihood_pred_log,within_celltype_spearman,fusionvi,totalvi,16,-0.006192361163903664,-0.007402131082988286,-0.0049825912448190415,0,1.5701112304110565e-08,6.280444921644226e-08
likelihood_pred_log,within_celltype_spearman,fusionvi,totalvi_w128,16,-0.0017524602891883009,-0.00255261677654869,-0.0009523038018279115,3,0.0003031743480312778,0.0009095230440938334
likelihood_pred_log,within_celltype_spearman,fusionvi,totalvi_pmatch,16,0.01206510813581374,0.010793682481817165,0.013336533789810315,16,2.6804814227019544e-12,1.3402407113509773e-11
likelihood_pred_log,within_celltype_spearman,fusionvi,totalvi_avail_w128,16,-0.0008419219112358635,-0.0016572660806196203,-2.6577741852106722e-05,6,0.04381787080023979,0.08763574160047959
likelihood_pred_log,within_celltype_spearman,totalvi_avail_w128,totalvi_w128,16,-0.0009105383779524374,-0.002077815555402701,0.0002567387994978263,6,0.11713238121264995,0.11713238121264995
