readout,metric,reference,n_seeds,fusionvi_minus_ref,ci95_low,ci95_high,seeds_fusionvi_better,p_t,p_holm_within_readout_metric
calibrated,abs_bias,totalvi,16,0.0034877199038955142,-0.014195715795274042,0.02117115560306507,7,0.6801626088042293,1.0
calibrated,abs_bias,totalvi_w128,16,0.0013740617111367304,-0.016671549207141277,0.01941967262941474,7,0.8732382996146074,1.0
calibrated,abs_bias,totalvi_pmatch,16,0.004997462682959055,-0.011681148855003598,0.021676074220921708,6,0.5326799346150243,1.0
calibrated,abs_bias,totalvi_avail_w128,16,-0.03241797657343176,-0.05165880750006223,-0.013177145646801294,13,0.002673587410128607,0.010694349640514429
calibrated,marker_auroc,totalvi,16,-0.000609003203058664,-0.0008542118002008009,-0.000363794605916527,1,9.012261423440031e-05,0.00027036784270320093
calibrated,marker_auroc,totalvi_w128,16,-0.0004566109176377328,-0.000724612491880912,-0.0001886093433945537,3,0.002461524890117747,0.004923049780235494
calibrated,marker_auroc,totalvi_pmatch,16,4.853182230996761e-05,-0.00015699746670289226,0.00025406111132282745,10,0.6220625006147347,0.6220625006147347
calibrated,marker_auroc,totalvi_avail_w128,16,-0.0005185412518954255,-0.0006832934063360754,-0.00035378909745477556,2,7.002673732221482e-06,2.8010694928885928e-05
calibrated,pearson,totalvi,16,-0.0022751214720325257,-0.003559470944526107,-0.0009907719995389446,3,0.0018320774267029806,0.003664154853405961
calibrated,pearson,totalvi_w128,16,-0.0029234673283104473,-0.004426545368724111,-0.0014203892878967839,2,0.0008626954570214368,0.00258808637106431
calibrated,pearson,totalvi_pmatch,16,0.0007197867944760961,-0.000957664779482902,0.0023972383684350944,8,0.3748725515430861,0.3748725515430861
calibrated,pearson,totalvi_avail_w128,16,-0.0024272166672469966,-0.003616380135005536,-0.0012380531994884572,2,0.0005708056443302075,0.00228322257732083
calibrated,residual_sd,totalvi,16,0.006482363953034254,0.0039834119293737005,0.008981315976694807,2,5.782202149542557e-05,0.00011564404299085115
calibrated,residual_sd,totalvi_w128,16,0.007148669975096979,0.0046282156373882895,0.009669124312805668,1,2.2416385324033603e-05,6.724915597210081e-05
calibrated,residual_sd,totalvi_pmatch,16,0.004017769458667435,0.0013523792957622102,0.006683159621572659,4,0.0058081983452263905,0.0058081983452263905
calibrated,residual_sd,totalvi_avail_w128,16,0.006795665832362095,0.004474987945207336,0.009116343719516855,1,1.5788332611608993e-05,6.315333044643597e-05
calibrated,rmsle,totalvi,16,0.00850500538173165,-0.00026416542865435703,0.017274176192117657,6,0.05641959267719238,0.2183004063129239
calibrated,rmsle,totalvi_w128,16,0.008455824909107075,-0.000188496240105274,0.017100146058319422,7,0.05457510157823098,0.2183004063129239
calibrated,rmsle,totalvi_pmatch,16,0.007642570343250568,-0.00036171726937269874,0.015646857955873835,7,0.05990631871060373,0.2183004063129239
calibrated,rmsle,totalvi_avail_w128,16,-0.007941271872973,-0.017188297805515812,0.0013057540595698119,12,0.08711903981591303,0.2183004063129239
calibrated,spearman,totalvi,16,-0.0005628473975782984,-0.0012414273291962677,0.00011573253403967089,5,0.09740166013395316,0.09740166013395316
calibrated,spearman,totalvi_w128,16,-0.003773849316233365,-0.004642265365252142,-0.002905433267214588,0,1.355695041283769e-07,4.4592171154420413e-07
calibrated,spearman,totalvi_pmatch,16,-0.0030755477154498917,-0.004202233818283921,-0.0019488616126158624,1,3.385464664142151e-05,6.770929328284302e-05
calibrated,spearman,totalvi_avail_w128,16,-0.003932017895017497,-0.004823237224668277,-0.003040798565366717,0,1.1148042788605103e-07,4.4592171154420413e-07
calibrated,within_celltype_spearman,totalvi,16,-0.004149067251227847,-0.005857858979199548,-0.0024402755232561454,2,0.00011296925684627383,0.00011296925684627383
calibrated,within_celltype_spearman,totalvi_w128,16,-0.004711460195098844,-0.006046556345717342,-0.0033763640444803462,0,1.8242287577791634e-06,7.296915031116654e-06
calibrated,within_celltype_spearman,totalvi_pmatch,16,0.004641468864932642,0.0031748238942117374,0.0061081138356535464,15,6.576049989234335e-06,1.9728149967703005e-05
calibrated,within_celltype_spearman,totalvi_avail_w128,16,-0.0033643960693180725,-0.004652640352858095,-0.0020761517857780503,2,5.3913689228487654e-05,0.00010782737845697531
log_mean,abs_bias,totalvi,16,-0.008366237662432989,-0.011098773716709615,-0.0056337016081563634,14,9.589727240674938e-06,9.589727240674938e-06
log_mean,abs_bias,totalvi_w128,16,-0.013409772447393956,-0.01652229186257617,-0.01029725303221174,15,1.515071904411999e-07,4.5452157132359973e-07
log_mean,abs_bias,totalvi_pmatch,16,-0.020971177067194632,-0.023963542279124776,-0.01797881185526449,16,2.0587564455779775e-10,8.23502578231191e-10
log_mean,abs_bias,totalvi_avail_w128,16,-0.013869486888420351,-0.017239733440957892,-0.010499240335882811,16,2.7221165311634473e-07,5.444233062326895e-07
log_mean,marker_auroc,totalvi,16,-0.000609003203058664,-0.0008542118002008009,-0.000363794605916527,1,9.012261423440031e-05,0.00027036784270320093
log_mean,marker_auroc,totalvi_w128,16,-0.0004566109176377328,-0.000724612491880912,-0.0001886093433945537,3,0.002461524890117747,0.004923049780235494
log_mean,marker_auroc,totalvi_pmatch,16,4.853182230996761e-05,-0.00015699746670289226,0.00025406111132282745,10,0.6220625006147347,0.6220625006147347
log_mean,marker_auroc,totalvi_avail_w128,16,-0.0005185412518954255,-0.0006832934063360754,-0.00035378909745477556,2,7.002673732221482e-06,2.8010694928885928e-05
log_mean,pearson,totalvi,16,-0.0022854089838149037,-0.0035722397540170077,-0.0009985782136127997,3,0.0017958705666378683,0.0035917411332757367
log_mean,pearson,totalvi_w128,16,-0.0029345381757472505,-0.004440040038389484,-0.0014290363131050166,2,0.0008471265588412976,0.0025413796765238928
log_mean,pearson,totalvi_pmatch,16,0.000708139467157181,-0.0009657436916773253,0.0023820226259916874,8,0.3814598593929964,0.3814598593929964
log_mean,pearson,totalvi_avail_w128,16,-0.0024242884096517293,-0.0036154916073319015,-0.0012330852119715571,2,0.0005855342436502309,0.0023421369746009237
log_mean,residual_sd,totalvi,16,0.001212846871302596,0.0006324116832287052,0.001793282059376487,2,0.0004642063202467244,0.0013926189607401732
log_mean,residual_sd,totalvi_w128,16,0.0010373546259854205,0.00025195387914265913,0.0018227553728281819,2,0.013052751253367939,0.026105502506735878
log_mean,residual_sd,totalvi_pmatch,16,-0.0025208699069489138,-0.0033506213083260004,-0.0016911185055718272,15,1.0465869192421507e-05,4.186347676968603e-05
log_mean,residual_sd,totalvi_avail_w128,16,0.0006675721998042478,-0.00012256782093790486,0.0014577122205464005,4,0.09186832718963613,0.09186832718963613
log_mean,rmsle,totalvi,16,-0.006208115704622583,-0.00861712035813384,-0.0037991110511113257,14,6.18783261818281e-05,6.18783261818281e-05
log_mean,rmsle,totalvi_w128,16,-0.01058336510408181,-0.013482633962867214,-0.007684096245296407,15,1.2108197163340675e-06,3.6324591490022026e-06
log_mean,rmsle,totalvi_pmatch,16,-0.018910179906587138,-0.021615467914949612,-0.016204891898224664,16,2.1354608385999946e-10,8.541843354399979e-10
log_mean,rmsle,totalvi_avail_w128,16,-0.01115122518435209,-0.014209584956619689,-0.008092865412084491,15,1.2279762078518078e-06,3.6324591490022026e-06
log_mean,spearman,totalvi,16,-0.0005811913553721709,-0.0012597586646488535,9.737595390451161e-05,5,0.08788683483932819,0.08788683483932819
log_mean,spearman,totalvi_w128,16,-0.0037910622634457804,-0.004663396839863219,-0.0029187276870283416,0,1.354845198438678e-07,4.496421132476943e-07
log_mean,spearman,totalvi_pmatch,16,-0.0030938980267428556,-0.004209236017490164,-0.0019785600359955476,1,2.8504511727359712e-05,5.7009023454719425e-05
log_mean,spearman,totalvi_avail_w128,16,-0.003930778666438817,-0.004822288939936369,-0.0030392683929412645,0,1.1241052831192357e-07,4.496421132476943e-07
log_mean,within_celltype_spearman,totalvi,16,-0.004225404483990454,-0.0058622802604657125,-0.0025885287075151954,1,6.081522233671098e-05,0.00011892295172542019
log_mean,within_celltype_spearman,totalvi_w128,16,-0.00475039642917712,-0.006089745268068539,-0.0034110475902857,0,1.7165426066647698e-06,6.866170426659079e-06
log_mean,within_celltype_spearman,totalvi_pmatch,16,0.004565115326343766,0.0031085810773453407,0.006021649575342191,15,7.3471924828340236e-06,2.204157744850207e-05
log_mean,within_celltype_spearman,totalvi_avail_w128,16,-0.003409888668114253,-0.004727963163776848,-0.002091814172451658,2,5.9461475862710095e-05,0.00011892295172542019
pred_log,abs_bias,totalvi,16,-0.008129440543313562,-0.010098168972158914,-0.006160712114468211,16,2.6071082624702375e-07,1.042843304988095e-06
pred_log,abs_bias,totalvi_w128,16,-0.006700919564175331,-0.008996535508538735,-0.004405303619811927,15,1.635376062897966e-05,4.906128188693898e-05
pred_log,abs_bias,totalvi_pmatch,16,-0.005801960262943481,-0.00794951751661949,-0.0036544030092674723,14,3.778425333943323e-05,6.854909683680218e-05
pred_log,abs_bias,totalvi_avail_w128,16,-0.007178125568870042,-0.009810781781957913,-0.004545469355782171,14,3.427454841840109e-05,6.854909683680218e-05
pred_log,marker_auroc,totalvi,16,-0.000821968712477486,-0.0011223762855923553,-0.0005215611393626167,0,3.3013498328996724e-05,0.0001320539933159869
pred_log,marker_auroc,totalvi_w128,16,-0.0002849825109652801,-0.0005395463809562748,-3.0418640974285414e-05,5,0.03064312037943792,0.06128624075887584
pred_log,marker_auroc,totalvi_pmatch,16,0.0003209946738347638,-5.3879669753462926e-05,0.0006958690174229906,10,0.08796245648575866,0.08796245648575866
pred_log,marker_auroc,totalvi_avail_w128,16,-0.0004309365485797717,-0.0007272127753789488,-0.00013466032178059462,3,0.007314042539340862,0.021942127618022583
pred_log,pearson,totalvi,16,-0.005294265271330034,-0.006558955058051362,-0.004029575484608706,1,2.189959824742067e-07,8.759839298968268e-07
pred_log,pearson,totalvi_w128,16,-0.0032018941653852682,-0.00438050216495213,-0.0020232861658184068,2,3.5626232296296044e-05,7.125246459259209e-05
pred_log,pearson,totalvi_pmatch,16,0.0034094780789417634,0.001761153594578976,0.005057802563304551,14,0.0005078814324067553,0.0005078814324067553
pred_log,pearson,totalvi_avail_w128,16,-0.0032286491077740016,-0.004248534057142608,-0.0022087641584053954,0,6.551864504669683e-06,1.965559351400905e-05
pred_log,residual_sd,totalvi,16,0.0024506937860371072,0.0019744442538072275,0.002926943318266987,0,1.4623008911826056e-08,5.8492035647304226e-08
pred_log,residual_sd,totalvi_w128,16,0.0016711666246068263,0.001134883293820198,0.0022074499553934547,2,7.847857092097065e-06,2.3543571276291194e-05
pred_log,residual_sd,totalvi_pmatch,16,-0.001983283523157707,-0.0026360800998615373,-0.0013304869464538765,15,1.0464647818893147e-05,2.3543571276291194e-05
pred_log,residual_sd,totalvi_avail_w128,16,0.0013796262231582507,0.0008186952732481711,0.0019405571730683304,1,9.937718038970218e-05,9.937718038970218e-05
pred_log,rmsle,totalvi,16,-0.0047462830782827176,-0.006302777869502906,-0.003189788287062529,14,1.0038822461611733e-05,3.0116467384835198e-05
pred_log,rmsle,totalvi_w128,16,-0.004205761464239788,-0.006080818485848202,-0.0023307044426313737,15,0.0002428424284996047,0.0004856848569992094
pred_log,rmsle,totalvi_pmatch,16,-0.005925285747632056,-0.007579556635059322,-0.004271014860204789,16,1.5244069903578527e-06,6.097627961431411e-06
pred_log,rmsle,totalvi_avail_w128,16,-0.004728878950460869,-0.006839951928796697,-0.00261780597212504,13,0.0002458787510256428,0.0004856848569992094
pred_log,spearman,totalvi,16,-0.0030243092463816713,-0.0037487814875026997,-0.002299837005260643,0,2.269660172824498e-07,9.078640691297992e-07
pred_log,spearman,totalvi_w128,16,-0.0020849501486523113,-0.0027840794570149346,-0.001385820840289688,1,1.2890441685170316e-05,2.5780883370340632e-05
pred_log,spearman,totalvi_pmatch,16,0.0016449465289185283,0.0005581406704880474,0.0027317523873490093,13,0.005653710151204042,0.005653710151204042
pred_log,spearman,totalvi_avail_w128,16,-0.0025581668208342137,-0.0032789078058500488,-0.0018374258358183787,1,1.7016614839014121e-06,5.104984451704237e-06
pred_log,within_celltype_spearman,totalvi,16,-0.006004844250525162,-0.0071479840523994646,-0.004861704448650859,0,1.1081009846116907e-08,3.3243029538350723e-08
pred_log,within_celltype_spearman,totalvi_w128,16,-0.0017121646567015807,-0.0025050820403320004,-0.000919247273071161,2,0.0003452748169867382,0.0006905496339734764
pred_log,within_celltype_spearman,totalvi_pmatch,16,0.01232701720332638,0.011064509507404143,0.013589524899248615,16,1.7720449216218154e-12,7.0881796864872615e-12
pred_log,within_celltype_spearman,totalvi_avail_w128,16,-0.0007351177394907225,-0.0016963642589357183,0.00022612877995427318,5,0.12390819157438596,0.12390819157438596
