arm,seed,readout,cell_type,n_cells,n_valid_proteins,mean_spearman,median_spearman,model
rna_ridge,,ridge,Activated CD4 T,30,97,0.03499993267763441,0.045836433619914636,rna_ridge
rna_ridge,,ridge,B doublets,81,97,0.1107395592727299,0.09574104080406093,rna_ridge
rna_ridge,,ridge,B-CD4 T cell doublets,59,97,0.09185106629539729,0.08926608664523036,rna_ridge
rna_ridge,,ridge,B-CD8 T cell doublets,46,97,0.0361716073788282,0.03508796822656016,rna_ridge
rna_ridge,,ridge,B-macrophage doublets,73,97,0.19698556068658718,0.16218592227598255,rna_ridge
rna_ridge,,ridge,B1 B,133,97,0.052066936677681294,0.028394763464502034,rna_ridge
rna_ridge,,ridge,CD122+ CD8 T,271,97,0.05711813953129208,0.02580511378617443,rna_ridge
rna_ridge,,ridge,CD4 T,1061,97,0.03011327917920074,0.019809697734052036,rna_ridge
rna_ridge,,ridge,CD8 T,629,97,0.034191354639894,0.021576618874765908,rna_ridge
rna_ridge,,ridge,Cycling B/T cells,71,97,0.2188022215439625,0.14115980256743818,rna_ridge
rna_ridge,,ridge,GD T,64,97,0.1295701158608599,0.09967271081821533,rna_ridge
rna_ridge,,ridge,ICOS-high Tregs,88,97,0.060946989703395134,0.049465115206549025,rna_ridge
rna_ridge,,ridge,Ifit3-high B,240,97,0.03244540705965069,0.023835629669920883,rna_ridge
rna_ridge,,ridge,Ifit3-high CD4 T,141,97,0.019439228541389533,0.00843044661600255,rna_ridge
rna_ridge,,ridge,Ifit3-high CD8 T,89,97,0.045308589993448556,0.06448460053991167,rna_ridge
rna_ridge,,ridge,Low quality B cells,84,97,0.05102579647709817,0.04252407417142982,rna_ridge
rna_ridge,,ridge,Low quality T cells,34,97,0.03083472881165353,0.02436762717156741,rna_ridge
rna_ridge,,ridge,Ly6-high mono,65,97,0.14589680050679832,0.12108845212466272,rna_ridge
rna_ridge,,ridge,MZ B,216,97,0.1010071206463001,0.04660768868191932,rna_ridge
rna_ridge,,ridge,MZ/Marco-high macrophages,42,97,0.08767548857524551,0.06489815564741451,rna_ridge
rna_ridge,,ridge,Mature B,2300,97,0.07246648506439447,0.03665262539126805,rna_ridge
rna_ridge,,ridge,Migratory DCs,50,97,0.07677964966619977,0.03873214147329001,rna_ridge
rna_ridge,,ridge,NK,77,97,0.0975370652262446,0.09351178953115531,rna_ridge
rna_ridge,,ridge,NKT,104,97,0.13845747138524098,0.11842667773947467,rna_ridge
rna_ridge,,ridge,Neutrophils,87,97,0.07999220565506546,0.07133582158691597,rna_ridge
rna_ridge,,ridge,Red-pulp macrophages,34,97,0.0417273798595017,0.05202574544471139,rna_ridge
rna_ridge,,ridge,T doublets,47,97,0.11113967476962534,0.08250776319720313,rna_ridge
rna_ridge,,ridge,Transitional B,547,97,0.05189849175404705,0.023703265345583018,rna_ridge
rna_ridge,,ridge,Tregs,125,97,0.06459762728615918,0.05321709984686729,rna_ridge
rna_ridge,,ridge,cDC1s,47,97,0.09342063292193056,0.052853125206653646,rna_ridge
rna_ridge,,ridge,cDC2s,70,97,0.1706882255198297,0.1766570458707522,rna_ridge
rna_panel_ridge,,ridge,Activated CD4 T,30,97,0.10985004269082389,0.10870344552687917,rna_panel_ridge
rna_panel_ridge,,ridge,B doublets,81,97,0.2816244689094523,0.28289208070484523,rna_panel_ridge
rna_panel_ridge,,ridge,B-CD4 T cell doublets,59,97,0.185204114183199,0.15293924766074188,rna_panel_ridge
rna_panel_ridge,,ridge,B-CD8 T cell doublets,46,97,0.18123819811645955,0.17692699775097415,rna_panel_ridge
rna_panel_ridge,,ridge,B-macrophage doublets,73,97,0.2718202077636845,0.2091578973848505,rna_panel_ridge
rna_panel_ridge,,ridge,B1 B,133,97,0.16024541475145,0.1137827627924839,rna_panel_ridge
rna_panel_ridge,,ridge,CD122+ CD8 T,271,97,0.12595183744731178,0.09930474269569206,rna_panel_ridge
rna_panel_ridge,,ridge,CD4 T,1061,97,0.11875000888723776,0.09808083395812134,rna_panel_ridge
rna_panel_ridge,,ridge,CD8 T,629,97,0.12701408515627263,0.10077309691932483,rna_panel_ridge
rna_panel_ridge,,ridge,Cycling B/T cells,71,97,0.26681796766570265,0.1857616507989451,rna_panel_ridge
rna_panel_ridge,,ridge,GD T,64,97,0.1984562286420023,0.2061291267644697,rna_panel_ridge
rna_panel_ridge,,ridge,ICOS-high Tregs,88,97,0.19261579068637683,0.17032268657528518,rna_panel_ridge
rna_panel_ridge,,ridge,Ifit3-high B,240,97,0.13203246389631618,0.11829362523969984,rna_panel_ridge
rna_panel_ridge,,ridge,Ifit3-high CD4 T,141,97,0.11286455420774158,0.11218662501252609,rna_panel_ridge
rna_panel_ridge,,ridge,Ifit3-high CD8 T,89,97,0.16081446500879332,0.1456805069219909,rna_panel_ridge
rna_panel_ridge,,ridge,Low quality B cells,84,97,0.13354780709950398,0.10612260651275854,rna_panel_ridge
rna_panel_ridge,,ridge,Low quality T cells,34,97,0.1515744850926064,0.14597861262779432,rna_panel_ridge
rna_panel_ridge,,ridge,Ly6-high mono,65,97,0.27154107319149545,0.23310224115865336,rna_panel_ridge
rna_panel_ridge,,ridge,MZ B,216,97,0.180294836856565,0.1220599458901784,rna_panel_ridge
rna_panel_ridge,,ridge,MZ/Marco-high macrophages,42,97,0.32600236556527024,0.32422629683967435,rna_panel_ridge
rna_panel_ridge,,ridge,Mature B,2300,97,0.1500219153621479,0.09648616312961825,rna_panel_ridge
rna_panel_ridge,,ridge,Migratory DCs,50,97,0.34494472994805414,0.344672735395262,rna_panel_ridge
rna_panel_ridge,,ridge,NK,77,97,0.22534408894490823,0.20717301930216833,rna_panel_ridge
rna_panel_ridge,,ridge,NKT,104,97,0.19253020089635453,0.1544632985110931,rna_panel_ridge
rna_panel_ridge,,ridge,Neutrophils,87,97,0.2473370742311194,0.21373509962062098,rna_panel_ridge
rna_panel_ridge,,ridge,Red-pulp macrophages,34,97,0.26111073613323443,0.21740312920547852,rna_panel_ridge
rna_panel_ridge,,ridge,T doublets,47,97,0.3199442478821739,0.3037979934983673,rna_panel_ridge
rna_panel_ridge,,ridge,Transitional B,547,97,0.12577065543420796,0.09980989954074648,rna_panel_ridge
rna_panel_ridge,,ridge,Tregs,125,97,0.1722135456349074,0.1577587903269879,rna_panel_ridge
rna_panel_ridge,,ridge,cDC1s,47,97,0.3183692795424842,0.2918043496254392,rna_panel_ridge
rna_panel_ridge,,ridge,cDC2s,70,97,0.26697639530897227,0.20853048106515987,rna_panel_ridge
fusionvi,2026.0,log_mean,Activated CD4 T,30,97,0.08726947214072073,0.09821888724078238,FusionVI
fusionvi,2026.0,log_mean,B doublets,81,97,0.22500813133323383,0.23247547773285376,FusionVI
fusionvi,2026.0,log_mean,B-CD4 T cell doublets,59,97,0.12055163569926097,0.09312192311788861,FusionVI
fusionvi,2026.0,log_mean,B-CD8 T cell doublets,46,97,0.1109252677489291,0.10305089819465797,FusionVI
fusionvi,2026.0,log_mean,B-macrophage doublets,73,97,0.2208660164021632,0.12288717851830427,FusionVI
fusionvi,2026.0,log_mean,B1 B,133,97,0.12163928430844662,0.04659240377745893,FusionVI
fusionvi,2026.0,log_mean,CD122+ CD8 T,271,97,0.09215723568189525,0.05070545504135897,FusionVI
fusionvi,2026.0,log_mean,CD4 T,1061,97,0.06672133843274095,0.02914280714463938,FusionVI
fusionvi,2026.0,log_mean,CD8 T,629,97,0.07506443878598504,0.03796458442145813,FusionVI
fusionvi,2026.0,log_mean,Cycling B/T cells,71,97,0.22153666392217045,0.13609004482623413,FusionVI
fusionvi,2026.0,log_mean,GD T,64,97,0.15026045178054812,0.13931643600953192,FusionVI
fusionvi,2026.0,log_mean,ICOS-high Tregs,88,97,0.1503186060332596,0.1130970581175574,FusionVI
fusionvi,2026.0,log_mean,Ifit3-high B,240,97,0.06200087758207986,0.03605611711672114,FusionVI
fusionvi,2026.0,log_mean,Ifit3-high CD4 T,141,97,0.06584734959562134,0.04793106631324324,FusionVI
fusionvi,2026.0,log_mean,Ifit3-high CD8 T,89,97,0.10810309784404268,0.09937331059514405,FusionVI
fusionvi,2026.0,log_mean,Low quality B cells,84,97,0.06935061542279887,0.023099095798496817,FusionVI
fusionvi,2026.0,log_mean,Low quality T cells,34,97,0.12379772417537092,0.089433435145998,FusionVI
fusionvi,2026.0,log_mean,Ly6-high mono,65,97,0.18261006751237427,0.12331124531799532,FusionVI
fusionvi,2026.0,log_mean,MZ B,216,97,0.14762465673131045,0.07271837328741604,FusionVI
fusionvi,2026.0,log_mean,MZ/Marco-high macrophages,42,97,0.2534205036943374,0.1898977482179612,FusionVI
fusionvi,2026.0,log_mean,Mature B,2300,97,0.10397221105382587,0.041583580152725876,FusionVI
fusionvi,2026.0,log_mean,Migratory DCs,50,97,0.21007189504731816,0.15633980870916106,FusionVI
fusionvi,2026.0,log_mean,NK,77,97,0.14816133296339926,0.12438644659440082,FusionVI
fusionvi,2026.0,log_mean,NKT,104,97,0.18469477178167953,0.1260965239556674,FusionVI
fusionvi,2026.0,log_mean,Neutrophils,87,97,0.1704392753726697,0.14077004431114595,FusionVI
fusionvi,2026.0,log_mean,Red-pulp macrophages,34,97,0.23098151176357662,0.20876355398416255,FusionVI
fusionvi,2026.0,log_mean,T doublets,47,97,0.2844443220929283,0.2595136804250139,FusionVI
fusionvi,2026.0,log_mean,Transitional B,547,97,0.09232880463409912,0.0447182408694574,FusionVI
fusionvi,2026.0,log_mean,Tregs,125,97,0.08585718972705314,0.06492464640272541,FusionVI
fusionvi,2026.0,log_mean,cDC1s,47,97,0.20612969698052414,0.15636763171895943,FusionVI
fusionvi,2026.0,log_mean,cDC2s,70,97,0.19135109176450957,0.13521032523484708,FusionVI
fusionvi,2026.0,pred_log,Activated CD4 T,30,97,0.07021091255174645,0.06416802383472298,FusionVI
fusionvi,2026.0,pred_log,B doublets,81,97,0.21513579896309948,0.2084319638700103,FusionVI
fusionvi,2026.0,pred_log,B-CD4 T cell doublets,59,97,0.10542606787080465,0.11110649577989831,FusionVI
fusionvi,2026.0,pred_log,B-CD8 T cell doublets,46,97,0.08864669461714662,0.0817627742919108,FusionVI
fusionvi,2026.0,pred_log,B-macrophage doublets,73,97,0.20057846056530254,0.1267598336512869,FusionVI
fusionvi,2026.0,pred_log,B1 B,133,97,0.09374409113824324,0.039350577359755515,FusionVI
fusionvi,2026.0,pred_log,CD122+ CD8 T,271,97,0.06714096350306514,0.03649862381217265,FusionVI
fusionvi,2026.0,pred_log,CD4 T,1061,97,0.05375652873384464,0.02254356375456406,FusionVI
fusionvi,2026.0,pred_log,CD8 T,629,97,0.054877794174701205,0.021856978473850975,FusionVI
fusionvi,2026.0,pred_log,Cycling B/T cells,71,97,0.20263122787325766,0.09898451283409306,FusionVI
fusionvi,2026.0,pred_log,GD T,64,97,0.11769564157876822,0.09921639624358944,FusionVI
fusionvi,2026.0,pred_log,ICOS-high Tregs,88,97,0.11146046055855609,0.06129915431228118,FusionVI
fusionvi,2026.0,pred_log,Ifit3-high B,240,97,0.04911987764785225,0.030957523295358776,FusionVI
fusionvi,2026.0,pred_log,Ifit3-high CD4 T,141,97,0.057711928635084384,0.0474468354921872,FusionVI
fusionvi,2026.0,pred_log,Ifit3-high CD8 T,89,97,0.05831751640939145,0.03489282053274115,FusionVI
fusionvi,2026.0,pred_log,Low quality B cells,84,97,0.05144262858433008,0.030635024924853836,FusionVI
fusionvi,2026.0,pred_log,Low quality T cells,34,97,0.0652199494339891,0.05715707731398036,FusionVI
fusionvi,2026.0,pred_log,Ly6-high mono,65,97,0.17126270504697,0.10446828615326798,FusionVI
fusionvi,2026.0,pred_log,MZ B,216,97,0.12016754407388568,0.04473234475850483,FusionVI
fusionvi,2026.0,pred_log,MZ/Marco-high macrophages,42,97,0.22604002679933785,0.15623753757784106,FusionVI
fusionvi,2026.0,pred_log,Mature B,2300,97,0.07903380265449783,0.017155984267971318,FusionVI
fusionvi,2026.0,pred_log,Migratory DCs,50,97,0.19455212984327386,0.14553764656597665,FusionVI
fusionvi,2026.0,pred_log,NK,77,97,0.12994482692176568,0.09544625381358188,FusionVI
fusionvi,2026.0,pred_log,NKT,104,97,0.15852823899506518,0.09491279595296584,FusionVI
fusionvi,2026.0,pred_log,Neutrophils,87,97,0.16018817713812358,0.16269486048260176,FusionVI
fusionvi,2026.0,pred_log,Red-pulp macrophages,34,97,0.18943375497017687,0.14938379956095818,FusionVI
fusionvi,2026.0,pred_log,T doublets,47,97,0.2712584494940519,0.24169563022469634,FusionVI
fusionvi,2026.0,pred_log,Transitional B,547,97,0.06575446564906748,0.02055092883841218,FusionVI
fusionvi,2026.0,pred_log,Tregs,125,97,0.06940273774753405,0.03554350455853216,FusionVI
fusionvi,2026.0,pred_log,cDC1s,47,97,0.1915668296573224,0.14624321278439611,FusionVI
fusionvi,2026.0,pred_log,cDC2s,70,97,0.18522327406523056,0.11156667613615938,FusionVI
fusionvi,2026.0,calibrated,Activated CD4 T,30,97,0.08726947214072073,0.09821888724078238,FusionVI
fusionvi,2026.0,calibrated,B doublets,81,97,0.22500813133323383,0.23247547773285376,FusionVI
fusionvi,2026.0,calibrated,B-CD4 T cell doublets,59,97,0.12055163569926097,0.09312192311788861,FusionVI
fusionvi,2026.0,calibrated,B-CD8 T cell doublets,46,97,0.1109252677489291,0.10305089819465797,FusionVI
fusionvi,2026.0,calibrated,B-macrophage doublets,73,97,0.2208660164021632,0.12288717851830427,FusionVI
fusionvi,2026.0,calibrated,B1 B,133,97,0.12163928430844662,0.04659240377745893,FusionVI
fusionvi,2026.0,calibrated,CD122+ CD8 T,271,97,0.09215723568189525,0.05070545504135897,FusionVI
fusionvi,2026.0,calibrated,CD4 T,1061,97,0.06672131220968716,0.02914280714463938,FusionVI
fusionvi,2026.0,calibrated,CD8 T,629,97,0.07506443878598504,0.03796458442145813,FusionVI
fusionvi,2026.0,calibrated,Cycling B/T cells,71,97,0.22153666392217045,0.13609004482623413,FusionVI
fusionvi,2026.0,calibrated,GD T,64,97,0.15026045178054812,0.13931643600953192,FusionVI
fusionvi,2026.0,calibrated,ICOS-high Tregs,88,97,0.1503186060332596,0.1130970581175574,FusionVI
fusionvi,2026.0,calibrated,Ifit3-high B,240,97,0.06200087758207986,0.03605611711672114,FusionVI
fusionvi,2026.0,calibrated,Ifit3-high CD4 T,141,97,0.06584734959562134,0.04793106631324324,FusionVI
fusionvi,2026.0,calibrated,Ifit3-high CD8 T,89,97,0.10810309784404268,0.09937331059514405,FusionVI
fusionvi,2026.0,calibrated,Low quality B cells,84,97,0.06935061542279887,0.023099095798496817,FusionVI
fusionvi,2026.0,calibrated,Low quality T cells,34,97,0.12379772417537092,0.089433435145998,FusionVI
fusionvi,2026.0,calibrated,Ly6-high mono,65,97,0.18261006751237427,0.12331124531799532,FusionVI
fusionvi,2026.0,calibrated,MZ B,216,97,0.14762465673131045,0.07271837328741604,FusionVI
fusionvi,2026.0,calibrated,MZ/Marco-high macrophages,42,97,0.2534205036943374,0.1898977482179612,FusionVI
fusionvi,2026.0,calibrated,Mature B,2300,97,0.10397221105382587,0.041583580152725876,FusionVI
fusionvi,2026.0,calibrated,Migratory DCs,50,97,0.21007189504731816,0.15633980870916106,FusionVI
fusionvi,2026.0,calibrated,NK,77,97,0.14816133296339926,0.12438644659440082,FusionVI
fusionvi,2026.0,calibrated,NKT,104,97,0.18469477178167953,0.1260965239556674,FusionVI
fusionvi,2026.0,calibrated,Neutrophils,87,97,0.1704392753726697,0.14077004431114595,FusionVI
fusionvi,2026.0,calibrated,Red-pulp macrophages,34,97,0.23098151176357662,0.20876355398416255,FusionVI
fusionvi,2026.0,calibrated,T doublets,47,97,0.2844443220929283,0.2595136804250139,FusionVI
fusionvi,2026.0,calibrated,Transitional B,547,97,0.09232880463409912,0.0447182408694574,FusionVI
fusionvi,2026.0,calibrated,Tregs,125,97,0.08585718972705314,0.06492464640272541,FusionVI
fusionvi,2026.0,calibrated,cDC1s,47,97,0.20612969698052414,0.15636763171895943,FusionVI
fusionvi,2026.0,calibrated,cDC2s,70,97,0.19135109176450957,0.13521032523484708,FusionVI
fusionvi,2027.0,log_mean,Activated CD4 T,30,97,0.06633825930259563,0.06298855035577845,FusionVI
fusionvi,2027.0,log_mean,B doublets,81,97,0.23194756451747825,0.21823762454078816,FusionVI
fusionvi,2027.0,log_mean,B-CD4 T cell doublets,59,97,0.14501131770710968,0.10141816503735458,FusionVI
fusionvi,2027.0,log_mean,B-CD8 T cell doublets,46,97,0.09993514999729702,0.10474924667965428,FusionVI
fusionvi,2027.0,log_mean,B-macrophage doublets,73,97,0.230433622241221,0.15064075419140432,FusionVI
fusionvi,2027.0,log_mean,B1 B,133,97,0.10835485084699957,0.05417061816601904,FusionVI
fusionvi,2027.0,log_mean,CD122+ CD8 T,271,97,0.09319385821627818,0.04653468330650233,FusionVI
fusionvi,2027.0,log_mean,CD4 T,1061,97,0.07405819184744213,0.041791532925625714,FusionVI
fusionvi,2027.0,log_mean,CD8 T,629,97,0.07944217366695014,0.039559122086638636,FusionVI
fusionvi,2027.0,log_mean,Cycling B/T cells,71,97,0.22523565292895292,0.1214143583111443,FusionVI
fusionvi,2027.0,log_mean,GD T,64,97,0.17272632764742218,0.14725238217788578,FusionVI
fusionvi,2027.0,log_mean,ICOS-high Tregs,88,97,0.1576871124027228,0.1034994318799455,FusionVI
fusionvi,2027.0,log_mean,Ifit3-high B,240,97,0.06715281060988966,0.03269590697153554,FusionVI
fusionvi,2027.0,log_mean,Ifit3-high CD4 T,141,97,0.0658624525668563,0.04844416338810176,FusionVI
fusionvi,2027.0,log_mean,Ifit3-high CD8 T,89,97,0.08945063880985724,0.06702988547399363,FusionVI
fusionvi,2027.0,log_mean,Low quality B cells,84,97,0.07268004317306645,0.032841730883499225,FusionVI
fusionvi,2027.0,log_mean,Low quality T cells,34,97,0.1147291283022397,0.09337239868607283,FusionVI
fusionvi,2027.0,log_mean,Ly6-high mono,65,97,0.2014538150061612,0.14074456789478487,FusionVI
fusionvi,2027.0,log_mean,MZ B,216,97,0.14705646367764763,0.07363338735187872,FusionVI
fusionvi,2027.0,log_mean,MZ/Marco-high macrophages,42,97,0.24735205932699944,0.17860032821469685,FusionVI
fusionvi,2027.0,log_mean,Mature B,2300,97,0.10551611669180994,0.04650543509895309,FusionVI
fusionvi,2027.0,log_mean,Migratory DCs,50,97,0.2153187371176496,0.14742416827267857,FusionVI
fusionvi,2027.0,log_mean,NK,77,97,0.14291291925835062,0.10606476131742455,FusionVI
fusionvi,2027.0,log_mean,NKT,104,97,0.17235367192897358,0.12451130706318753,FusionVI
fusionvi,2027.0,log_mean,Neutrophils,87,97,0.18594473735282258,0.15223045794566203,FusionVI
fusionvi,2027.0,log_mean,Red-pulp macrophages,34,97,0.245165727255913,0.19967273774528513,FusionVI
fusionvi,2027.0,log_mean,T doublets,47,97,0.2957476844144162,0.2992757137728137,FusionVI
fusionvi,2027.0,log_mean,Transitional B,547,97,0.09621501995940054,0.051686935967419134,FusionVI
fusionvi,2027.0,log_mean,Tregs,125,97,0.0937676981381045,0.053357655550188204,FusionVI
fusionvi,2027.0,log_mean,cDC1s,47,97,0.22432608950804162,0.17423388410173893,FusionVI
fusionvi,2027.0,log_mean,cDC2s,70,97,0.20332043318030416,0.14597699004711295,FusionVI
fusionvi,2027.0,pred_log,Activated CD4 T,30,97,0.05273031132366192,0.051716265495724105,FusionVI
fusionvi,2027.0,pred_log,B doublets,81,97,0.21633437364436905,0.2067559661265812,FusionVI
fusionvi,2027.0,pred_log,B-CD4 T cell doublets,59,97,0.12970423525925295,0.11362948868597628,FusionVI
fusionvi,2027.0,pred_log,B-CD8 T cell doublets,46,97,0.07996460974875326,0.07652504501475489,FusionVI
fusionvi,2027.0,pred_log,B-macrophage doublets,73,97,0.20839602971907806,0.11775919368973276,FusionVI
fusionvi,2027.0,pred_log,B1 B,133,97,0.09355840796392653,0.042446906132025626,FusionVI
fusionvi,2027.0,pred_log,CD122+ CD8 T,271,97,0.07327946376968122,0.03062065530828029,FusionVI
fusionvi,2027.0,pred_log,CD4 T,1061,97,0.05044475289588389,0.016986834414142633,FusionVI
fusionvi,2027.0,pred_log,CD8 T,629,97,0.055178533957195214,0.02241071582428251,FusionVI
fusionvi,2027.0,pred_log,Cycling B/T cells,71,97,0.20054365205775085,0.0969433844322434,FusionVI
fusionvi,2027.0,pred_log,GD T,64,97,0.13282718415838657,0.1037127671613682,FusionVI
fusionvi,2027.0,pred_log,ICOS-high Tregs,88,97,0.10360954709368962,0.05609944413392047,FusionVI
fusionvi,2027.0,pred_log,Ifit3-high B,240,97,0.05589612223080436,0.030683221228831655,FusionVI
fusionvi,2027.0,pred_log,Ifit3-high CD4 T,141,97,0.04747213248177679,0.02423331333456365,FusionVI
fusionvi,2027.0,pred_log,Ifit3-high CD8 T,89,97,0.05562384667641511,0.025773624362134054,FusionVI
fusionvi,2027.0,pred_log,Low quality B cells,84,97,0.05912786190237712,0.03130305490393039,FusionVI
fusionvi,2027.0,pred_log,Low quality T cells,34,97,0.10601700673386362,0.0936252153227676,FusionVI
fusionvi,2027.0,pred_log,Ly6-high mono,65,97,0.1887791806226415,0.13776398747903434,FusionVI
fusionvi,2027.0,pred_log,MZ B,216,97,0.13232631870492173,0.06065599734511971,FusionVI
fusionvi,2027.0,pred_log,MZ/Marco-high macrophages,42,97,0.22950645704290068,0.18086431364589323,FusionVI
fusionvi,2027.0,pred_log,Mature B,2300,97,0.07785222404886637,0.020627911583624436,FusionVI
fusionvi,2027.0,pred_log,Migratory DCs,50,97,0.18298898173837433,0.124796633206108,FusionVI
fusionvi,2027.0,pred_log,NK,77,97,0.1229555480167449,0.07827180097923493,FusionVI
fusionvi,2027.0,pred_log,NKT,104,97,0.15087914923447557,0.05759710181119259,FusionVI
fusionvi,2027.0,pred_log,Neutrophils,87,97,0.1643123474151208,0.1210139732371242,FusionVI
fusionvi,2027.0,pred_log,Red-pulp macrophages,34,97,0.19606957546267886,0.14173195088021087,FusionVI
fusionvi,2027.0,pred_log,T doublets,47,97,0.2884951033559564,0.2703013174414937,FusionVI
fusionvi,2027.0,pred_log,Transitional B,547,97,0.06902602417238775,0.0214315734731052,FusionVI
fusionvi,2027.0,pred_log,Tregs,125,97,0.06742465171163207,0.03742857993406026,FusionVI
fusionvi,2027.0,pred_log,cDC1s,47,97,0.20815243504448533,0.1741772895670729,FusionVI
fusionvi,2027.0,pred_log,cDC2s,70,97,0.17713185337551732,0.11504273328994304,FusionVI
fusionvi,2027.0,calibrated,Activated CD4 T,30,97,0.06939016701920339,0.07168760321640706,FusionVI
fusionvi,2027.0,calibrated,B doublets,81,97,0.23438218136420141,0.21823762454078816,FusionVI
fusionvi,2027.0,calibrated,B-CD4 T cell doublets,59,97,0.14304235505761434,0.10141816503735458,FusionVI
fusionvi,2027.0,calibrated,B-CD8 T cell doublets,46,97,0.10017937219123543,0.10474924667965428,FusionVI
fusionvi,2027.0,calibrated,B-macrophage doublets,73,97,0.23086304454963072,0.15064075419140432,FusionVI
fusionvi,2027.0,calibrated,B1 B,133,97,0.10723793088481359,0.04917386606561274,FusionVI
fusionvi,2027.0,calibrated,CD122+ CD8 T,271,97,0.09265164028567165,0.04653468330650233,FusionVI
fusionvi,2027.0,calibrated,CD4 T,1061,97,0.07389577199378411,0.041791532925625714,FusionVI
fusionvi,2027.0,calibrated,CD8 T,629,97,0.07952399595693087,0.039559122086638636,FusionVI
fusionvi,2027.0,calibrated,Cycling B/T cells,71,97,0.22366869379596538,0.1214143583111443,FusionVI
fusionvi,2027.0,calibrated,GD T,64,97,0.1710202007553793,0.14725238217788578,FusionVI
fusionvi,2027.0,calibrated,ICOS-high Tregs,88,97,0.1553334626147906,0.10181121306130327,FusionVI
fusionvi,2027.0,calibrated,Ifit3-high B,240,97,0.06654383095208413,0.03269590697153554,FusionVI
fusionvi,2027.0,calibrated,Ifit3-high CD4 T,141,97,0.06620279648396919,0.04844416338810176,FusionVI
fusionvi,2027.0,calibrated,Ifit3-high CD8 T,89,97,0.09161138517191861,0.07011602056846603,FusionVI
fusionvi,2027.0,calibrated,Low quality B cells,84,97,0.07042459525668911,0.0314486213345986,FusionVI
fusionvi,2027.0,calibrated,Low quality T cells,34,97,0.11814344595102044,0.09657957270300337,FusionVI
fusionvi,2027.0,calibrated,Ly6-high mono,65,97,0.20322053266934098,0.14074456789478487,FusionVI
fusionvi,2027.0,calibrated,MZ B,216,97,0.14531726260185238,0.07094471184789684,FusionVI
fusionvi,2027.0,calibrated,MZ/Marco-high macrophages,42,97,0.24669444410440028,0.17860032821469685,FusionVI
fusionvi,2027.0,calibrated,Mature B,2300,97,0.10623734846660936,0.04650543509895309,FusionVI
fusionvi,2027.0,calibrated,Migratory DCs,50,97,0.2160423368693131,0.14742416827267857,FusionVI
fusionvi,2027.0,calibrated,NK,77,97,0.14415502005955885,0.10606476131742455,FusionVI
fusionvi,2027.0,calibrated,NKT,104,97,0.1716140370652829,0.12451130706318753,FusionVI
fusionvi,2027.0,calibrated,Neutrophils,87,97,0.18497281540773314,0.15223045794566203,FusionVI
fusionvi,2027.0,calibrated,Red-pulp macrophages,34,97,0.2515864495093185,0.21254396550381852,FusionVI
fusionvi,2027.0,calibrated,T doublets,47,97,0.29565575977025793,0.2992757137728137,FusionVI
fusionvi,2027.0,calibrated,Transitional B,547,97,0.09750311386328081,0.052052855749062356,FusionVI
fusionvi,2027.0,calibrated,Tregs,125,97,0.09531728251765086,0.06682755846608913,FusionVI
fusionvi,2027.0,calibrated,cDC1s,47,97,0.2265888698537442,0.17423388410173893,FusionVI
fusionvi,2027.0,calibrated,cDC2s,70,97,0.20349885127960052,0.14597699004711295,FusionVI
fusionvi,2028.0,log_mean,Activated CD4 T,30,97,0.07328510590892258,0.08257680100261379,FusionVI
fusionvi,2028.0,log_mean,B doublets,81,97,0.20358113700844485,0.18412233513666706,FusionVI
fusionvi,2028.0,log_mean,B-CD4 T cell doublets,59,97,0.12728703742466316,0.10149561619371678,FusionVI
fusionvi,2028.0,log_mean,B-CD8 T cell doublets,46,97,0.12138059063659577,0.09777738247303588,FusionVI
fusionvi,2028.0,log_mean,B-macrophage doublets,73,97,0.23792662964226868,0.16250433890748245,FusionVI
fusionvi,2028.0,log_mean,B1 B,133,97,0.11566452635763437,0.0553387701037479,FusionVI
fusionvi,2028.0,log_mean,CD122+ CD8 T,271,97,0.08860351603276508,0.046275091206143155,FusionVI
fusionvi,2028.0,log_mean,CD4 T,1061,97,0.07601362923410845,0.03441739324936435,FusionVI
fusionvi,2028.0,log_mean,CD8 T,629,97,0.07815546162495927,0.04846716128744124,FusionVI
fusionvi,2028.0,log_mean,Cycling B/T cells,71,97,0.229284219305183,0.1387281685180596,FusionVI
fusionvi,2028.0,log_mean,GD T,64,97,0.14135289764778527,0.11884119570984206,FusionVI
fusionvi,2028.0,log_mean,ICOS-high Tregs,88,97,0.13936075845469748,0.10922071909267997,FusionVI
fusionvi,2028.0,log_mean,Ifit3-high B,240,97,0.07072298525636721,0.03996162293227011,FusionVI
fusionvi,2028.0,log_mean,Ifit3-high CD4 T,141,97,0.08051343832973686,0.057122599139885794,FusionVI
fusionvi,2028.0,log_mean,Ifit3-high CD8 T,89,97,0.09646159975602712,0.06765704535454493,FusionVI
fusionvi,2028.0,log_mean,Low quality B cells,84,97,0.09014611364782493,0.056260099068382315,FusionVI
fusionvi,2028.0,log_mean,Low quality T cells,34,97,0.09088747782496243,0.08414464069197183,FusionVI
fusionvi,2028.0,log_mean,Ly6-high mono,65,97,0.21940831001527655,0.14727251939284208,FusionVI
fusionvi,2028.0,log_mean,MZ B,216,97,0.14516437541866312,0.07115178310495664,FusionVI
fusionvi,2028.0,log_mean,MZ/Marco-high macrophages,42,97,0.26491245399423347,0.1792323226569826,FusionVI
fusionvi,2028.0,log_mean,Mature B,2300,97,0.10642800428887386,0.05231668457621721,FusionVI
fusionvi,2028.0,log_mean,Migratory DCs,50,97,0.24047425060168776,0.2053180387277248,FusionVI
fusionvi,2028.0,log_mean,NK,77,97,0.15568562294456495,0.14048295006732842,FusionVI
fusionvi,2028.0,log_mean,NKT,104,97,0.1839722601497362,0.1366162036692932,FusionVI
fusionvi,2028.0,log_mean,Neutrophils,87,97,0.17591427122725653,0.15029517568280218,FusionVI
fusionvi,2028.0,log_mean,Red-pulp macrophages,34,97,0.2230683289349318,0.20731604395835182,FusionVI
fusionvi,2028.0,log_mean,T doublets,47,97,0.27321809760284227,0.26668822520722224,FusionVI
fusionvi,2028.0,log_mean,Transitional B,547,97,0.09235547987273479,0.046134189480326486,FusionVI
fusionvi,2028.0,log_mean,Tregs,125,97,0.0869280538267414,0.04332337869523527,FusionVI
fusionvi,2028.0,log_mean,cDC1s,47,97,0.2099846775221674,0.14549427649635144,FusionVI
fusionvi,2028.0,log_mean,cDC2s,70,97,0.2100815300762872,0.17841680548713684,FusionVI
fusionvi,2028.0,pred_log,Activated CD4 T,30,97,0.0727662805263813,0.04582189366674227,FusionVI
fusionvi,2028.0,pred_log,B doublets,81,97,0.18614803271028513,0.16281309513886466,FusionVI
fusionvi,2028.0,pred_log,B-CD4 T cell doublets,59,97,0.11847909476491052,0.09809604798482639,FusionVI
fusionvi,2028.0,pred_log,B-CD8 T cell doublets,46,97,0.11371907490244718,0.08607538437893963,FusionVI
fusionvi,2028.0,pred_log,B-macrophage doublets,73,97,0.22996169748466602,0.1360388796208234,FusionVI
fusionvi,2028.0,pred_log,B1 B,133,97,0.09049824217329705,0.05149174461565065,FusionVI
fusionvi,2028.0,pred_log,CD122+ CD8 T,271,97,0.06652043762243233,0.03669577608370126,FusionVI
fusionvi,2028.0,pred_log,CD4 T,1061,97,0.055146300483669065,0.018227720333532614,FusionVI
fusionvi,2028.0,pred_log,CD8 T,629,97,0.054680599607270446,0.014611989042521402,FusionVI
fusionvi,2028.0,pred_log,Cycling B/T cells,71,97,0.22478240560297832,0.13199539049913678,FusionVI
fusionvi,2028.0,pred_log,GD T,64,97,0.1358311632882709,0.09384954409202334,FusionVI
fusionvi,2028.0,pred_log,ICOS-high Tregs,88,97,0.13010004877832826,0.09565690559483922,FusionVI
fusionvi,2028.0,pred_log,Ifit3-high B,240,97,0.06123362682971824,0.04008299674803878,FusionVI
fusionvi,2028.0,pred_log,Ifit3-high CD4 T,141,97,0.04213046975754721,0.004607349372824308,FusionVI
fusionvi,2028.0,pred_log,Ifit3-high CD8 T,89,97,0.07301064520701751,0.050376177117135754,FusionVI
fusionvi,2028.0,pred_log,Low quality B cells,84,97,0.05903602038722066,0.03433885491083719,FusionVI
fusionvi,2028.0,pred_log,Low quality T cells,34,97,0.06498918900631995,0.04717928900405665,FusionVI
fusionvi,2028.0,pred_log,Ly6-high mono,65,97,0.2052549096617449,0.16153692473492196,FusionVI
fusionvi,2028.0,pred_log,MZ B,216,97,0.13179619514385663,0.05954760409011908,FusionVI
fusionvi,2028.0,pred_log,MZ/Marco-high macrophages,42,97,0.2383306931187579,0.16137415326925608,FusionVI
fusionvi,2028.0,pred_log,Mature B,2300,97,0.0827395508329418,0.02482063478400711,FusionVI
fusionvi,2028.0,pred_log,Migratory DCs,50,97,0.20317877053032599,0.1723256787672865,FusionVI
fusionvi,2028.0,pred_log,NK,77,97,0.12414679861953266,0.10865041716483091,FusionVI
fusionvi,2028.0,pred_log,NKT,104,97,0.15693714535413408,0.10812021162905552,FusionVI
fusionvi,2028.0,pred_log,Neutrophils,87,97,0.15724679030701644,0.11423799226380921,FusionVI
fusionvi,2028.0,pred_log,Red-pulp macrophages,34,97,0.19683196500100683,0.1719293104566301,FusionVI
fusionvi,2028.0,pred_log,T doublets,47,97,0.26478867357373587,0.2500021843019023,FusionVI
fusionvi,2028.0,pred_log,Transitional B,547,97,0.06988908110168245,0.031791247437396315,FusionVI
fusionvi,2028.0,pred_log,Tregs,125,97,0.0696899943099377,0.03470777930648086,FusionVI
fusionvi,2028.0,pred_log,cDC1s,47,97,0.20352248328659886,0.15014651126985393,FusionVI
fusionvi,2028.0,pred_log,cDC2s,70,97,0.19066620549156296,0.11974041191041156,FusionVI
fusionvi,2028.0,calibrated,Activated CD4 T,30,97,0.07328510590892258,0.08257680100261379,FusionVI
fusionvi,2028.0,calibrated,B doublets,81,97,0.20358113700844485,0.18412233513666706,FusionVI
fusionvi,2028.0,calibrated,B-CD4 T cell doublets,59,97,0.12728703742466316,0.10149561619371678,FusionVI
fusionvi,2028.0,calibrated,B-CD8 T cell doublets,46,97,0.12138059063659577,0.09777738247303588,FusionVI
fusionvi,2028.0,calibrated,B-macrophage doublets,73,97,0.23792662964226868,0.16250433890748245,FusionVI
fusionvi,2028.0,calibrated,B1 B,133,97,0.11566452635763437,0.0553387701037479,FusionVI
fusionvi,2028.0,calibrated,CD122+ CD8 T,271,97,0.08860351603276508,0.046275091206143155,FusionVI
fusionvi,2028.0,calibrated,CD4 T,1061,97,0.07601365545855211,0.03441739324936435,FusionVI
fusionvi,2028.0,calibrated,CD8 T,629,97,0.07815546162495927,0.04846716128744124,FusionVI
fusionvi,2028.0,calibrated,Cycling B/T cells,71,97,0.229284219305183,0.1387281685180596,FusionVI
fusionvi,2028.0,calibrated,GD T,64,97,0.14135289764778527,0.11884119570984206,FusionVI
fusionvi,2028.0,calibrated,ICOS-high Tregs,88,97,0.13936075845469748,0.10922071909267997,FusionVI
fusionvi,2028.0,calibrated,Ifit3-high B,240,97,0.07072298525636721,0.03996162293227011,FusionVI
fusionvi,2028.0,calibrated,Ifit3-high CD4 T,141,97,0.08051343832973686,0.057122599139885794,FusionVI
fusionvi,2028.0,calibrated,Ifit3-high CD8 T,89,97,0.09646159975602712,0.06765704535454493,FusionVI
fusionvi,2028.0,calibrated,Low quality B cells,84,97,0.09014611364782493,0.056260099068382315,FusionVI
fusionvi,2028.0,calibrated,Low quality T cells,34,97,0.09088747782496243,0.08414464069197183,FusionVI
fusionvi,2028.0,calibrated,Ly6-high mono,65,97,0.21940831001527655,0.14727251939284208,FusionVI
fusionvi,2028.0,calibrated,MZ B,216,97,0.14516437541866312,0.07115178310495664,FusionVI
fusionvi,2028.0,calibrated,MZ/Marco-high macrophages,42,97,0.26491245399423347,0.1792323226569826,FusionVI
fusionvi,2028.0,calibrated,Mature B,2300,97,0.10642800428887386,0.05231668457621721,FusionVI
fusionvi,2028.0,calibrated,Migratory DCs,50,97,0.24047425060168776,0.2053180387277248,FusionVI
fusionvi,2028.0,calibrated,NK,77,97,0.15568562294456495,0.14048295006732842,FusionVI
fusionvi,2028.0,calibrated,NKT,104,97,0.1839722601497362,0.1366162036692932,FusionVI
fusionvi,2028.0,calibrated,Neutrophils,87,97,0.17591427122725653,0.15029517568280218,FusionVI
fusionvi,2028.0,calibrated,Red-pulp macrophages,34,97,0.2230683289349318,0.20731604395835182,FusionVI
fusionvi,2028.0,calibrated,T doublets,47,97,0.27321809760284227,0.26668822520722224,FusionVI
fusionvi,2028.0,calibrated,Transitional B,547,97,0.09235547987273479,0.046134189480326486,FusionVI
fusionvi,2028.0,calibrated,Tregs,125,97,0.0869280538267414,0.04332337869523527,FusionVI
fusionvi,2028.0,calibrated,cDC1s,47,97,0.2099846775221674,0.14549427649635144,FusionVI
fusionvi,2028.0,calibrated,cDC2s,70,97,0.2100815300762872,0.17841680548713684,FusionVI
fusionvi,2029.0,log_mean,Activated CD4 T,30,97,0.07656396566095157,0.0955434061187267,FusionVI
fusionvi,2029.0,log_mean,B doublets,81,97,0.21353106600408697,0.19931099166313293,FusionVI
fusionvi,2029.0,log_mean,B-CD4 T cell doublets,59,97,0.13184950679022292,0.09551781792854164,FusionVI
fusionvi,2029.0,log_mean,B-CD8 T cell doublets,46,97,0.12698330167953015,0.12899927266473163,FusionVI
fusionvi,2029.0,log_mean,B-macrophage doublets,73,97,0.2327411316181325,0.16194748867014744,FusionVI
fusionvi,2029.0,log_mean,B1 B,133,97,0.11238335909282247,0.05962331862065258,FusionVI
fusionvi,2029.0,log_mean,CD122+ CD8 T,271,97,0.0931000475400432,0.04884778553663903,FusionVI
fusionvi,2029.0,log_mean,CD4 T,1061,97,0.0700625025022512,0.035768426500354195,FusionVI
fusionvi,2029.0,log_mean,CD8 T,629,97,0.0745986376397783,0.04047545820108196,FusionVI
fusionvi,2029.0,log_mean,Cycling B/T cells,71,97,0.22548642829961912,0.11811461510565718,FusionVI
fusionvi,2029.0,log_mean,GD T,64,97,0.1680047309294515,0.1610069322945634,FusionVI
fusionvi,2029.0,log_mean,ICOS-high Tregs,88,97,0.13852093596588128,0.11632637480682559,FusionVI
fusionvi,2029.0,log_mean,Ifit3-high B,240,97,0.07931065668025203,0.05795727284767369,FusionVI
fusionvi,2029.0,log_mean,Ifit3-high CD4 T,141,97,0.06648343377123983,0.05355995146613579,FusionVI
fusionvi,2029.0,log_mean,Ifit3-high CD8 T,89,97,0.09230891722901628,0.07624874324302221,FusionVI
fusionvi,2029.0,log_mean,Low quality B cells,84,97,0.07650073106561807,0.033488972525309975,FusionVI
fusionvi,2029.0,log_mean,Low quality T cells,34,97,0.11859138707355066,0.10158045672645985,FusionVI
fusionvi,2029.0,log_mean,Ly6-high mono,65,97,0.22463209516673086,0.1758690401126635,FusionVI
fusionvi,2029.0,log_mean,MZ B,216,97,0.14459072405652082,0.0704801854090652,FusionVI
fusionvi,2029.0,log_mean,MZ/Marco-high macrophages,42,97,0.274190810286687,0.2299704389635675,FusionVI
fusionvi,2029.0,log_mean,Mature B,2300,97,0.10775141942738956,0.05138543547872193,FusionVI
fusionvi,2029.0,log_mean,Migratory DCs,50,97,0.23293105405174616,0.18122767292581365,FusionVI
fusionvi,2029.0,log_mean,NK,77,97,0.16027533464912908,0.1177760873781079,FusionVI
fusionvi,2029.0,log_mean,NKT,104,97,0.16746319677906812,0.10685253647346774,FusionVI
fusionvi,2029.0,log_mean,Neutrophils,87,97,0.1711557485836538,0.16778816530806118,FusionVI
fusionvi,2029.0,log_mean,Red-pulp macrophages,34,97,0.2048144378443439,0.17624703161392088,FusionVI
fusionvi,2029.0,log_mean,T doublets,47,97,0.2957563827613113,0.2665204835763573,FusionVI
fusionvi,2029.0,log_mean,Transitional B,547,97,0.08921451568388242,0.04004174966966615,FusionVI
fusionvi,2029.0,log_mean,Tregs,125,97,0.09354305582819715,0.05023583172426502,FusionVI
fusionvi,2029.0,log_mean,cDC1s,47,97,0.21848565972098222,0.15677754482153283,FusionVI
fusionvi,2029.0,log_mean,cDC2s,70,97,0.19495383051566118,0.1483655517075287,FusionVI
fusionvi,2029.0,pred_log,Activated CD4 T,30,97,0.0364440564842704,0.060421584627754626,FusionVI
fusionvi,2029.0,pred_log,B doublets,81,97,0.19470643587927308,0.18130854343947983,FusionVI
fusionvi,2029.0,pred_log,B-CD4 T cell doublets,59,97,0.09971506816481349,0.07123351969865474,FusionVI
fusionvi,2029.0,pred_log,B-CD8 T cell doublets,46,97,0.08543126182774091,0.0655516294330942,FusionVI
fusionvi,2029.0,pred_log,B-macrophage doublets,73,97,0.19861106473158766,0.11977699099622828,FusionVI
fusionvi,2029.0,pred_log,B1 B,133,97,0.08529473625125258,0.026665070046757236,FusionVI
fusionvi,2029.0,pred_log,CD122+ CD8 T,271,97,0.07513561952297185,0.041118825369698506,FusionVI
fusionvi,2029.0,pred_log,CD4 T,1061,97,0.05572028149575129,0.024801536966898168,FusionVI
fusionvi,2029.0,pred_log,CD8 T,629,97,0.05805892095880235,0.016353519915743662,FusionVI
fusionvi,2029.0,pred_log,Cycling B/T cells,71,97,0.20644657874908792,0.08771000113556586,FusionVI
fusionvi,2029.0,pred_log,GD T,64,97,0.1291089460549307,0.11521333972643127,FusionVI
fusionvi,2029.0,pred_log,ICOS-high Tregs,88,97,0.11359759791681634,0.06432519130672766,FusionVI
fusionvi,2029.0,pred_log,Ifit3-high B,240,97,0.04710203298620959,0.029813173527608462,FusionVI
fusionvi,2029.0,pred_log,Ifit3-high CD4 T,141,97,0.044959825952737245,0.03399441567025892,FusionVI
fusionvi,2029.0,pred_log,Ifit3-high CD8 T,89,97,0.061548225597365,0.047127353265784724,FusionVI
fusionvi,2029.0,pred_log,Low quality B cells,84,97,0.06588655208746734,0.05307434092120617,FusionVI
fusionvi,2029.0,pred_log,Low quality T cells,34,97,0.08722930849690773,0.0944650604948356,FusionVI
fusionvi,2029.0,pred_log,Ly6-high mono,65,97,0.2101494569212049,0.17123735003277765,FusionVI
fusionvi,2029.0,pred_log,MZ B,216,97,0.11733208824305985,0.03723188736636079,FusionVI
fusionvi,2029.0,pred_log,MZ/Marco-high macrophages,42,97,0.2428142126922647,0.17726444678371636,FusionVI
fusionvi,2029.0,pred_log,Mature B,2300,97,0.08305285501555056,0.02910431970239767,FusionVI
fusionvi,2029.0,pred_log,Migratory DCs,50,97,0.20744756717768922,0.1695059209561356,FusionVI
fusionvi,2029.0,pred_log,NK,77,97,0.13272254435925634,0.0826144466845971,FusionVI
fusionvi,2029.0,pred_log,NKT,104,97,0.16696739696119162,0.09519525834577498,FusionVI
fusionvi,2029.0,pred_log,Neutrophils,87,97,0.14724917425978537,0.13193929762430484,FusionVI
fusionvi,2029.0,pred_log,Red-pulp macrophages,34,97,0.1613686628329459,0.13779744535495644,FusionVI
fusionvi,2029.0,pred_log,T doublets,47,97,0.2635037914097004,0.24845419336275854,FusionVI
fusionvi,2029.0,pred_log,Transitional B,547,97,0.06854128091072945,0.02796299560374301,FusionVI
fusionvi,2029.0,pred_log,Tregs,125,97,0.07813517156026029,0.052627533577107366,FusionVI
fusionvi,2029.0,pred_log,cDC1s,47,97,0.2138923559821863,0.1616122047901521,FusionVI
fusionvi,2029.0,pred_log,cDC2s,70,97,0.18586282367405238,0.13751239635168427,FusionVI
fusionvi,2029.0,calibrated,Activated CD4 T,30,97,0.07656396566095157,0.0955434061187267,FusionVI
fusionvi,2029.0,calibrated,B doublets,81,97,0.21353106600408697,0.19931099166313293,FusionVI
fusionvi,2029.0,calibrated,B-CD4 T cell doublets,59,97,0.13184950679022292,0.09551781792854164,FusionVI
fusionvi,2029.0,calibrated,B-CD8 T cell doublets,46,97,0.12698330167953015,0.12899927266473163,FusionVI
fusionvi,2029.0,calibrated,B-macrophage doublets,73,97,0.2327411316181325,0.16194748867014744,FusionVI
fusionvi,2029.0,calibrated,B1 B,133,97,0.11238335909282247,0.05962331862065258,FusionVI
fusionvi,2029.0,calibrated,CD122+ CD8 T,271,97,0.0931000475400432,0.04884778553663903,FusionVI
fusionvi,2029.0,calibrated,CD4 T,1061,97,0.0700625025022512,0.035768426500354195,FusionVI
fusionvi,2029.0,calibrated,CD8 T,629,97,0.0745986376397783,0.04047545820108196,FusionVI
fusionvi,2029.0,calibrated,Cycling B/T cells,71,97,0.22548642829961912,0.11811461510565718,FusionVI
fusionvi,2029.0,calibrated,GD T,64,97,0.1680047309294515,0.1610069322945634,FusionVI
fusionvi,2029.0,calibrated,ICOS-high Tregs,88,97,0.13852093596588128,0.11632637480682559,FusionVI
fusionvi,2029.0,calibrated,Ifit3-high B,240,97,0.07931065668025203,0.05795727284767369,FusionVI
fusionvi,2029.0,calibrated,Ifit3-high CD4 T,141,97,0.06648343377123983,0.05355995146613579,FusionVI
fusionvi,2029.0,calibrated,Ifit3-high CD8 T,89,97,0.09230891722901628,0.07624874324302221,FusionVI
fusionvi,2029.0,calibrated,Low quality B cells,84,97,0.07650073106561807,0.033488972525309975,FusionVI
fusionvi,2029.0,calibrated,Low quality T cells,34,97,0.11859138707355066,0.10158045672645985,FusionVI
fusionvi,2029.0,calibrated,Ly6-high mono,65,97,0.22463209516673086,0.1758690401126635,FusionVI
fusionvi,2029.0,calibrated,MZ B,216,97,0.14459072405652082,0.0704801854090652,FusionVI
fusionvi,2029.0,calibrated,MZ/Marco-high macrophages,42,97,0.274190810286687,0.2299704389635675,FusionVI
fusionvi,2029.0,calibrated,Mature B,2300,97,0.10775141942738956,0.05138543547872193,FusionVI
fusionvi,2029.0,calibrated,Migratory DCs,50,97,0.23293105405174616,0.18122767292581365,FusionVI
fusionvi,2029.0,calibrated,NK,77,97,0.16027533464912908,0.1177760873781079,FusionVI
fusionvi,2029.0,calibrated,NKT,104,97,0.16746319677906812,0.10685253647346774,FusionVI
fusionvi,2029.0,calibrated,Neutrophils,87,97,0.1711557485836538,0.16778816530806118,FusionVI
fusionvi,2029.0,calibrated,Red-pulp macrophages,34,97,0.2048144378443439,0.17624703161392088,FusionVI
fusionvi,2029.0,calibrated,T doublets,47,97,0.2957563827613113,0.2665204835763573,FusionVI
fusionvi,2029.0,calibrated,Transitional B,547,97,0.08921451568388242,0.04004174966966615,FusionVI
fusionvi,2029.0,calibrated,Tregs,125,97,0.09354305582819715,0.05023583172426502,FusionVI
fusionvi,2029.0,calibrated,cDC1s,47,97,0.21848565972098222,0.15677754482153283,FusionVI
fusionvi,2029.0,calibrated,cDC2s,70,97,0.19495383051566118,0.1483655517075287,FusionVI
totalvi_w128,2026.0,log_mean,Activated CD4 T,30,97,0.06078508099576632,0.07278582539821217,totalvi_w128
totalvi_w128,2026.0,log_mean,B doublets,81,97,0.20986434276856353,0.21847146713951512,totalvi_w128
totalvi_w128,2026.0,log_mean,B-CD4 T cell doublets,59,97,0.11781866707777582,0.08921971910817714,totalvi_w128
totalvi_w128,2026.0,log_mean,B-CD8 T cell doublets,46,97,0.12839527904685705,0.12818049446148577,totalvi_w128
totalvi_w128,2026.0,log_mean,B-macrophage doublets,73,97,0.21474747888649806,0.14452413687950144,totalvi_w128
totalvi_w128,2026.0,log_mean,B1 B,133,97,0.1129639466908875,0.04621113075964715,totalvi_w128
totalvi_w128,2026.0,log_mean,CD122+ CD8 T,271,97,0.08263611553292652,0.034611289934307767,totalvi_w128
totalvi_w128,2026.0,log_mean,CD4 T,1061,97,0.06592408085249721,0.03295782894215586,totalvi_w128
totalvi_w128,2026.0,log_mean,CD8 T,629,97,0.06997070192071471,0.03426208793603491,totalvi_w128
totalvi_w128,2026.0,log_mean,Cycling B/T cells,71,97,0.21290411031294187,0.11512211688273649,totalvi_w128
totalvi_w128,2026.0,log_mean,GD T,64,97,0.12782021526053877,0.08514761542968051,totalvi_w128
totalvi_w128,2026.0,log_mean,ICOS-high Tregs,88,97,0.13913223062371596,0.0912719383766565,totalvi_w128
totalvi_w128,2026.0,log_mean,Ifit3-high B,240,97,0.06702245295049812,0.03377856981939177,totalvi_w128
totalvi_w128,2026.0,log_mean,Ifit3-high CD4 T,141,97,0.06262468598492507,0.047184458492392715,totalvi_w128
totalvi_w128,2026.0,log_mean,Ifit3-high CD8 T,89,97,0.09595484216435778,0.09297579705103583,totalvi_w128
totalvi_w128,2026.0,log_mean,Low quality B cells,84,97,0.0659656684147441,0.02420887932288945,totalvi_w128
totalvi_w128,2026.0,log_mean,Low quality T cells,34,97,0.10211434754887704,0.09838771715053399,totalvi_w128
totalvi_w128,2026.0,log_mean,Ly6-high mono,65,97,0.18957093583773474,0.12180380712314624,totalvi_w128
totalvi_w128,2026.0,log_mean,MZ B,216,97,0.14919813214594427,0.0807053780796984,totalvi_w128
totalvi_w128,2026.0,log_mean,MZ/Marco-high macrophages,42,97,0.22334574127908796,0.15142808559839038,totalvi_w128
totalvi_w128,2026.0,log_mean,Mature B,2300,97,0.10171694615026758,0.048507263137940765,totalvi_w128
totalvi_w128,2026.0,log_mean,Migratory DCs,50,97,0.1888023835567519,0.15147683318476315,totalvi_w128
totalvi_w128,2026.0,log_mean,NK,77,97,0.13422002396720906,0.09058497663941027,totalvi_w128
totalvi_w128,2026.0,log_mean,NKT,104,97,0.1878479498061293,0.15366872704035833,totalvi_w128
totalvi_w128,2026.0,log_mean,Neutrophils,87,97,0.16527961508284447,0.14747955013689135,totalvi_w128
totalvi_w128,2026.0,log_mean,Red-pulp macrophages,34,97,0.21047106206532593,0.2091508123352453,totalvi_w128
totalvi_w128,2026.0,log_mean,T doublets,47,97,0.28413754344919384,0.2761862539090292,totalvi_w128
totalvi_w128,2026.0,log_mean,Transitional B,547,97,0.08894431858246334,0.03724998175132108,totalvi_w128
totalvi_w128,2026.0,log_mean,Tregs,125,97,0.07956021824558902,0.05965741371341226,totalvi_w128
totalvi_w128,2026.0,log_mean,cDC1s,47,97,0.20358886984387117,0.1661867523927888,totalvi_w128
totalvi_w128,2026.0,log_mean,cDC2s,70,97,0.1904032896176007,0.132523776867252,totalvi_w128
totalvi_w128,2026.0,pred_log,Activated CD4 T,30,97,0.054511719506350254,0.044586922855405796,totalvi_w128
totalvi_w128,2026.0,pred_log,B doublets,81,97,0.18764982756324222,0.1686184713226241,totalvi_w128
totalvi_w128,2026.0,pred_log,B-CD4 T cell doublets,59,97,0.10135850851386796,0.08642463890294842,totalvi_w128
totalvi_w128,2026.0,pred_log,B-CD8 T cell doublets,46,97,0.08723931044176061,0.08800055558973728,totalvi_w128
totalvi_w128,2026.0,pred_log,B-macrophage doublets,73,97,0.19062686318021788,0.11053223112813615,totalvi_w128
totalvi_w128,2026.0,pred_log,B1 B,133,97,0.09168793035805825,0.0343629997481285,totalvi_w128
totalvi_w128,2026.0,pred_log,CD122+ CD8 T,271,97,0.06164131647097892,0.02337789082491196,totalvi_w128
totalvi_w128,2026.0,pred_log,CD4 T,1061,97,0.04905446343134579,0.019713220487762244,totalvi_w128
totalvi_w128,2026.0,pred_log,CD8 T,629,97,0.05069299324568053,0.02120357327370326,totalvi_w128
totalvi_w128,2026.0,pred_log,Cycling B/T cells,71,97,0.19426261128175162,0.12991760572470734,totalvi_w128
totalvi_w128,2026.0,pred_log,GD T,64,97,0.10344694923717769,0.08413373695681652,totalvi_w128
totalvi_w128,2026.0,pred_log,ICOS-high Tregs,88,97,0.09337218828530948,0.02059392894256647,totalvi_w128
totalvi_w128,2026.0,pred_log,Ifit3-high B,240,97,0.050802287913358626,0.029428603253066413,totalvi_w128
totalvi_w128,2026.0,pred_log,Ifit3-high CD4 T,141,97,0.048488202385241354,0.03398028646969657,totalvi_w128
totalvi_w128,2026.0,pred_log,Ifit3-high CD8 T,89,97,0.054625580860741166,0.042234170620096344,totalvi_w128
totalvi_w128,2026.0,pred_log,Low quality B cells,84,97,0.044692293634987425,0.03046119960828091,totalvi_w128
totalvi_w128,2026.0,pred_log,Low quality T cells,34,97,0.05627521924166543,0.028620440920212074,totalvi_w128
totalvi_w128,2026.0,pred_log,Ly6-high mono,65,97,0.17477332636315315,0.1314617089349518,totalvi_w128
totalvi_w128,2026.0,pred_log,MZ B,216,97,0.12047615062954839,0.052667383022315696,totalvi_w128
totalvi_w128,2026.0,pred_log,MZ/Marco-high macrophages,42,97,0.21013370635816064,0.14991522267609927,totalvi_w128
totalvi_w128,2026.0,pred_log,Mature B,2300,97,0.0744059342301174,0.016321624821157354,totalvi_w128
totalvi_w128,2026.0,pred_log,Migratory DCs,50,97,0.17897378607115047,0.13434662441967885,totalvi_w128
totalvi_w128,2026.0,pred_log,NK,77,97,0.12176953874571544,0.09400040758191344,totalvi_w128
totalvi_w128,2026.0,pred_log,NKT,104,97,0.15883888344285915,0.0996753948709474,totalvi_w128
totalvi_w128,2026.0,pred_log,Neutrophils,87,97,0.1489433115066595,0.14199934760673744,totalvi_w128
totalvi_w128,2026.0,pred_log,Red-pulp macrophages,34,97,0.16346289972270026,0.14334522193379243,totalvi_w128
totalvi_w128,2026.0,pred_log,T doublets,47,97,0.26148966062802254,0.2611426439582055,totalvi_w128
totalvi_w128,2026.0,pred_log,Transitional B,547,97,0.06453489937811421,0.0176314574264876,totalvi_w128
totalvi_w128,2026.0,pred_log,Tregs,125,97,0.06185426021541003,0.04741159505804914,totalvi_w128
totalvi_w128,2026.0,pred_log,cDC1s,47,97,0.18864970607364923,0.13852256051746734,totalvi_w128
totalvi_w128,2026.0,pred_log,cDC2s,70,97,0.18494563019158827,0.11309959023271023,totalvi_w128
totalvi_w128,2026.0,calibrated,Activated CD4 T,30,97,0.06078508099576632,0.07278582539821217,totalvi_w128
totalvi_w128,2026.0,calibrated,B doublets,81,97,0.20986434276856353,0.21847146713951512,totalvi_w128
totalvi_w128,2026.0,calibrated,B-CD4 T cell doublets,59,97,0.11781866707777582,0.08921971910817714,totalvi_w128
totalvi_w128,2026.0,calibrated,B-CD8 T cell doublets,46,97,0.12839527904685705,0.12818049446148577,totalvi_w128
totalvi_w128,2026.0,calibrated,B-macrophage doublets,73,97,0.21474747888649806,0.14452413687950144,totalvi_w128
totalvi_w128,2026.0,calibrated,B1 B,133,97,0.1129639466908875,0.04621113075964715,totalvi_w128
totalvi_w128,2026.0,calibrated,CD122+ CD8 T,271,97,0.08263611553292652,0.034611289934307767,totalvi_w128
totalvi_w128,2026.0,calibrated,CD4 T,1061,97,0.06592405462943972,0.03295528530557861,totalvi_w128
totalvi_w128,2026.0,calibrated,CD8 T,629,97,0.06997070192071471,0.03426208793603491,totalvi_w128
totalvi_w128,2026.0,calibrated,Cycling B/T cells,71,97,0.21290411031294187,0.11512211688273649,totalvi_w128
totalvi_w128,2026.0,calibrated,GD T,64,97,0.12782021526053877,0.08514761542968051,totalvi_w128
totalvi_w128,2026.0,calibrated,ICOS-high Tregs,88,97,0.13913223062371596,0.0912719383766565,totalvi_w128
totalvi_w128,2026.0,calibrated,Ifit3-high B,240,97,0.06702245295049812,0.03377856981939177,totalvi_w128
totalvi_w128,2026.0,calibrated,Ifit3-high CD4 T,141,97,0.06262468598492507,0.047184458492392715,totalvi_w128
totalvi_w128,2026.0,calibrated,Ifit3-high CD8 T,89,97,0.09595484216435778,0.09297579705103583,totalvi_w128
totalvi_w128,2026.0,calibrated,Low quality B cells,84,97,0.0659656684147441,0.02420887932288945,totalvi_w128
totalvi_w128,2026.0,calibrated,Low quality T cells,34,97,0.10211434754887704,0.09838771715053399,totalvi_w128
totalvi_w128,2026.0,calibrated,Ly6-high mono,65,97,0.18957093583773474,0.12180380712314624,totalvi_w128
totalvi_w128,2026.0,calibrated,MZ B,216,97,0.14919813214594427,0.0807053780796984,totalvi_w128
totalvi_w128,2026.0,calibrated,MZ/Marco-high macrophages,42,97,0.22334574127908796,0.15142808559839038,totalvi_w128
totalvi_w128,2026.0,calibrated,Mature B,2300,97,0.10171694615026758,0.048507263137940765,totalvi_w128
totalvi_w128,2026.0,calibrated,Migratory DCs,50,97,0.1888023835567519,0.15147683318476315,totalvi_w128
totalvi_w128,2026.0,calibrated,NK,77,97,0.13422002396720906,0.09058497663941027,totalvi_w128
totalvi_w128,2026.0,calibrated,NKT,104,97,0.1878479498061293,0.15366872704035833,totalvi_w128
totalvi_w128,2026.0,calibrated,Neutrophils,87,97,0.16527961508284447,0.14747955013689135,totalvi_w128
totalvi_w128,2026.0,calibrated,Red-pulp macrophages,34,97,0.21047106206532593,0.2091508123352453,totalvi_w128
totalvi_w128,2026.0,calibrated,T doublets,47,97,0.28413754344919384,0.2761862539090292,totalvi_w128
totalvi_w128,2026.0,calibrated,Transitional B,547,97,0.08894431858246334,0.03724998175132108,totalvi_w128
totalvi_w128,2026.0,calibrated,Tregs,125,97,0.07956021824558902,0.05965741371341226,totalvi_w128
totalvi_w128,2026.0,calibrated,cDC1s,47,97,0.20358886984387117,0.1661867523927888,totalvi_w128
totalvi_w128,2026.0,calibrated,cDC2s,70,97,0.1904032896176007,0.132523776867252,totalvi_w128
totalvi_w128,2027.0,log_mean,Activated CD4 T,30,97,0.0634868635056476,0.06308228961810364,totalvi_w128
totalvi_w128,2027.0,log_mean,B doublets,81,97,0.22596731098321268,0.21409438910674325,totalvi_w128
totalvi_w128,2027.0,log_mean,B-CD4 T cell doublets,59,97,0.13934288910280201,0.11396763249421386,totalvi_w128
totalvi_w128,2027.0,log_mean,B-CD8 T cell doublets,46,97,0.11062751078119712,0.11894007822564752,totalvi_w128
totalvi_w128,2027.0,log_mean,B-macrophage doublets,73,97,0.22782761070728225,0.1519946100872032,totalvi_w128
totalvi_w128,2027.0,log_mean,B1 B,133,97,0.10574333652351908,0.04847457546123746,totalvi_w128
totalvi_w128,2027.0,log_mean,CD122+ CD8 T,271,97,0.09440477010854124,0.051003831896998586,totalvi_w128
totalvi_w128,2027.0,log_mean,CD4 T,1061,97,0.07100738049043034,0.03558942838383159,totalvi_w128
totalvi_w128,2027.0,log_mean,CD8 T,629,97,0.07268195418284933,0.03472118643881396,totalvi_w128
totalvi_w128,2027.0,log_mean,Cycling B/T cells,71,97,0.2209386575251371,0.13073502018635652,totalvi_w128
totalvi_w128,2027.0,log_mean,GD T,64,97,0.13309405048795148,0.09452245914043066,totalvi_w128
totalvi_w128,2027.0,log_mean,ICOS-high Tregs,88,97,0.12754029784286453,0.08862405397051136,totalvi_w128
totalvi_w128,2027.0,log_mean,Ifit3-high B,240,97,0.059917031198479506,0.029461612897648506,totalvi_w128
totalvi_w128,2027.0,log_mean,Ifit3-high CD4 T,141,97,0.05638816616714186,0.039176334052919044,totalvi_w128
totalvi_w128,2027.0,log_mean,Ifit3-high CD8 T,89,97,0.09113332465592305,0.04931925976320815,totalvi_w128
totalvi_w128,2027.0,log_mean,Low quality B cells,84,97,0.07721186523829066,0.06540696450043952,totalvi_w128
totalvi_w128,2027.0,log_mean,Low quality T cells,34,97,0.08418467254775086,0.0556501847282543,totalvi_w128
totalvi_w128,2027.0,log_mean,Ly6-high mono,65,97,0.19915882256459072,0.1459238358895638,totalvi_w128
totalvi_w128,2027.0,log_mean,MZ B,216,97,0.15198089116632754,0.08446724849202229,totalvi_w128
totalvi_w128,2027.0,log_mean,MZ/Marco-high macrophages,42,97,0.22664402288269592,0.16590017526509712,totalvi_w128
totalvi_w128,2027.0,log_mean,Mature B,2300,97,0.10116472607999523,0.04165944098259496,totalvi_w128
totalvi_w128,2027.0,log_mean,Migratory DCs,50,97,0.17990827658624411,0.10090721441584807,totalvi_w128
totalvi_w128,2027.0,log_mean,NK,77,97,0.1509328863870225,0.12344374136083709,totalvi_w128
totalvi_w128,2027.0,log_mean,NKT,104,97,0.18188575709246282,0.13172199111196478,totalvi_w128
totalvi_w128,2027.0,log_mean,Neutrophils,87,97,0.1671635533831531,0.1522309340498254,totalvi_w128
totalvi_w128,2027.0,log_mean,Red-pulp macrophages,34,97,0.18920176297000035,0.1617614691506335,totalvi_w128
totalvi_w128,2027.0,log_mean,T doublets,47,97,0.2845103566841646,0.2799869575120176,totalvi_w128
totalvi_w128,2027.0,log_mean,Transitional B,547,97,0.0854578027129319,0.027247086273917122,totalvi_w128
totalvi_w128,2027.0,log_mean,Tregs,125,97,0.0760529336316711,0.04214676098291099,totalvi_w128
totalvi_w128,2027.0,log_mean,cDC1s,47,97,0.2202601080124526,0.15638129567986228,totalvi_w128
totalvi_w128,2027.0,log_mean,cDC2s,70,97,0.19604048461417853,0.1514835884578639,totalvi_w128
totalvi_w128,2027.0,pred_log,Activated CD4 T,30,97,0.061642290387191025,0.05575576573813935,totalvi_w128
totalvi_w128,2027.0,pred_log,B doublets,81,97,0.20616636367639415,0.19346421833486244,totalvi_w128
totalvi_w128,2027.0,pred_log,B-CD4 T cell doublets,59,97,0.12325493992762841,0.11294361059142453,totalvi_w128
totalvi_w128,2027.0,pred_log,B-CD8 T cell doublets,46,97,0.07400771762663896,0.06440827839353347,totalvi_w128
totalvi_w128,2027.0,pred_log,B-macrophage doublets,73,97,0.20308261864541638,0.11122849330403167,totalvi_w128
totalvi_w128,2027.0,pred_log,B1 B,133,97,0.09259602070571636,0.037090253673949206,totalvi_w128
totalvi_w128,2027.0,pred_log,CD122+ CD8 T,271,97,0.07118072862920789,0.025002193578523728,totalvi_w128
totalvi_w128,2027.0,pred_log,CD4 T,1061,97,0.04922109781021233,0.015583508586329052,totalvi_w128
totalvi_w128,2027.0,pred_log,CD8 T,629,97,0.05283299981794757,0.0263792236436879,totalvi_w128
totalvi_w128,2027.0,pred_log,Cycling B/T cells,71,97,0.19857902094236055,0.08326991474045375,totalvi_w128
totalvi_w128,2027.0,pred_log,GD T,64,97,0.10826210715849041,0.07123973111433321,totalvi_w128
totalvi_w128,2027.0,pred_log,ICOS-high Tregs,88,97,0.088261756314583,0.04952565399991194,totalvi_w128
totalvi_w128,2027.0,pred_log,Ifit3-high B,240,97,0.05227669581929087,0.026035622515189483,totalvi_w128
totalvi_w128,2027.0,pred_log,Ifit3-high CD4 T,141,97,0.03734581642772166,0.017422216301026933,totalvi_w128
totalvi_w128,2027.0,pred_log,Ifit3-high CD8 T,89,97,0.051824790807026754,0.02685543807554223,totalvi_w128
totalvi_w128,2027.0,pred_log,Low quality B cells,84,97,0.059487443614749794,0.022577737317425718,totalvi_w128
totalvi_w128,2027.0,pred_log,Low quality T cells,34,97,0.08583260550577171,0.08044555995689141,totalvi_w128
totalvi_w128,2027.0,pred_log,Ly6-high mono,65,97,0.18827915723594213,0.14410493384103315,totalvi_w128
totalvi_w128,2027.0,pred_log,MZ B,216,97,0.12295444417735756,0.04845275932116719,totalvi_w128
totalvi_w128,2027.0,pred_log,MZ/Marco-high macrophages,42,97,0.21444396550013506,0.12906552561131293,totalvi_w128
totalvi_w128,2027.0,pred_log,Mature B,2300,97,0.07407321432208168,0.020042633491641818,totalvi_w128
totalvi_w128,2027.0,pred_log,Migratory DCs,50,97,0.15678848762000436,0.07773070141271206,totalvi_w128
totalvi_w128,2027.0,pred_log,NK,77,97,0.13156700611704594,0.10664902295495851,totalvi_w128
totalvi_w128,2027.0,pred_log,NKT,104,97,0.16110539657393264,0.09620552612783838,totalvi_w128
totalvi_w128,2027.0,pred_log,Neutrophils,87,97,0.1463535746108895,0.09738441810852881,totalvi_w128
totalvi_w128,2027.0,pred_log,Red-pulp macrophages,34,97,0.14856515196651507,0.09689198463556342,totalvi_w128
totalvi_w128,2027.0,pred_log,T doublets,47,97,0.26497030167664004,0.25117054549120893,totalvi_w128
totalvi_w128,2027.0,pred_log,Transitional B,547,97,0.06466137882258445,0.01786754357974394,totalvi_w128
totalvi_w128,2027.0,pred_log,Tregs,125,97,0.06462484341065333,0.04630569275111645,totalvi_w128
totalvi_w128,2027.0,pred_log,cDC1s,47,97,0.19612608998052128,0.14952957711662973,totalvi_w128
totalvi_w128,2027.0,pred_log,cDC2s,70,97,0.16859527035298505,0.09052814972300471,totalvi_w128
totalvi_w128,2027.0,calibrated,Activated CD4 T,30,97,0.0789232201242757,0.07059406649925712,totalvi_w128
totalvi_w128,2027.0,calibrated,B doublets,81,97,0.22786534614585605,0.21409438910674325,totalvi_w128
totalvi_w128,2027.0,calibrated,B-CD4 T cell doublets,59,97,0.13262295561320597,0.11070839183413593,totalvi_w128
totalvi_w128,2027.0,calibrated,B-CD8 T cell doublets,46,97,0.10686202993039272,0.11707081669813348,totalvi_w128
totalvi_w128,2027.0,calibrated,B-macrophage doublets,73,97,0.22909451411183532,0.1519946100872032,totalvi_w128
totalvi_w128,2027.0,calibrated,B1 B,133,97,0.10568292182334794,0.04847457546123746,totalvi_w128
totalvi_w128,2027.0,calibrated,CD122+ CD8 T,271,97,0.09525668873890596,0.053150777923105796,totalvi_w128
totalvi_w128,2027.0,calibrated,CD4 T,1061,97,0.07175809657069547,0.03650854882361831,totalvi_w128
totalvi_w128,2027.0,calibrated,CD8 T,629,97,0.07223849873183691,0.03472118643881396,totalvi_w128
totalvi_w128,2027.0,calibrated,Cycling B/T cells,71,97,0.22009165125967128,0.13073502018635652,totalvi_w128
totalvi_w128,2027.0,calibrated,GD T,64,97,0.13542476751705482,0.09452245914043066,totalvi_w128
totalvi_w128,2027.0,calibrated,ICOS-high Tregs,88,97,0.12423238331414431,0.07927767457255751,totalvi_w128
totalvi_w128,2027.0,calibrated,Ifit3-high B,240,97,0.06299493299961206,0.03585418571951364,totalvi_w128
totalvi_w128,2027.0,calibrated,Ifit3-high CD4 T,141,97,0.0532698777855837,0.0373129143555026,totalvi_w128
totalvi_w128,2027.0,calibrated,Ifit3-high CD8 T,89,97,0.09238011957146047,0.04932017505926942,totalvi_w128
totalvi_w128,2027.0,calibrated,Low quality B cells,84,97,0.07363459247616568,0.06400115590123752,totalvi_w128
totalvi_w128,2027.0,calibrated,Low quality T cells,34,97,0.08691381826695843,0.0556501847282543,totalvi_w128
totalvi_w128,2027.0,calibrated,Ly6-high mono,65,97,0.20237767483877683,0.14687754899839633,totalvi_w128
totalvi_w128,2027.0,calibrated,MZ B,216,97,0.14934708700653115,0.08446724849202229,totalvi_w128
totalvi_w128,2027.0,calibrated,MZ/Marco-high macrophages,42,97,0.2303405322078034,0.16772991433038134,totalvi_w128
totalvi_w128,2027.0,calibrated,Mature B,2300,97,0.10236264437804098,0.043222606764807346,totalvi_w128
totalvi_w128,2027.0,calibrated,Migratory DCs,50,97,0.18271508333034941,0.10263642200807896,totalvi_w128
totalvi_w128,2027.0,calibrated,NK,77,97,0.14988332679015273,0.12344374136083709,totalvi_w128
totalvi_w128,2027.0,calibrated,NKT,104,97,0.18480371527740241,0.14320839370119853,totalvi_w128
totalvi_w128,2027.0,calibrated,Neutrophils,87,97,0.16182027544583827,0.1522309340498254,totalvi_w128
totalvi_w128,2027.0,calibrated,Red-pulp macrophages,34,97,0.1936435719145232,0.1662528209641324,totalvi_w128
totalvi_w128,2027.0,calibrated,T doublets,47,97,0.27854637824117506,0.2788731016009716,totalvi_w128
totalvi_w128,2027.0,calibrated,Transitional B,547,97,0.08757929855477628,0.028760289818235987,totalvi_w128
totalvi_w128,2027.0,calibrated,Tregs,125,97,0.07888602308299637,0.04483129595633994,totalvi_w128
totalvi_w128,2027.0,calibrated,cDC1s,47,97,0.22097690350204527,0.15638129567986228,totalvi_w128
totalvi_w128,2027.0,calibrated,cDC2s,70,97,0.19657471750763306,0.1514835884578639,totalvi_w128
totalvi_w128,2028.0,log_mean,Activated CD4 T,30,97,0.07850244679560615,0.06983432583463908,totalvi_w128
totalvi_w128,2028.0,log_mean,B doublets,81,97,0.18267201578146108,0.14918027173061982,totalvi_w128
totalvi_w128,2028.0,log_mean,B-CD4 T cell doublets,59,97,0.13339459304571658,0.11862453651839533,totalvi_w128
totalvi_w128,2028.0,log_mean,B-CD8 T cell doublets,46,97,0.1366799444203561,0.10989385130349087,totalvi_w128
totalvi_w128,2028.0,log_mean,B-macrophage doublets,73,97,0.2361726133973732,0.15481890538536983,totalvi_w128
totalvi_w128,2028.0,log_mean,B1 B,133,97,0.10806938787764647,0.05461306574273481,totalvi_w128
totalvi_w128,2028.0,log_mean,CD122+ CD8 T,271,97,0.0869359330742528,0.03266634973443736,totalvi_w128
totalvi_w128,2028.0,log_mean,CD4 T,1061,97,0.06737668726700025,0.03364962162202931,totalvi_w128
totalvi_w128,2028.0,log_mean,CD8 T,629,97,0.07853608096625875,0.045630178859475984,totalvi_w128
totalvi_w128,2028.0,log_mean,Cycling B/T cells,71,97,0.23393904379477368,0.13547574753013844,totalvi_w128
totalvi_w128,2028.0,log_mean,GD T,64,97,0.141303143941092,0.11748247515964083,totalvi_w128
totalvi_w128,2028.0,log_mean,ICOS-high Tregs,88,97,0.11270070901522113,0.07963947918990709,totalvi_w128
totalvi_w128,2028.0,log_mean,Ifit3-high B,240,97,0.06418916587094346,0.037964509885212855,totalvi_w128
totalvi_w128,2028.0,log_mean,Ifit3-high CD4 T,141,97,0.06050679418946432,0.03967895458320904,totalvi_w128
totalvi_w128,2028.0,log_mean,Ifit3-high CD8 T,89,97,0.09992531136782644,0.07391879107355509,totalvi_w128
totalvi_w128,2028.0,log_mean,Low quality B cells,84,97,0.08320243128635411,0.04339847634019983,totalvi_w128
totalvi_w128,2028.0,log_mean,Low quality T cells,34,97,0.08755217058644635,0.04574135334272614,totalvi_w128
totalvi_w128,2028.0,log_mean,Ly6-high mono,65,97,0.23163962355566717,0.19237610401384467,totalvi_w128
totalvi_w128,2028.0,log_mean,MZ B,216,97,0.1513153760570516,0.0823864052417855,totalvi_w128
totalvi_w128,2028.0,log_mean,MZ/Marco-high macrophages,42,97,0.2732882856851552,0.22280984425628797,totalvi_w128
totalvi_w128,2028.0,log_mean,Mature B,2300,97,0.10065725945282879,0.043418643405556595,totalvi_w128
totalvi_w128,2028.0,log_mean,Migratory DCs,50,97,0.18787183867232082,0.14456597900362178,totalvi_w128
totalvi_w128,2028.0,log_mean,NK,77,97,0.13573694204231065,0.0920632224316024,totalvi_w128
totalvi_w128,2028.0,log_mean,NKT,104,97,0.17631358840206438,0.1197553081375629,totalvi_w128
totalvi_w128,2028.0,log_mean,Neutrophils,87,97,0.15718365881579163,0.12000979520729572,totalvi_w128
totalvi_w128,2028.0,log_mean,Red-pulp macrophages,34,97,0.1979095408661204,0.16103857137798402,totalvi_w128
totalvi_w128,2028.0,log_mean,T doublets,47,97,0.25609711330431484,0.23527165818444973,totalvi_w128
totalvi_w128,2028.0,log_mean,Transitional B,547,97,0.08837577619795908,0.048471000811561554,totalvi_w128
totalvi_w128,2028.0,log_mean,Tregs,125,97,0.07178640198559913,0.048670982925415066,totalvi_w128
totalvi_w128,2028.0,log_mean,cDC1s,47,97,0.20115791258148932,0.13939036012480793,totalvi_w128
totalvi_w128,2028.0,log_mean,cDC2s,70,97,0.20391478597376295,0.16025443936380065,totalvi_w128
totalvi_w128,2028.0,pred_log,Activated CD4 T,30,97,0.06688236847851235,0.07145709645365333,totalvi_w128
totalvi_w128,2028.0,pred_log,B doublets,81,97,0.1595061580349599,0.12648418380418455,totalvi_w128
totalvi_w128,2028.0,pred_log,B-CD4 T cell doublets,59,97,0.12491916590428441,0.10661058202910101,totalvi_w128
totalvi_w128,2028.0,pred_log,B-CD8 T cell doublets,46,97,0.10953104081345633,0.08240932818651632,totalvi_w128
totalvi_w128,2028.0,pred_log,B-macrophage doublets,73,97,0.21912335989696768,0.11335919761025189,totalvi_w128
totalvi_w128,2028.0,pred_log,B1 B,133,97,0.08483417962650297,0.04923883634298411,totalvi_w128
totalvi_w128,2028.0,pred_log,CD122+ CD8 T,271,97,0.06571143045033331,0.028778502448847196,totalvi_w128
totalvi_w128,2028.0,pred_log,CD4 T,1061,97,0.04908883017391812,0.014786689207259092,totalvi_w128
totalvi_w128,2028.0,pred_log,CD8 T,629,97,0.0508830933749712,0.014984400916661969,totalvi_w128
totalvi_w128,2028.0,pred_log,Cycling B/T cells,71,97,0.21690771211579862,0.14298813739769617,totalvi_w128
totalvi_w128,2028.0,pred_log,GD T,64,97,0.1169940384948653,0.07685933585690609,totalvi_w128
totalvi_w128,2028.0,pred_log,ICOS-high Tregs,88,97,0.11437013761665075,0.07279716906012941,totalvi_w128
totalvi_w128,2028.0,pred_log,Ifit3-high B,240,97,0.058816592276031726,0.04886861707930954,totalvi_w128
totalvi_w128,2028.0,pred_log,Ifit3-high CD4 T,141,97,0.0390015684317751,0.01859720477667512,totalvi_w128
totalvi_w128,2028.0,pred_log,Ifit3-high CD8 T,89,97,0.06738928299897061,0.06115714246458767,totalvi_w128
totalvi_w128,2028.0,pred_log,Low quality B cells,84,97,0.05527259446353239,0.0402281190769196,totalvi_w128
totalvi_w128,2028.0,pred_log,Low quality T cells,34,97,0.05911064216803,0.02900262825872904,totalvi_w128
totalvi_w128,2028.0,pred_log,Ly6-high mono,65,97,0.20310857553446704,0.16079877509242202,totalvi_w128
totalvi_w128,2028.0,pred_log,MZ B,216,97,0.13141251991495842,0.06544007168688735,totalvi_w128
totalvi_w128,2028.0,pred_log,MZ/Marco-high macrophages,42,97,0.232408044806324,0.16126625782942838,totalvi_w128
totalvi_w128,2028.0,pred_log,Mature B,2300,97,0.07703417479831971,0.0208993777393072,totalvi_w128
totalvi_w128,2028.0,pred_log,Migratory DCs,50,97,0.1589568552188255,0.09830714443272978,totalvi_w128
totalvi_w128,2028.0,pred_log,NK,77,97,0.10919183128385487,0.08999888594532719,totalvi_w128
totalvi_w128,2028.0,pred_log,NKT,104,97,0.15050702015084277,0.10881924219586514,totalvi_w128
totalvi_w128,2028.0,pred_log,Neutrophils,87,97,0.15547143195695684,0.11712174964011693,totalvi_w128
totalvi_w128,2028.0,pred_log,Red-pulp macrophages,34,97,0.15932102296077705,0.1367778772709434,totalvi_w128
totalvi_w128,2028.0,pred_log,T doublets,47,97,0.24419123070790685,0.22234007198238995,totalvi_w128
totalvi_w128,2028.0,pred_log,Transitional B,547,97,0.06528874268209427,0.024594381361407222,totalvi_w128
totalvi_w128,2028.0,pred_log,Tregs,125,97,0.06588829611999124,0.03223443192323344,totalvi_w128
totalvi_w128,2028.0,pred_log,cDC1s,47,97,0.19905198589355055,0.13152634636711785,totalvi_w128
totalvi_w128,2028.0,pred_log,cDC2s,70,97,0.18942263397755665,0.10369834352058667,totalvi_w128
totalvi_w128,2028.0,calibrated,Activated CD4 T,30,97,0.0857311345594143,0.07924753271529508,totalvi_w128
totalvi_w128,2028.0,calibrated,B doublets,81,97,0.17993911110709795,0.14918027173061982,totalvi_w128
totalvi_w128,2028.0,calibrated,B-CD4 T cell doublets,59,97,0.1289042206357888,0.11785639709027156,totalvi_w128
totalvi_w128,2028.0,calibrated,B-CD8 T cell doublets,46,97,0.13370708263550368,0.10452628571386555,totalvi_w128
totalvi_w128,2028.0,calibrated,B-macrophage doublets,73,97,0.23730455273633128,0.15481890538536983,totalvi_w128
totalvi_w128,2028.0,calibrated,B1 B,133,97,0.10697830151027221,0.05461306574273481,totalvi_w128
totalvi_w128,2028.0,calibrated,CD122+ CD8 T,271,97,0.08685397788931404,0.03266634973443736,totalvi_w128
totalvi_w128,2028.0,calibrated,CD4 T,1061,97,0.0684262677542509,0.03365118200700129,totalvi_w128
totalvi_w128,2028.0,calibrated,CD8 T,629,97,0.07860026718182646,0.045630178859475984,totalvi_w128
totalvi_w128,2028.0,calibrated,Cycling B/T cells,71,97,0.2366885939581695,0.13547574753013844,totalvi_w128
totalvi_w128,2028.0,calibrated,GD T,64,97,0.1414778763371963,0.11748247515964083,totalvi_w128
totalvi_w128,2028.0,calibrated,ICOS-high Tregs,88,97,0.11276013817104684,0.07963947918990709,totalvi_w128
totalvi_w128,2028.0,calibrated,Ifit3-high B,240,97,0.06439338322106258,0.037964509885212855,totalvi_w128
totalvi_w128,2028.0,calibrated,Ifit3-high CD4 T,141,97,0.05864898767470859,0.039669168751453016,totalvi_w128
totalvi_w128,2028.0,calibrated,Ifit3-high CD8 T,89,97,0.0992456151437753,0.07391879107355509,totalvi_w128
totalvi_w128,2028.0,calibrated,Low quality B cells,84,97,0.08199727649985535,0.04254279963604612,totalvi_w128
totalvi_w128,2028.0,calibrated,Low quality T cells,34,97,0.09100758650322166,0.04636735071868178,totalvi_w128
totalvi_w128,2028.0,calibrated,Ly6-high mono,65,97,0.23011423354868288,0.19237610401384467,totalvi_w128
totalvi_w128,2028.0,calibrated,MZ B,216,97,0.14877445808503126,0.07635341592702724,totalvi_w128
totalvi_w128,2028.0,calibrated,MZ/Marco-high macrophages,42,97,0.26998507264887717,0.22280984425628797,totalvi_w128
totalvi_w128,2028.0,calibrated,Mature B,2300,97,0.10144707763009785,0.043418643405556595,totalvi_w128
totalvi_w128,2028.0,calibrated,Migratory DCs,50,97,0.19078410433950976,0.14456597900362178,totalvi_w128
totalvi_w128,2028.0,calibrated,NK,77,97,0.13804276996000844,0.1118326540083427,totalvi_w128
totalvi_w128,2028.0,calibrated,NKT,104,97,0.1768135206510227,0.1197553081375629,totalvi_w128
totalvi_w128,2028.0,calibrated,Neutrophils,87,97,0.15931796851067798,0.12000979520729572,totalvi_w128
totalvi_w128,2028.0,calibrated,Red-pulp macrophages,34,97,0.19604791133702648,0.16103857137798402,totalvi_w128
totalvi_w128,2028.0,calibrated,T doublets,47,97,0.2597060509574363,0.23527165818444973,totalvi_w128
totalvi_w128,2028.0,calibrated,Transitional B,547,97,0.08846603321096555,0.048471000811561554,totalvi_w128
totalvi_w128,2028.0,calibrated,Tregs,125,97,0.07407514606077564,0.05084386604997628,totalvi_w128
totalvi_w128,2028.0,calibrated,cDC1s,47,97,0.20298752186154184,0.13939036012480793,totalvi_w128
totalvi_w128,2028.0,calibrated,cDC2s,70,97,0.20411100954529054,0.16025443936380065,totalvi_w128
totalvi_w128,2029.0,log_mean,Activated CD4 T,30,97,0.06522192371485051,0.0710640055295962,totalvi_w128
totalvi_w128,2029.0,log_mean,B doublets,81,97,0.22128499052328582,0.20140077047775548,totalvi_w128
totalvi_w128,2029.0,log_mean,B-CD4 T cell doublets,59,97,0.12664960488237406,0.09077663805077979,totalvi_w128
totalvi_w128,2029.0,log_mean,B-CD8 T cell doublets,46,97,0.1368166273950731,0.12997469040099088,totalvi_w128
totalvi_w128,2029.0,log_mean,B-macrophage doublets,73,97,0.2285020179234097,0.15675209332797863,totalvi_w128
totalvi_w128,2029.0,log_mean,B1 B,133,97,0.11054757288283598,0.05116109032360542,totalvi_w128
totalvi_w128,2029.0,log_mean,CD122+ CD8 T,271,97,0.0921029498658298,0.046865197602497334,totalvi_w128
totalvi_w128,2029.0,log_mean,CD4 T,1061,97,0.06657022780721025,0.03538227651782302,totalvi_w128
totalvi_w128,2029.0,log_mean,CD8 T,629,97,0.07612561142424751,0.044846259645825025,totalvi_w128
totalvi_w128,2029.0,log_mean,Cycling B/T cells,71,97,0.22323652164477495,0.13511305738231424,totalvi_w128
totalvi_w128,2029.0,log_mean,GD T,64,97,0.15502165539402166,0.1390070379126614,totalvi_w128
totalvi_w128,2029.0,log_mean,ICOS-high Tregs,88,97,0.12644532798702124,0.08145200469171662,totalvi_w128
totalvi_w128,2029.0,log_mean,Ifit3-high B,240,97,0.06803053456475817,0.0496593947500033,totalvi_w128
totalvi_w128,2029.0,log_mean,Ifit3-high CD4 T,141,97,0.05386160059698821,0.03487883538847914,totalvi_w128
totalvi_w128,2029.0,log_mean,Ifit3-high CD8 T,89,97,0.08050209232157765,0.07846649346873995,totalvi_w128
totalvi_w128,2029.0,log_mean,Low quality B cells,84,97,0.07162600521099977,0.04196211258935446,totalvi_w128
totalvi_w128,2029.0,log_mean,Low quality T cells,34,97,0.10898551720390072,0.056375685899353295,totalvi_w128
totalvi_w128,2029.0,log_mean,Ly6-high mono,65,97,0.2282044738759543,0.16935383393451692,totalvi_w128
totalvi_w128,2029.0,log_mean,MZ B,216,97,0.145130486871827,0.06700932184781438,totalvi_w128
totalvi_w128,2029.0,log_mean,MZ/Marco-high macrophages,42,97,0.2612706167077486,0.18848782268862052,totalvi_w128
totalvi_w128,2029.0,log_mean,Mature B,2300,97,0.1013605659473268,0.04412778832392878,totalvi_w128
totalvi_w128,2029.0,log_mean,Migratory DCs,50,97,0.20362915852012944,0.14609939188228857,totalvi_w128
totalvi_w128,2029.0,log_mean,NK,77,97,0.14518932654586914,0.13398933551150347,totalvi_w128
totalvi_w128,2029.0,log_mean,NKT,104,97,0.177951013922087,0.11437873052995055,totalvi_w128
totalvi_w128,2029.0,log_mean,Neutrophils,87,97,0.15680143808795227,0.1279318820704069,totalvi_w128
totalvi_w128,2029.0,log_mean,Red-pulp macrophages,34,97,0.19848067111107093,0.1555034351121884,totalvi_w128
totalvi_w128,2029.0,log_mean,T doublets,47,97,0.2734305056354883,0.27850868856604044,totalvi_w128
totalvi_w128,2029.0,log_mean,Transitional B,547,97,0.08376556757112688,0.03908594314354217,totalvi_w128
totalvi_w128,2029.0,log_mean,Tregs,125,97,0.08202554715234722,0.05274947877395768,totalvi_w128
totalvi_w128,2029.0,log_mean,cDC1s,47,97,0.2031736458808564,0.14804479369050447,totalvi_w128
totalvi_w128,2029.0,log_mean,cDC2s,70,97,0.1977259757380059,0.1283612514186765,totalvi_w128
totalvi_w128,2029.0,pred_log,Activated CD4 T,30,97,0.034489140275495225,0.06281711767546155,totalvi_w128
totalvi_w128,2029.0,pred_log,B doublets,81,97,0.20083506078898145,0.17521885081240007,totalvi_w128
totalvi_w128,2029.0,pred_log,B-CD4 T cell doublets,59,97,0.08387388669860409,0.06886693745339556,totalvi_w128
totalvi_w128,2029.0,pred_log,B-CD8 T cell doublets,46,97,0.08780555017725798,0.06212180413636404,totalvi_w128
totalvi_w128,2029.0,pred_log,B-macrophage doublets,73,97,0.1938255540605928,0.11859012796909933,totalvi_w128
totalvi_w128,2029.0,pred_log,B1 B,133,97,0.07674622309422746,0.01390639538869652,totalvi_w128
totalvi_w128,2029.0,pred_log,CD122+ CD8 T,271,97,0.07203084893209907,0.03649790434637014,totalvi_w128
totalvi_w128,2029.0,pred_log,CD4 T,1061,97,0.04940454423803303,0.022781604231730763,totalvi_w128
totalvi_w128,2029.0,pred_log,CD8 T,629,97,0.05556353434478698,0.021936570770062527,totalvi_w128
totalvi_w128,2029.0,pred_log,Cycling B/T cells,71,97,0.20321303228510873,0.09541622460772192,totalvi_w128
totalvi_w128,2029.0,pred_log,GD T,64,97,0.11240956345016015,0.09815190970030514,totalvi_w128
totalvi_w128,2029.0,pred_log,ICOS-high Tregs,88,97,0.10063568204747433,0.05669504147866836,totalvi_w128
totalvi_w128,2029.0,pred_log,Ifit3-high B,240,97,0.037278916513796695,0.02196665729918119,totalvi_w128
totalvi_w128,2029.0,pred_log,Ifit3-high CD4 T,141,97,0.04265578076753249,0.036044496567199824,totalvi_w128
totalvi_w128,2029.0,pred_log,Ifit3-high CD8 T,89,97,0.05197896042651843,0.04007539104156081,totalvi_w128
totalvi_w128,2029.0,pred_log,Low quality B cells,84,97,0.06253027507217698,0.04582338581262001,totalvi_w128
totalvi_w128,2029.0,pred_log,Low quality T cells,34,97,0.08660846332820608,0.07827726837552906,totalvi_w128
totalvi_w128,2029.0,pred_log,Ly6-high mono,65,97,0.20891805969675084,0.14540243998137448,totalvi_w128
totalvi_w128,2029.0,pred_log,MZ B,216,97,0.11363841544796749,0.04287199827614228,totalvi_w128
totalvi_w128,2029.0,pred_log,MZ/Marco-high macrophages,42,97,0.2210179892054532,0.13648655485851524,totalvi_w128
totalvi_w128,2029.0,pred_log,Mature B,2300,97,0.07738307502288641,0.02120027000599817,totalvi_w128
totalvi_w128,2029.0,pred_log,Migratory DCs,50,97,0.17553480980140823,0.13821003378974525,totalvi_w128
totalvi_w128,2029.0,pred_log,NK,77,97,0.12673073998901563,0.09754272533946819,totalvi_w128
totalvi_w128,2029.0,pred_log,NKT,104,97,0.16467331552129685,0.09059225293779828,totalvi_w128
totalvi_w128,2029.0,pred_log,Neutrophils,87,97,0.14430829009699386,0.10594448444187923,totalvi_w128
totalvi_w128,2029.0,pred_log,Red-pulp macrophages,34,97,0.13124411361721935,0.08907873519623566,totalvi_w128
totalvi_w128,2029.0,pred_log,T doublets,47,97,0.23982793202769107,0.25205638600271435,totalvi_w128
totalvi_w128,2029.0,pred_log,Transitional B,547,97,0.06385133457206249,0.024752976154367317,totalvi_w128
totalvi_w128,2029.0,pred_log,Tregs,125,97,0.07575275690958722,0.04952452518420009,totalvi_w128
totalvi_w128,2029.0,pred_log,cDC1s,47,97,0.19859515697861954,0.1454550150081791,totalvi_w128
totalvi_w128,2029.0,pred_log,cDC2s,70,97,0.1722645552169154,0.12013755749505987,totalvi_w128
totalvi_w128,2029.0,calibrated,Activated CD4 T,30,97,0.07041293291258517,0.075979756294416,totalvi_w128
totalvi_w128,2029.0,calibrated,B doublets,81,97,0.22149551917784857,0.20140077047775548,totalvi_w128
totalvi_w128,2029.0,calibrated,B-CD4 T cell doublets,59,97,0.1263240664971778,0.09077663805077979,totalvi_w128
totalvi_w128,2029.0,calibrated,B-CD8 T cell doublets,46,97,0.1334831862453483,0.12802234838952048,totalvi_w128
totalvi_w128,2029.0,calibrated,B-macrophage doublets,73,97,0.22490648343917705,0.14791048092867357,totalvi_w128
totalvi_w128,2029.0,calibrated,B1 B,133,97,0.10990949893981819,0.05116109032360542,totalvi_w128
totalvi_w128,2029.0,calibrated,CD122+ CD8 T,271,97,0.09169475827913526,0.046865197602497334,totalvi_w128
totalvi_w128,2029.0,calibrated,CD4 T,1061,97,0.06636179763356052,0.03538227651782302,totalvi_w128
totalvi_w128,2029.0,calibrated,CD8 T,629,97,0.07540416842705129,0.044846259645825025,totalvi_w128
totalvi_w128,2029.0,calibrated,Cycling B/T cells,71,97,0.22314806147676264,0.13511305738231424,totalvi_w128
totalvi_w128,2029.0,calibrated,GD T,64,97,0.15773071782793152,0.1390070379126614,totalvi_w128
totalvi_w128,2029.0,calibrated,ICOS-high Tregs,88,97,0.12499788167641933,0.08145200469171662,totalvi_w128
totalvi_w128,2029.0,calibrated,Ifit3-high B,240,97,0.06828639886343009,0.0496593947500033,totalvi_w128
totalvi_w128,2029.0,calibrated,Ifit3-high CD4 T,141,97,0.05424123200166997,0.03487883538847914,totalvi_w128
totalvi_w128,2029.0,calibrated,Ifit3-high CD8 T,89,97,0.08049010286807949,0.07846649346873995,totalvi_w128
totalvi_w128,2029.0,calibrated,Low quality B cells,84,97,0.07407780681107547,0.04457307413345519,totalvi_w128
totalvi_w128,2029.0,calibrated,Low quality T cells,34,97,0.11582995952761396,0.05638018569469904,totalvi_w128
totalvi_w128,2029.0,calibrated,Ly6-high mono,65,97,0.22813021921250953,0.16935383393451692,totalvi_w128
totalvi_w128,2029.0,calibrated,MZ B,216,97,0.14428110358546925,0.06700932184781438,totalvi_w128
totalvi_w128,2029.0,calibrated,MZ/Marco-high macrophages,42,97,0.263805210417357,0.18848782268862052,totalvi_w128
totalvi_w128,2029.0,calibrated,Mature B,2300,97,0.10259065531439272,0.04527116559751184,totalvi_w128
totalvi_w128,2029.0,calibrated,Migratory DCs,50,97,0.2033403141748152,0.14609939188228857,totalvi_w128
totalvi_w128,2029.0,calibrated,NK,77,97,0.1485164821456223,0.13712006285166245,totalvi_w128
totalvi_w128,2029.0,calibrated,NKT,104,97,0.17981356504033652,0.11437873052995055,totalvi_w128
totalvi_w128,2029.0,calibrated,Neutrophils,87,97,0.16282174002190836,0.1288834523733651,totalvi_w128
totalvi_w128,2029.0,calibrated,Red-pulp macrophages,34,97,0.1983476975732785,0.1555034351121884,totalvi_w128
totalvi_w128,2029.0,calibrated,T doublets,47,97,0.2781103057017259,0.27850868856604044,totalvi_w128
totalvi_w128,2029.0,calibrated,Transitional B,547,97,0.08369800521990721,0.03908594314354217,totalvi_w128
totalvi_w128,2029.0,calibrated,Tregs,125,97,0.08429076933130089,0.05461696723855168,totalvi_w128
totalvi_w128,2029.0,calibrated,cDC1s,47,97,0.20329809281684427,0.14804479369050447,totalvi_w128
totalvi_w128,2029.0,calibrated,cDC2s,70,97,0.1978051919205856,0.1283612514186765,totalvi_w128
