model,donor,analysis,target,metric,value
rna_pca,202937150091_R01C01,latent_response,T_cell_direct,n_cells,581.0
rna_pca,202937150091_R01C01,latent_response,T_cell_direct,auc,0.9992847265271089
rna_pca,202937150091_R01C01,latent_response,T_cell_direct,balanced_accuracy,0.9850865480902198
rna_pca,202937150091_R01C01,latent_response,Monocyte_direct,n_cells,138.0
rna_pca,202937150091_R01C01,latent_response,Monocyte_direct,auc,1.0
rna_pca,202937150091_R01C01,latent_response,Monocyte_direct,balanced_accuracy,1.0
rna_pca,202937150091_R01C01,latent_response,NK_indirect,n_cells,153.0
rna_pca,202937150091_R01C01,latent_response,NK_indirect,auc,0.9992585269401878
rna_pca,202937150091_R01C01,latent_response,NK_indirect,balanced_accuracy,0.9957983193277311
rna_pca,202937150091_R01C01,latent_response,B_cell_indirect,n_cells,72.0
rna_pca,202937150091_R01C01,latent_response,B_cell_indirect,auc,0.9940417080436942
rna_pca,202937150091_R01C01,latent_response,B_cell_indirect,balanced_accuracy,0.9473684210526316
rna_pca,202937150091_R01C01,heldout_marker,CD25_T,n_cells,581.0
rna_pca,202937150091_R01C01,heldout_marker,CD25_T,pred_auc,0.99434933956416
rna_pca,202937150091_R01C01,heldout_marker,CD25_T,pred_ap,0.9960418877563738
rna_pca,202937150091_R01C01,heldout_marker,CD25_T,true_auc,0.9592770969433981
rna_pca,202937150091_R01C01,heldout_marker,CD25_T,effect_concordance,0.9649277573792381
rna_pca,202937150091_R01C01,heldout_marker,CD25_T,spearman_true_pred,0.7809482066018498
rna_pca,202937150091_R01C01,heldout_marker,CD25_T,discordant_n,19.0
rna_pca,202937150091_R01C01,heldout_marker,CD25_T,discordant_spearman,0.7279979564998322
rna_pca,202937150091_R01C01,heldout_marker,CD69_T,n_cells,581.0
rna_pca,202937150091_R01C01,heldout_marker,CD69_T,pred_auc,0.9988078775451814
rna_pca,202937150091_R01C01,heldout_marker,CD69_T,pred_ap,0.9989958538586206
rna_pca,202937150091_R01C01,heldout_marker,CD69_T,true_auc,0.9957977683467646
rna_pca,202937150091_R01C01,heldout_marker,CD69_T,effect_concordance,0.9969898908015832
rna_pca,202937150091_R01C01,heldout_marker,CD69_T,spearman_true_pred,0.8174026202133224
rna_pca,202937150091_R01C01,heldout_marker,CD69_T,discordant_n,34.0
rna_pca,202937150091_R01C01,heldout_marker,CD69_T,discordant_spearman,0.6073338426279602
rna_pca,202937150091_R01C01,heldout_marker,HLA_DR_Monocyte,n_cells,138.0
rna_pca,202937150091_R01C01,heldout_marker,HLA_DR_Monocyte,pred_auc,0.4974747474747475
rna_pca,202937150091_R01C01,heldout_marker,HLA_DR_Monocyte,pred_ap,0.4876281135499302
rna_pca,202937150091_R01C01,heldout_marker,HLA_DR_Monocyte,true_auc,0.38489057239057234
rna_pca,202937150091_R01C01,heldout_marker,HLA_DR_Monocyte,effect_concordance,0.8874158249158248
rna_pca,202937150091_R01C01,heldout_marker,HLA_DR_Monocyte,spearman_true_pred,0.5155052034760252
rna_pca,202937150091_R01C01,heldout_marker,HLA_DR_Monocyte,discordant_n,10.0
rna_pca,202937150091_R01C01,heldout_marker,HLA_DR_Monocyte,discordant_spearman,0.5393939393939393
protein_pca,202937150091_R01C01,latent_response,T_cell_direct,n_cells,581.0
protein_pca,202937150091_R01C01,latent_response,T_cell_direct,auc,0.9990939869343378
protein_pca,202937150091_R01C01,latent_response,T_cell_direct,balanced_accuracy,0.9890741977015879
protein_pca,202937150091_R01C01,latent_response,Monocyte_direct,n_cells,138.0
protein_pca,202937150091_R01C01,latent_response,Monocyte_direct,auc,0.9962121212121212
protein_pca,202937150091_R01C01,latent_response,Monocyte_direct,balanced_accuracy,0.9633838383838385
protein_pca,202937150091_R01C01,latent_response,NK_indirect,n_cells,153.0
protein_pca,202937150091_R01C01,latent_response,NK_indirect,auc,0.6700444883835888
protein_pca,202937150091_R01C01,latent_response,NK_indirect,balanced_accuracy,0.5987394957983193
protein_pca,202937150091_R01C01,latent_response,B_cell_indirect,n_cells,72.0
protein_pca,202937150091_R01C01,latent_response,B_cell_indirect,auc,0.9026812313803376
protein_pca,202937150091_R01C01,latent_response,B_cell_indirect,balanced_accuracy,0.743793445878848
protein_pca,202937150091_R01C01,heldout_marker,CD25_T,n_cells,581.0
protein_pca,202937150091_R01C01,heldout_marker,CD25_T,pred_auc,0.9937175146631061
protein_pca,202937150091_R01C01,heldout_marker,CD25_T,pred_ap,0.9952311334147308
protein_pca,202937150091_R01C01,heldout_marker,CD25_T,true_auc,0.9592770969433981
protein_pca,202937150091_R01C01,heldout_marker,CD25_T,effect_concordance,0.965559582280292
protein_pca,202937150091_R01C01,heldout_marker,CD25_T,spearman_true_pred,0.7699734505400344
protein_pca,202937150091_R01C01,heldout_marker,CD25_T,discordant_n,19.0
protein_pca,202937150091_R01C01,heldout_marker,CD25_T,discordant_spearman,0.7371207379096046
protein_pca,202937150091_R01C01,heldout_marker,CD69_T,n_cells,581.0
protein_pca,202937150091_R01C01,heldout_marker,CD69_T,pred_auc,0.9984263983596395
protein_pca,202937150091_R01C01,heldout_marker,CD69_T,pred_ap,0.9986116194848784
protein_pca,202937150091_R01C01,heldout_marker,CD69_T,true_auc,0.9957977683467646
protein_pca,202937150091_R01C01,heldout_marker,CD69_T,effect_concordance,0.9973713699871251
protein_pca,202937150091_R01C01,heldout_marker,CD69_T,spearman_true_pred,0.7795059861237267
protein_pca,202937150091_R01C01,heldout_marker,CD69_T,discordant_n,34.0
protein_pca,202937150091_R01C01,heldout_marker,CD69_T,discordant_spearman,0.7408708938120702
protein_pca,202937150091_R01C01,heldout_marker,HLA_DR_Monocyte,n_cells,138.0
protein_pca,202937150091_R01C01,heldout_marker,HLA_DR_Monocyte,pred_auc,0.6624579124579124
protein_pca,202937150091_R01C01,heldout_marker,HLA_DR_Monocyte,pred_ap,0.7135990067053279
protein_pca,202937150091_R01C01,heldout_marker,HLA_DR_Monocyte,true_auc,0.38489057239057234
protein_pca,202937150091_R01C01,heldout_marker,HLA_DR_Monocyte,effect_concordance,0.7224326599326599
protein_pca,202937150091_R01C01,heldout_marker,HLA_DR_Monocyte,spearman_true_pred,0.07258289154362546
protein_pca,202937150091_R01C01,heldout_marker,HLA_DR_Monocyte,discordant_n,10.0
protein_pca,202937150091_R01C01,heldout_marker,HLA_DR_Monocyte,discordant_spearman,0.29696969696969694
equal_fusion_pca,202937150091_R01C01,latent_response,T_cell_direct,n_cells,581.0
equal_fusion_pca,202937150091_R01C01,latent_response,T_cell_direct,auc,0.9999642363263554
equal_fusion_pca,202937150091_R01C01,latent_response,T_cell_direct,balanced_accuracy,0.9944029850746269
equal_fusion_pca,202937150091_R01C01,latent_response,Monocyte_direct,n_cells,138.0
equal_fusion_pca,202937150091_R01C01,latent_response,Monocyte_direct,auc,1.0
equal_fusion_pca,202937150091_R01C01,latent_response,Monocyte_direct,balanced_accuracy,1.0
equal_fusion_pca,202937150091_R01C01,latent_response,NK_indirect,n_cells,153.0
equal_fusion_pca,202937150091_R01C01,latent_response,NK_indirect,auc,0.9901136925358378
equal_fusion_pca,202937150091_R01C01,latent_response,NK_indirect,balanced_accuracy,0.9726890756302521
equal_fusion_pca,202937150091_R01C01,latent_response,B_cell_indirect,n_cells,72.0
equal_fusion_pca,202937150091_R01C01,latent_response,B_cell_indirect,auc,0.9841112214498511
equal_fusion_pca,202937150091_R01C01,latent_response,B_cell_indirect,balanced_accuracy,0.9379344587884806
equal_fusion_pca,202937150091_R01C01,heldout_marker,CD25_T,n_cells,581.0
equal_fusion_pca,202937150091_R01C01,heldout_marker,CD25_T,pred_auc,0.9992728053025607
equal_fusion_pca,202937150091_R01C01,heldout_marker,CD25_T,pred_ap,0.9993885827066687
equal_fusion_pca,202937150091_R01C01,heldout_marker,CD25_T,true_auc,0.9592770969433981
equal_fusion_pca,202937150091_R01C01,heldout_marker,CD25_T,effect_concordance,0.9600042916408374
equal_fusion_pca,202937150091_R01C01,heldout_marker,CD25_T,spearman_true_pred,0.8068361890908176
equal_fusion_pca,202937150091_R01C01,heldout_marker,CD25_T,discordant_n,19.0
equal_fusion_pca,202937150091_R01C01,heldout_marker,CD25_T,discordant_spearman,0.7517171881652405
equal_fusion_pca,202937150091_R01C01,heldout_marker,CD69_T,n_cells,581.0
equal_fusion_pca,202937150091_R01C01,heldout_marker,CD69_T,pred_auc,0.9999761575509036
equal_fusion_pca,202937150091_R01C01,heldout_marker,CD69_T,pred_ap,0.9999797149956893
equal_fusion_pca,202937150091_R01C01,heldout_marker,CD69_T,true_auc,0.9957977683467646
equal_fusion_pca,202937150091_R01C01,heldout_marker,CD69_T,effect_concordance,0.995821610795861
equal_fusion_pca,202937150091_R01C01,heldout_marker,CD69_T,spearman_true_pred,0.8215172242355955
equal_fusion_pca,202937150091_R01C01,heldout_marker,CD69_T,discordant_n,34.0
equal_fusion_pca,202937150091_R01C01,heldout_marker,CD69_T,discordant_spearman,0.6889228418640182
equal_fusion_pca,202937150091_R01C01,heldout_marker,HLA_DR_Monocyte,n_cells,138.0
equal_fusion_pca,202937150091_R01C01,heldout_marker,HLA_DR_Monocyte,pred_auc,0.5772306397306398
equal_fusion_pca,202937150091_R01C01,heldout_marker,HLA_DR_Monocyte,pred_ap,0.5749929982317448
equal_fusion_pca,202937150091_R01C01,heldout_marker,HLA_DR_Monocyte,true_auc,0.38489057239057234
equal_fusion_pca,202937150091_R01C01,heldout_marker,HLA_DR_Monocyte,effect_concordance,0.8076599326599325
equal_fusion_pca,202937150091_R01C01,heldout_marker,HLA_DR_Monocyte,spearman_true_pred,0.47227968278700616
equal_fusion_pca,202937150091_R01C01,heldout_marker,HLA_DR_Monocyte,discordant_n,10.0
equal_fusion_pca,202937150091_R01C01,heldout_marker,HLA_DR_Monocyte,discordant_spearman,0.6727272727272726
rna_pca,202937150091_R02C01,latent_response,T_cell_direct,n_cells,366.0
rna_pca,202937150091_R02C01,latent_response,T_cell_direct,auc,0.9946988529156309
rna_pca,202937150091_R02C01,latent_response,T_cell_direct,balanced_accuracy,0.9783761118931384
rna_pca,202937150091_R02C01,latent_response,Monocyte_direct,n_cells,123.0
rna_pca,202937150091_R02C01,latent_response,Monocyte_direct,auc,1.0
rna_pca,202937150091_R02C01,latent_response,Monocyte_direct,balanced_accuracy,1.0
rna_pca,202937150091_R02C01,latent_response,NK_indirect,n_cells,102.0
rna_pca,202937150091_R02C01,latent_response,NK_indirect,auc,0.9925108395743003
rna_pca,202937150091_R02C01,latent_response,NK_indirect,balanced_accuracy,0.95447378793851
rna_pca,202937150091_R02C01,latent_response,B_cell_indirect,n_cells,48.0
rna_pca,202937150091_R02C01,latent_response,B_cell_indirect,auc,0.9715370018975332
rna_pca,202937150091_R02C01,latent_response,B_cell_indirect,balanced_accuracy,0.9193548387096775
rna_pca,202937150091_R02C01,heldout_marker,CD25_T,n_cells,366.0
rna_pca,202937150091_R02C01,heldout_marker,CD25_T,pred_auc,0.9837371589445626
rna_pca,202937150091_R02C01,heldout_marker,CD25_T,pred_ap,0.9885555410741204
rna_pca,202937150091_R02C01,heldout_marker,CD25_T,true_auc,0.9365210099134444
rna_pca,202937150091_R02C01,heldout_marker,CD25_T,effect_concordance,0.9527838509688819
rna_pca,202937150091_R02C01,heldout_marker,CD25_T,spearman_true_pred,0.778036245729428
rna_pca,202937150091_R02C01,heldout_marker,CD25_T,discordant_n,15.0
rna_pca,202937150091_R02C01,heldout_marker,CD25_T,discordant_spearman,0.27623596128365746
rna_pca,202937150091_R02C01,heldout_marker,CD69_T,n_cells,366.0
rna_pca,202937150091_R02C01,heldout_marker,CD69_T,pred_auc,0.9908952050076373
rna_pca,202937150091_R02C01,heldout_marker,CD69_T,pred_ap,0.9945277305200441
rna_pca,202937150091_R02C01,heldout_marker,CD69_T,true_auc,0.9940249782862619
rna_pca,202937150091_R02C01,heldout_marker,CD69_T,effect_concordance,0.9968702267213754
rna_pca,202937150091_R02C01,heldout_marker,CD69_T,spearman_true_pred,0.7870453526209992
rna_pca,202937150091_R02C01,heldout_marker,CD69_T,discordant_n,28.0
rna_pca,202937150091_R02C01,heldout_marker,CD69_T,discordant_spearman,0.48638292504201247
rna_pca,202937150091_R02C01,heldout_marker,HLA_DR_Monocyte,n_cells,123.0
rna_pca,202937150091_R02C01,heldout_marker,HLA_DR_Monocyte,pred_auc,0.21401918976545845
rna_pca,202937150091_R02C01,heldout_marker,HLA_DR_Monocyte,pred_ap,0.39307778075402144
rna_pca,202937150091_R02C01,heldout_marker,HLA_DR_Monocyte,true_auc,0.3406183368869936
rna_pca,202937150091_R02C01,heldout_marker,HLA_DR_Monocyte,effect_concordance,0.8734008528784648
rna_pca,202937150091_R02C01,heldout_marker,HLA_DR_Monocyte,spearman_true_pred,0.4948463249504125
rna_pca,202937150091_R02C01,heldout_marker,HLA_DR_Monocyte,discordant_n,13.0
rna_pca,202937150091_R02C01,heldout_marker,HLA_DR_Monocyte,discordant_spearman,-0.26373626373626374
protein_pca,202937150091_R02C01,latent_response,T_cell_direct,n_cells,366.0
protein_pca,202937150091_R02C01,latent_response,T_cell_direct,auc,0.9991314504777022
protein_pca,202937150091_R02C01,latent_response,T_cell_direct,balanced_accuracy,0.9806672856329929
protein_pca,202937150091_R02C01,latent_response,Monocyte_direct,n_cells,123.0
protein_pca,202937150091_R02C01,latent_response,Monocyte_direct,auc,0.9901385927505331
protein_pca,202937150091_R02C01,latent_response,Monocyte_direct,balanced_accuracy,0.968683368869936
protein_pca,202937150091_R02C01,latent_response,NK_indirect,n_cells,102.0
protein_pca,202937150091_R02C01,latent_response,NK_indirect,auc,0.7863618446984627
protein_pca,202937150091_R02C01,latent_response,NK_indirect,balanced_accuracy,0.6836815135987386
protein_pca,202937150091_R02C01,latent_response,B_cell_indirect,n_cells,48.0
protein_pca,202937150091_R02C01,latent_response,B_cell_indirect,auc,0.9297912713472486
protein_pca,202937150091_R02C01,latent_response,B_cell_indirect,balanced_accuracy,0.8368121442125238
protein_pca,202937150091_R02C01,heldout_marker,CD25_T,n_cells,366.0
protein_pca,202937150091_R02C01,heldout_marker,CD25_T,pred_auc,0.9885591062924916
protein_pca,202937150091_R02C01,heldout_marker,CD25_T,pred_ap,0.9902382299654512
protein_pca,202937150091_R02C01,heldout_marker,CD25_T,true_auc,0.9365210099134444
protein_pca,202937150091_R02C01,heldout_marker,CD25_T,effect_concordance,0.9479619036209529
protein_pca,202937150091_R02C01,heldout_marker,CD25_T,spearman_true_pred,0.7603061154915727
protein_pca,202937150091_R02C01,heldout_marker,CD25_T,discordant_n,15.0
protein_pca,202937150091_R02C01,heldout_marker,CD25_T,discordant_spearman,0.7910393436759281
protein_pca,202937150091_R02C01,heldout_marker,CD69_T,n_cells,366.0
protein_pca,202937150091_R02C01,heldout_marker,CD69_T,pred_auc,0.9964060019766989
protein_pca,202937150091_R02C01,heldout_marker,CD69_T,pred_ap,0.9971086478858799
protein_pca,202937150091_R02C01,heldout_marker,CD69_T,true_auc,0.9940249782862619
protein_pca,202937150091_R02C01,heldout_marker,CD69_T,effect_concordance,0.997618976309563
protein_pca,202937150091_R02C01,heldout_marker,CD69_T,spearman_true_pred,0.7994785804052468
protein_pca,202937150091_R02C01,heldout_marker,CD69_T,discordant_n,28.0
protein_pca,202937150091_R02C01,heldout_marker,CD69_T,discordant_spearman,0.5840974462800533
protein_pca,202937150091_R02C01,heldout_marker,HLA_DR_Monocyte,n_cells,123.0
protein_pca,202937150091_R02C01,heldout_marker,HLA_DR_Monocyte,pred_auc,0.5666311300639659
protein_pca,202937150091_R02C01,heldout_marker,HLA_DR_Monocyte,pred_ap,0.6787382227992329
protein_pca,202937150091_R02C01,heldout_marker,HLA_DR_Monocyte,true_auc,0.3406183368869936
protein_pca,202937150091_R02C01,heldout_marker,HLA_DR_Monocyte,effect_concordance,0.7739872068230277
protein_pca,202937150091_R02C01,heldout_marker,HLA_DR_Monocyte,spearman_true_pred,0.0763901540982743
protein_pca,202937150091_R02C01,heldout_marker,HLA_DR_Monocyte,discordant_n,13.0
protein_pca,202937150091_R02C01,heldout_marker,HLA_DR_Monocyte,discordant_spearman,0.19780219780219782
equal_fusion_pca,202937150091_R02C01,latent_response,T_cell_direct,n_cells,366.0
equal_fusion_pca,202937150091_R02C01,latent_response,T_cell_direct,auc,0.9997304501482525
equal_fusion_pca,202937150091_R02C01,latent_response,T_cell_direct,balanced_accuracy,0.9919284794393363
equal_fusion_pca,202937150091_R02C01,latent_response,Monocyte_direct,n_cells,123.0
equal_fusion_pca,202937150091_R02C01,latent_response,Monocyte_direct,auc,1.0
equal_fusion_pca,202937150091_R02C01,latent_response,Monocyte_direct,balanced_accuracy,1.0
equal_fusion_pca,202937150091_R02C01,latent_response,NK_indirect,n_cells,102.0
equal_fusion_pca,202937150091_R02C01,latent_response,NK_indirect,auc,0.9664958612534489
equal_fusion_pca,202937150091_R02C01,latent_response,NK_indirect,balanced_accuracy,0.8973196689002759
equal_fusion_pca,202937150091_R02C01,latent_response,B_cell_indirect,n_cells,48.0
equal_fusion_pca,202937150091_R02C01,latent_response,B_cell_indirect,auc,0.9525616698292221
equal_fusion_pca,202937150091_R02C01,latent_response,B_cell_indirect,balanced_accuracy,0.9060721062618595
equal_fusion_pca,202937150091_R02C01,heldout_marker,CD25_T,n_cells,366.0
equal_fusion_pca,202937150091_R02C01,heldout_marker,CD25_T,pred_auc,0.9938003534098057
equal_fusion_pca,202937150091_R02C01,heldout_marker,CD25_T,pred_ap,0.9949338171028965
equal_fusion_pca,202937150091_R02C01,heldout_marker,CD25_T,true_auc,0.9365210099134444
equal_fusion_pca,202937150091_R02C01,heldout_marker,CD25_T,effect_concordance,0.9427206565036388
equal_fusion_pca,202937150091_R02C01,heldout_marker,CD25_T,spearman_true_pred,0.7890049385455913
equal_fusion_pca,202937150091_R02C01,heldout_marker,CD25_T,discordant_n,15.0
equal_fusion_pca,202937150091_R02C01,heldout_marker,CD25_T,discordant_spearman,0.5901404627423591
equal_fusion_pca,202937150091_R02C01,heldout_marker,CD69_T,n_cells,366.0
equal_fusion_pca,202937150091_R02C01,heldout_marker,CD69_T,pred_auc,0.9996406001976699
equal_fusion_pca,202937150091_R02C01,heldout_marker,CD69_T,pred_ap,0.9996787231530466
equal_fusion_pca,202937150091_R02C01,heldout_marker,CD69_T,true_auc,0.9940249782862619
equal_fusion_pca,202937150091_R02C01,heldout_marker,CD69_T,effect_concordance,0.994384378088592
equal_fusion_pca,202937150091_R02C01,heldout_marker,CD69_T,spearman_true_pred,0.8198719138934824
equal_fusion_pca,202937150091_R02C01,heldout_marker,CD69_T,discordant_n,28.0
equal_fusion_pca,202937150091_R02C01,heldout_marker,CD69_T,discordant_spearman,0.5052689249451633
equal_fusion_pca,202937150091_R02C01,heldout_marker,HLA_DR_Monocyte,n_cells,123.0
equal_fusion_pca,202937150091_R02C01,heldout_marker,HLA_DR_Monocyte,pred_auc,0.3078358208955224
equal_fusion_pca,202937150091_R02C01,heldout_marker,HLA_DR_Monocyte,pred_ap,0.427801152867227
equal_fusion_pca,202937150091_R02C01,heldout_marker,HLA_DR_Monocyte,true_auc,0.3406183368869936
equal_fusion_pca,202937150091_R02C01,heldout_marker,HLA_DR_Monocyte,effect_concordance,0.9672174840085288
equal_fusion_pca,202937150091_R02C01,heldout_marker,HLA_DR_Monocyte,spearman_true_pred,0.454403719939836
equal_fusion_pca,202937150091_R02C01,heldout_marker,HLA_DR_Monocyte,discordant_n,13.0
equal_fusion_pca,202937150091_R02C01,heldout_marker,HLA_DR_Monocyte,discordant_spearman,-0.07692307692307691
rna_pca,202937150118_R01C01,latent_response,T_cell_direct,n_cells,732.0
rna_pca,202937150118_R01C01,latent_response,T_cell_direct,auc,0.9967035112486108
rna_pca,202937150118_R01C01,latent_response,T_cell_direct,balanced_accuracy,0.975685579551257
rna_pca,202937150118_R01C01,latent_response,Monocyte_direct,n_cells,99.0
rna_pca,202937150118_R01C01,latent_response,Monocyte_direct,auc,1.0
rna_pca,202937150118_R01C01,latent_response,Monocyte_direct,balanced_accuracy,1.0
rna_pca,202937150118_R01C01,latent_response,NK_indirect,n_cells,212.0
rna_pca,202937150118_R01C01,latent_response,NK_indirect,auc,0.9962481962481962
rna_pca,202937150118_R01C01,latent_response,NK_indirect,balanced_accuracy,0.9657046657046657
rna_pca,202937150118_R01C01,latent_response,B_cell_indirect,n_cells,70.0
rna_pca,202937150118_R01C01,latent_response,B_cell_indirect,auc,0.9829931972789117
rna_pca,202937150118_R01C01,latent_response,B_cell_indirect,balanced_accuracy,0.9404761904761905
rna_pca,202937150118_R01C01,heldout_marker,CD25_T,n_cells,732.0
rna_pca,202937150118_R01C01,heldout_marker,CD25_T,pred_auc,0.9838329378548043
rna_pca,202937150118_R01C01,heldout_marker,CD25_T,pred_ap,0.9890439386200744
rna_pca,202937150118_R01C01,heldout_marker,CD25_T,true_auc,0.8898905175262067
rna_pca,202937150118_R01C01,heldout_marker,CD25_T,effect_concordance,0.9060575796714024
rna_pca,202937150118_R01C01,heldout_marker,CD25_T,spearman_true_pred,0.7607589503984504
rna_pca,202937150118_R01C01,heldout_marker,CD25_T,discordant_n,27.0
rna_pca,202937150118_R01C01,heldout_marker,CD25_T,discordant_spearman,0.6776902003108359
rna_pca,202937150118_R01C01,heldout_marker,CD69_T,n_cells,732.0
rna_pca,202937150118_R01C01,heldout_marker,CD69_T,pred_auc,0.9952092031357943
rna_pca,202937150118_R01C01,heldout_marker,CD69_T,pred_ap,0.9963652700286594
rna_pca,202937150118_R01C01,heldout_marker,CD69_T,true_auc,0.9940565584357072
rna_pca,202937150118_R01C01,heldout_marker,CD69_T,effect_concordance,0.9988473552999129
rna_pca,202937150118_R01C01,heldout_marker,CD69_T,spearman_true_pred,0.8134396661501225
rna_pca,202937150118_R01C01,heldout_marker,CD69_T,discordant_n,49.0
rna_pca,202937150118_R01C01,heldout_marker,CD69_T,discordant_spearman,0.4491045467349014
rna_pca,202937150118_R01C01,heldout_marker,HLA_DR_Monocyte,n_cells,99.0
rna_pca,202937150118_R01C01,heldout_marker,HLA_DR_Monocyte,pred_auc,0.26634699215344376
rna_pca,202937150118_R01C01,heldout_marker,HLA_DR_Monocyte,pred_ap,0.28016650818481414
rna_pca,202937150118_R01C01,heldout_marker,HLA_DR_Monocyte,true_auc,0.24324324324324326
rna_pca,202937150118_R01C01,heldout_marker,HLA_DR_Monocyte,effect_concordance,0.9768962510897995
rna_pca,202937150118_R01C01,heldout_marker,HLA_DR_Monocyte,spearman_true_pred,0.4467464038239539
rna_pca,202937150118_R01C01,heldout_marker,HLA_DR_Monocyte,discordant_n,8.0
rna_pca,202937150118_R01C01,heldout_marker,HLA_DR_Monocyte,discordant_spearman,
protein_pca,202937150118_R01C01,latent_response,T_cell_direct,n_cells,732.0
protein_pca,202937150118_R01C01,latent_response,T_cell_direct,auc,0.997724746943802
protein_pca,202937150118_R01C01,latent_response,T_cell_direct,balanced_accuracy,0.9820307572162317
protein_pca,202937150118_R01C01,latent_response,Monocyte_direct,n_cells,99.0
protein_pca,202937150118_R01C01,latent_response,Monocyte_direct,auc,0.986922406277245
protein_pca,202937150118_R01C01,latent_response,Monocyte_direct,balanced_accuracy,0.9461639058413251
protein_pca,202937150118_R01C01,latent_response,NK_indirect,n_cells,212.0
protein_pca,202937150118_R01C01,latent_response,NK_indirect,auc,0.6276094276094276
protein_pca,202937150118_R01C01,latent_response,NK_indirect,balanced_accuracy,0.5995189995189996
protein_pca,202937150118_R01C01,latent_response,B_cell_indirect,n_cells,70.0
protein_pca,202937150118_R01C01,latent_response,B_cell_indirect,auc,0.9566326530612246
protein_pca,202937150118_R01C01,latent_response,B_cell_indirect,balanced_accuracy,0.8690476190476191
protein_pca,202937150118_R01C01,heldout_marker,CD25_T,n_cells,732.0
protein_pca,202937150118_R01C01,heldout_marker,CD25_T,pred_auc,0.9930691136274893
protein_pca,202937150118_R01C01,heldout_marker,CD25_T,pred_ap,0.9937467275591814
protein_pca,202937150118_R01C01,heldout_marker,CD25_T,true_auc,0.8898905175262067
protein_pca,202937150118_R01C01,heldout_marker,CD25_T,effect_concordance,0.8968214038987175
protein_pca,202937150118_R01C01,heldout_marker,CD25_T,spearman_true_pred,0.7332883868497793
protein_pca,202937150118_R01C01,heldout_marker,CD25_T,discordant_n,27.0
protein_pca,202937150118_R01C01,heldout_marker,CD25_T,discordant_spearman,0.6630593140386222
protein_pca,202937150118_R01C01,heldout_marker,CD69_T,n_cells,732.0
protein_pca,202937150118_R01C01,heldout_marker,CD69_T,pred_auc,0.9966209113026763
protein_pca,202937150118_R01C01,heldout_marker,CD69_T,pred_ap,0.9974236928041226
protein_pca,202937150118_R01C01,heldout_marker,CD69_T,true_auc,0.9940565584357072
protein_pca,202937150118_R01C01,heldout_marker,CD69_T,effect_concordance,0.9974356471330309
protein_pca,202937150118_R01C01,heldout_marker,CD69_T,spearman_true_pred,0.8028498432259769
protein_pca,202937150118_R01C01,heldout_marker,CD69_T,discordant_n,49.0
protein_pca,202937150118_R01C01,heldout_marker,CD69_T,discordant_spearman,0.48803510446709064
protein_pca,202937150118_R01C01,heldout_marker,HLA_DR_Monocyte,n_cells,99.0
protein_pca,202937150118_R01C01,heldout_marker,HLA_DR_Monocyte,pred_auc,0.6857018308631212
protein_pca,202937150118_R01C01,heldout_marker,HLA_DR_Monocyte,pred_ap,0.6444639010975526
protein_pca,202937150118_R01C01,heldout_marker,HLA_DR_Monocyte,true_auc,0.24324324324324326
protein_pca,202937150118_R01C01,heldout_marker,HLA_DR_Monocyte,effect_concordance,0.5575414123801221
protein_pca,202937150118_R01C01,heldout_marker,HLA_DR_Monocyte,spearman_true_pred,0.0299076055385343
protein_pca,202937150118_R01C01,heldout_marker,HLA_DR_Monocyte,discordant_n,8.0
protein_pca,202937150118_R01C01,heldout_marker,HLA_DR_Monocyte,discordant_spearman,
equal_fusion_pca,202937150118_R01C01,latent_response,T_cell_direct,n_cells,732.0
equal_fusion_pca,202937150118_R01C01,latent_response,T_cell_direct,auc,0.9994443276364401
equal_fusion_pca,202937150118_R01C01,latent_response,T_cell_direct,balanced_accuracy,0.9879479169795452
equal_fusion_pca,202937150118_R01C01,latent_response,Monocyte_direct,n_cells,99.0
equal_fusion_pca,202937150118_R01C01,latent_response,Monocyte_direct,auc,1.0
equal_fusion_pca,202937150118_R01C01,latent_response,Monocyte_direct,balanced_accuracy,1.0
equal_fusion_pca,202937150118_R01C01,latent_response,NK_indirect,n_cells,212.0
equal_fusion_pca,202937150118_R01C01,latent_response,NK_indirect,auc,0.9847041847041847
equal_fusion_pca,202937150118_R01C01,latent_response,NK_indirect,balanced_accuracy,0.9481000481000481
equal_fusion_pca,202937150118_R01C01,latent_response,B_cell_indirect,n_cells,70.0
equal_fusion_pca,202937150118_R01C01,latent_response,B_cell_indirect,auc,0.9880952380952381
equal_fusion_pca,202937150118_R01C01,latent_response,B_cell_indirect,balanced_accuracy,0.9285714285714286
equal_fusion_pca,202937150118_R01C01,heldout_marker,CD25_T,n_cells,732.0
equal_fusion_pca,202937150118_R01C01,heldout_marker,CD25_T,pred_auc,0.9952467485657647
equal_fusion_pca,202937150118_R01C01,heldout_marker,CD25_T,pred_ap,0.9960640445087818
equal_fusion_pca,202937150118_R01C01,heldout_marker,CD25_T,true_auc,0.8898905175262067
equal_fusion_pca,202937150118_R01C01,heldout_marker,CD25_T,effect_concordance,0.8946437689604421
equal_fusion_pca,202937150118_R01C01,heldout_marker,CD25_T,spearman_true_pred,0.780237929790165
equal_fusion_pca,202937150118_R01C01,heldout_marker,CD25_T,discordant_n,27.0
equal_fusion_pca,202937150118_R01C01,heldout_marker,CD25_T,discordant_spearman,0.6767563139530349
equal_fusion_pca,202937150118_R01C01,heldout_marker,CD69_T,n_cells,732.0
equal_fusion_pca,202937150118_R01C01,heldout_marker,CD69_T,pred_auc,0.9993166731745412
equal_fusion_pca,202937150118_R01C01,heldout_marker,CD69_T,pred_ap,0.9994361561789589
equal_fusion_pca,202937150118_R01C01,heldout_marker,CD69_T,true_auc,0.9940565584357072
equal_fusion_pca,202937150118_R01C01,heldout_marker,CD69_T,effect_concordance,0.994739885261166
equal_fusion_pca,202937150118_R01C01,heldout_marker,CD69_T,spearman_true_pred,0.8288171930998097
equal_fusion_pca,202937150118_R01C01,heldout_marker,CD69_T,discordant_n,49.0
equal_fusion_pca,202937150118_R01C01,heldout_marker,CD69_T,discordant_spearman,0.4203785912916215
equal_fusion_pca,202937150118_R01C01,heldout_marker,HLA_DR_Monocyte,n_cells,99.0
equal_fusion_pca,202937150118_R01C01,heldout_marker,HLA_DR_Monocyte,pred_auc,0.3809938971229294
equal_fusion_pca,202937150118_R01C01,heldout_marker,HLA_DR_Monocyte,pred_ap,0.3870714458933948
equal_fusion_pca,202937150118_R01C01,heldout_marker,HLA_DR_Monocyte,true_auc,0.24324324324324326
equal_fusion_pca,202937150118_R01C01,heldout_marker,HLA_DR_Monocyte,effect_concordance,0.8622493461203138
equal_fusion_pca,202937150118_R01C01,heldout_marker,HLA_DR_Monocyte,spearman_true_pred,0.40186644241097963
equal_fusion_pca,202937150118_R01C01,heldout_marker,HLA_DR_Monocyte,discordant_n,8.0
equal_fusion_pca,202937150118_R01C01,heldout_marker,HLA_DR_Monocyte,discordant_spearman,
rna_pca,202937150118_R02C01,latent_response,T_cell_direct,n_cells,740.0
rna_pca,202937150118_R02C01,latent_response,T_cell_direct,auc,0.9962888284971216
rna_pca,202937150118_R02C01,latent_response,T_cell_direct,balanced_accuracy,0.9691636714298237
rna_pca,202937150118_R02C01,latent_response,Monocyte_direct,n_cells,177.0
rna_pca,202937150118_R02C01,latent_response,Monocyte_direct,auc,1.0
rna_pca,202937150118_R02C01,latent_response,Monocyte_direct,balanced_accuracy,0.9928571428571429
rna_pca,202937150118_R02C01,latent_response,NK_indirect,n_cells,73.0
rna_pca,202937150118_R02C01,latent_response,NK_indirect,auc,0.98
rna_pca,202937150118_R02C01,latent_response,NK_indirect,balanced_accuracy,0.9082608695652175
rna_pca,202937150118_R02C01,latent_response,B_cell_indirect,n_cells,67.0
rna_pca,202937150118_R02C01,latent_response,B_cell_indirect,auc,0.9868667917448405
rna_pca,202937150118_R02C01,latent_response,B_cell_indirect,balanced_accuracy,0.949343339587242
rna_pca,202937150118_R02C01,heldout_marker,CD25_T,n_cells,740.0
rna_pca,202937150118_R02C01,heldout_marker,CD25_T,pred_auc,0.9598565208497706
rna_pca,202937150118_R02C01,heldout_marker,CD25_T,pred_ap,0.9712492431815064
rna_pca,202937150118_R02C01,heldout_marker,CD25_T,true_auc,0.8933220829315333
rna_pca,202937150118_R02C01,heldout_marker,CD25_T,effect_concordance,0.9334655620817627
rna_pca,202937150118_R02C01,heldout_marker,CD25_T,spearman_true_pred,0.750178534967162
rna_pca,202937150118_R02C01,heldout_marker,CD25_T,discordant_n,36.0
rna_pca,202937150118_R02C01,heldout_marker,CD25_T,discordant_spearman,0.6753361711452738
rna_pca,202937150118_R02C01,heldout_marker,CD69_T,n_cells,740.0
rna_pca,202937150118_R02C01,heldout_marker,CD69_T,pred_auc,0.9924388533356711
rna_pca,202937150118_R02C01,heldout_marker,CD69_T,pred_ap,0.9935818948037812
rna_pca,202937150118_R02C01,heldout_marker,CD69_T,true_auc,0.9879752198942171
rna_pca,202937150118_R02C01,heldout_marker,CD69_T,effect_concordance,0.995536366558546
rna_pca,202937150118_R02C01,heldout_marker,CD69_T,spearman_true_pred,0.7855811355066621
rna_pca,202937150118_R02C01,heldout_marker,CD69_T,discordant_n,55.0
rna_pca,202937150118_R02C01,heldout_marker,CD69_T,discordant_spearman,0.6134945075481822
rna_pca,202937150118_R02C01,heldout_marker,HLA_DR_Monocyte,n_cells,177.0
rna_pca,202937150118_R02C01,heldout_marker,HLA_DR_Monocyte,pred_auc,0.3455273698264353
rna_pca,202937150118_R02C01,heldout_marker,HLA_DR_Monocyte,pred_ap,0.30301854486709306
rna_pca,202937150118_R02C01,heldout_marker,HLA_DR_Monocyte,true_auc,0.4567423230974633
rna_pca,202937150118_R02C01,heldout_marker,HLA_DR_Monocyte,effect_concordance,0.888785046728972
rna_pca,202937150118_R02C01,heldout_marker,HLA_DR_Monocyte,spearman_true_pred,0.47632243719623085
rna_pca,202937150118_R02C01,heldout_marker,HLA_DR_Monocyte,discordant_n,27.0
rna_pca,202937150118_R02C01,heldout_marker,HLA_DR_Monocyte,discordant_spearman,-0.14774114774114774
protein_pca,202937150118_R02C01,latent_response,T_cell_direct,n_cells,740.0
protein_pca,202937150118_R02C01,latent_response,T_cell_direct,auc,0.9974942286899857
protein_pca,202937150118_R02C01,latent_response,T_cell_direct,balanced_accuracy,0.9717498027526956
protein_pca,202937150118_R02C01,latent_response,Monocyte_direct,n_cells,177.0
protein_pca,202937150118_R02C01,latent_response,Monocyte_direct,auc,0.9911882510013351
protein_pca,202937150118_R02C01,latent_response,Monocyte_direct,balanced_accuracy,0.9477970627503338
protein_pca,202937150118_R02C01,latent_response,NK_indirect,n_cells,73.0
protein_pca,202937150118_R02C01,latent_response,NK_indirect,auc,0.6330434782608695
protein_pca,202937150118_R02C01,latent_response,NK_indirect,balanced_accuracy,0.5726086956521739
protein_pca,202937150118_R02C01,latent_response,B_cell_indirect,n_cells,67.0
protein_pca,202937150118_R02C01,latent_response,B_cell_indirect,auc,0.8405253283302063
protein_pca,202937150118_R02C01,latent_response,B_cell_indirect,balanced_accuracy,0.7818949343339587
protein_pca,202937150118_R02C01,heldout_marker,CD25_T,n_cells,740.0
protein_pca,202937150118_R02C01,heldout_marker,CD25_T,pred_auc,0.9929940679699599
protein_pca,202937150118_R02C01,heldout_marker,CD25_T,pred_ap,0.992309761100904
protein_pca,202937150118_R02C01,heldout_marker,CD25_T,true_auc,0.8933220829315333
protein_pca,202937150118_R02C01,heldout_marker,CD25_T,effect_concordance,0.9003280149615733
protein_pca,202937150118_R02C01,heldout_marker,CD25_T,spearman_true_pred,0.6971937261729495
protein_pca,202937150118_R02C01,heldout_marker,CD25_T,discordant_n,36.0
protein_pca,202937150118_R02C01,heldout_marker,CD25_T,discordant_spearman,0.5545209490468744
protein_pca,202937150118_R02C01,heldout_marker,CD69_T,n_cells,740.0
protein_pca,202937150118_R02C01,heldout_marker,CD69_T,pred_auc,0.9966467958271237
protein_pca,202937150118_R02C01,heldout_marker,CD69_T,pred_ap,0.996605257312487
protein_pca,202937150118_R02C01,heldout_marker,CD69_T,true_auc,0.9879752198942171
protein_pca,202937150118_R02C01,heldout_marker,CD69_T,effect_concordance,0.9913284240670934
protein_pca,202937150118_R02C01,heldout_marker,CD69_T,spearman_true_pred,0.7743614592114754
protein_pca,202937150118_R02C01,heldout_marker,CD69_T,discordant_n,55.0
protein_pca,202937150118_R02C01,heldout_marker,CD69_T,discordant_spearman,0.47407541814241994
protein_pca,202937150118_R02C01,heldout_marker,HLA_DR_Monocyte,n_cells,177.0
protein_pca,202937150118_R02C01,heldout_marker,HLA_DR_Monocyte,pred_auc,0.5951935914552736
protein_pca,202937150118_R02C01,heldout_marker,HLA_DR_Monocyte,pred_ap,0.574223116376479
protein_pca,202937150118_R02C01,heldout_marker,HLA_DR_Monocyte,true_auc,0.4567423230974633
protein_pca,202937150118_R02C01,heldout_marker,HLA_DR_Monocyte,effect_concordance,0.8615487316421897
protein_pca,202937150118_R02C01,heldout_marker,HLA_DR_Monocyte,spearman_true_pred,0.23212976609756616
protein_pca,202937150118_R02C01,heldout_marker,HLA_DR_Monocyte,discordant_n,27.0
protein_pca,202937150118_R02C01,heldout_marker,HLA_DR_Monocyte,discordant_spearman,0.25579975579975583
equal_fusion_pca,202937150118_R02C01,latent_response,T_cell_direct,n_cells,740.0
equal_fusion_pca,202937150118_R02C01,latent_response,T_cell_direct,auc,0.999620116302855
equal_fusion_pca,202937150118_R02C01,latent_response,T_cell_direct,balanced_accuracy,0.9879679144385027
equal_fusion_pca,202937150118_R02C01,latent_response,Monocyte_direct,n_cells,177.0
equal_fusion_pca,202937150118_R02C01,latent_response,Monocyte_direct,auc,0.9975967957276368
equal_fusion_pca,202937150118_R02C01,latent_response,Monocyte_direct,balanced_accuracy,0.9928571428571429
equal_fusion_pca,202937150118_R02C01,latent_response,NK_indirect,n_cells,73.0
equal_fusion_pca,202937150118_R02C01,latent_response,NK_indirect,auc,0.9243478260869565
equal_fusion_pca,202937150118_R02C01,latent_response,NK_indirect,balanced_accuracy,0.8465217391304347
equal_fusion_pca,202937150118_R02C01,latent_response,B_cell_indirect,n_cells,67.0
equal_fusion_pca,202937150118_R02C01,latent_response,B_cell_indirect,auc,0.9812382739212008
equal_fusion_pca,202937150118_R02C01,latent_response,B_cell_indirect,balanced_accuracy,0.9441838649155723
equal_fusion_pca,202937150118_R02C01,heldout_marker,CD25_T,n_cells,740.0
equal_fusion_pca,202937150118_R02C01,heldout_marker,CD25_T,pred_auc,0.9912772858770931
equal_fusion_pca,202937150118_R02C01,heldout_marker,CD25_T,pred_ap,0.9923167359927146
equal_fusion_pca,202937150118_R02C01,heldout_marker,CD25_T,true_auc,0.8933220829315333
equal_fusion_pca,202937150118_R02C01,heldout_marker,CD25_T,effect_concordance,0.9020447970544402
equal_fusion_pca,202937150118_R02C01,heldout_marker,CD25_T,spearman_true_pred,0.7641475169603056
equal_fusion_pca,202937150118_R02C01,heldout_marker,CD25_T,discordant_n,36.0
equal_fusion_pca,202937150118_R02C01,heldout_marker,CD25_T,discordant_spearman,0.6673602744483016
equal_fusion_pca,202937150118_R02C01,heldout_marker,CD69_T,n_cells,740.0
equal_fusion_pca,202937150118_R02C01,heldout_marker,CD69_T,pred_auc,0.9993352035299962
equal_fusion_pca,202937150118_R02C01,heldout_marker,CD69_T,pred_ap,0.9993778797696626
equal_fusion_pca,202937150118_R02C01,heldout_marker,CD69_T,true_auc,0.9879752198942171
equal_fusion_pca,202937150118_R02C01,heldout_marker,CD69_T,effect_concordance,0.9886400163642209
equal_fusion_pca,202937150118_R02C01,heldout_marker,CD69_T,spearman_true_pred,0.7970091090896692
equal_fusion_pca,202937150118_R02C01,heldout_marker,CD69_T,discordant_n,55.0
equal_fusion_pca,202937150118_R02C01,heldout_marker,CD69_T,discordant_spearman,0.5574598683537855
equal_fusion_pca,202937150118_R02C01,heldout_marker,HLA_DR_Monocyte,n_cells,177.0
equal_fusion_pca,202937150118_R02C01,heldout_marker,HLA_DR_Monocyte,pred_auc,0.4356475300400534
equal_fusion_pca,202937150118_R02C01,heldout_marker,HLA_DR_Monocyte,pred_ap,0.3482295342529669
equal_fusion_pca,202937150118_R02C01,heldout_marker,HLA_DR_Monocyte,true_auc,0.4567423230974633
equal_fusion_pca,202937150118_R02C01,heldout_marker,HLA_DR_Monocyte,effect_concordance,0.9789052069425901
equal_fusion_pca,202937150118_R02C01,heldout_marker,HLA_DR_Monocyte,spearman_true_pred,0.49383788779300003
equal_fusion_pca,202937150118_R02C01,heldout_marker,HLA_DR_Monocyte,discordant_n,27.0
equal_fusion_pca,202937150118_R02C01,heldout_marker,HLA_DR_Monocyte,discordant_spearman,-0.007936507936507934
rna_pca,202937150118_R03C01,latent_response,T_cell_direct,n_cells,1176.0
rna_pca,202937150118_R03C01,latent_response,T_cell_direct,auc,0.9984115904261095
rna_pca,202937150118_R03C01,latent_response,T_cell_direct,balanced_accuracy,0.9816324631206663
rna_pca,202937150118_R03C01,latent_response,Monocyte_direct,n_cells,125.0
rna_pca,202937150118_R03C01,latent_response,Monocyte_direct,auc,1.0
rna_pca,202937150118_R03C01,latent_response,Monocyte_direct,balanced_accuracy,1.0
rna_pca,202937150118_R03C01,latent_response,NK_indirect,n_cells,89.0
rna_pca,202937150118_R03C01,latent_response,NK_indirect,auc,1.0
rna_pca,202937150118_R03C01,latent_response,NK_indirect,balanced_accuracy,1.0
rna_pca,202937150118_R03C01,latent_response,B_cell_indirect,n_cells,52.0
rna_pca,202937150118_R03C01,latent_response,B_cell_indirect,auc,1.0
rna_pca,202937150118_R03C01,latent_response,B_cell_indirect,balanced_accuracy,0.9545454545454546
rna_pca,202937150118_R03C01,heldout_marker,CD25_T,n_cells,1176.0
rna_pca,202937150118_R03C01,heldout_marker,CD25_T,pred_auc,0.9880714163835761
rna_pca,202937150118_R03C01,heldout_marker,CD25_T,pred_ap,0.9939485572148649
rna_pca,202937150118_R03C01,heldout_marker,CD25_T,true_auc,0.9162594815952348
rna_pca,202937150118_R03C01,heldout_marker,CD25_T,effect_concordance,0.9281880652116588
rna_pca,202937150118_R03C01,heldout_marker,CD25_T,spearman_true_pred,0.7876136937582522
rna_pca,202937150118_R03C01,heldout_marker,CD25_T,discordant_n,25.0
rna_pca,202937150118_R03C01,heldout_marker,CD25_T,discordant_spearman,0.6416476112221416
rna_pca,202937150118_R03C01,heldout_marker,CD69_T,n_cells,1176.0
rna_pca,202937150118_R03C01,heldout_marker,CD69_T,pred_auc,0.9962709603362961
rna_pca,202937150118_R03C01,heldout_marker,CD69_T,pred_ap,0.9980483978176286
rna_pca,202937150118_R03C01,heldout_marker,CD69_T,true_auc,0.9958025036064965
rna_pca,202937150118_R03C01,heldout_marker,CD69_T,effect_concordance,0.9995315432702003
rna_pca,202937150118_R03C01,heldout_marker,CD69_T,spearman_true_pred,0.8083198589138526
rna_pca,202937150118_R03C01,heldout_marker,CD69_T,discordant_n,73.0
rna_pca,202937150118_R03C01,heldout_marker,CD69_T,discordant_spearman,0.44329078018243756
rna_pca,202937150118_R03C01,heldout_marker,HLA_DR_Monocyte,n_cells,125.0
rna_pca,202937150118_R03C01,heldout_marker,HLA_DR_Monocyte,pred_auc,0.556928508384819
rna_pca,202937150118_R03C01,heldout_marker,HLA_DR_Monocyte,pred_ap,0.18958784307909662
rna_pca,202937150118_R03C01,heldout_marker,HLA_DR_Monocyte,true_auc,0.6407766990291262
rna_pca,202937150118_R03C01,heldout_marker,HLA_DR_Monocyte,effect_concordance,0.9161518093556928
rna_pca,202937150118_R03C01,heldout_marker,HLA_DR_Monocyte,spearman_true_pred,0.6029410636063507
rna_pca,202937150118_R03C01,heldout_marker,HLA_DR_Monocyte,discordant_n,9.0
rna_pca,202937150118_R03C01,heldout_marker,HLA_DR_Monocyte,discordant_spearman,
protein_pca,202937150118_R03C01,latent_response,T_cell_direct,n_cells,1176.0
protein_pca,202937150118_R03C01,latent_response,T_cell_direct,auc,0.9976949447003893
protein_pca,202937150118_R03C01,latent_response,T_cell_direct,balanced_accuracy,0.980757596910047
protein_pca,202937150118_R03C01,latent_response,Monocyte_direct,n_cells,125.0
protein_pca,202937150118_R03C01,latent_response,Monocyte_direct,auc,0.9982347749338041
protein_pca,202937150118_R03C01,latent_response,Monocyte_direct,balanced_accuracy,0.9660194174757282
protein_pca,202937150118_R03C01,latent_response,NK_indirect,n_cells,89.0
protein_pca,202937150118_R03C01,latent_response,NK_indirect,auc,0.7847826086956521
protein_pca,202937150118_R03C01,latent_response,NK_indirect,balanced_accuracy,0.6728260869565217
protein_pca,202937150118_R03C01,latent_response,B_cell_indirect,n_cells,52.0
protein_pca,202937150118_R03C01,latent_response,B_cell_indirect,auc,0.9425837320574162
protein_pca,202937150118_R03C01,latent_response,B_cell_indirect,balanced_accuracy,0.9019138755980861
protein_pca,202937150118_R03C01,heldout_marker,CD25_T,n_cells,1176.0
protein_pca,202937150118_R03C01,heldout_marker,CD25_T,pred_auc,0.9834147703476196
protein_pca,202937150118_R03C01,heldout_marker,CD25_T,pred_ap,0.9908518377878399
protein_pca,202937150118_R03C01,heldout_marker,CD25_T,true_auc,0.9162594815952348
protein_pca,202937150118_R03C01,heldout_marker,CD25_T,effect_concordance,0.9328447112476153
protein_pca,202937150118_R03C01,heldout_marker,CD25_T,spearman_true_pred,0.7220111539992025
protein_pca,202937150118_R03C01,heldout_marker,CD25_T,discordant_n,25.0
protein_pca,202937150118_R03C01,heldout_marker,CD25_T,discordant_spearman,0.8187069400536865
protein_pca,202937150118_R03C01,heldout_marker,CD69_T,n_cells,1176.0
protein_pca,202937150118_R03C01,heldout_marker,CD69_T,pred_auc,0.9955263933485349
protein_pca,202937150118_R03C01,heldout_marker,CD69_T,pred_ap,0.9975165274174883
protein_pca,202937150118_R03C01,heldout_marker,CD69_T,true_auc,0.9958025036064965
protein_pca,202937150118_R03C01,heldout_marker,CD69_T,effect_concordance,0.9997238897420384
protein_pca,202937150118_R03C01,heldout_marker,CD69_T,spearman_true_pred,0.7869901021290755
protein_pca,202937150118_R03C01,heldout_marker,CD69_T,discordant_n,73.0
protein_pca,202937150118_R03C01,heldout_marker,CD69_T,discordant_spearman,0.39071238673720915
protein_pca,202937150118_R03C01,heldout_marker,HLA_DR_Monocyte,n_cells,125.0
protein_pca,202937150118_R03C01,heldout_marker,HLA_DR_Monocyte,pred_auc,0.7828773168578994
protein_pca,202937150118_R03C01,heldout_marker,HLA_DR_Monocyte,pred_ap,0.5614359297941088
protein_pca,202937150118_R03C01,heldout_marker,HLA_DR_Monocyte,true_auc,0.6407766990291262
protein_pca,202937150118_R03C01,heldout_marker,HLA_DR_Monocyte,effect_concordance,0.8578993821712267
protein_pca,202937150118_R03C01,heldout_marker,HLA_DR_Monocyte,spearman_true_pred,0.14809774053595917
protein_pca,202937150118_R03C01,heldout_marker,HLA_DR_Monocyte,discordant_n,9.0
protein_pca,202937150118_R03C01,heldout_marker,HLA_DR_Monocyte,discordant_spearman,
equal_fusion_pca,202937150118_R03C01,latent_response,T_cell_direct,n_cells,1176.0
equal_fusion_pca,202937150118_R03C01,latent_response,T_cell_direct,auc,0.9997487086416306
equal_fusion_pca,202937150118_R03C01,latent_response,T_cell_direct,balanced_accuracy,0.9934524640513751
equal_fusion_pca,202937150118_R03C01,latent_response,Monocyte_direct,n_cells,125.0
equal_fusion_pca,202937150118_R03C01,latent_response,Monocyte_direct,auc,1.0
equal_fusion_pca,202937150118_R03C01,latent_response,Monocyte_direct,balanced_accuracy,1.0
equal_fusion_pca,202937150118_R03C01,latent_response,NK_indirect,n_cells,89.0
equal_fusion_pca,202937150118_R03C01,latent_response,NK_indirect,auc,0.9963768115942029
equal_fusion_pca,202937150118_R03C01,latent_response,NK_indirect,balanced_accuracy,0.975
equal_fusion_pca,202937150118_R03C01,latent_response,B_cell_indirect,n_cells,52.0
equal_fusion_pca,202937150118_R03C01,latent_response,B_cell_indirect,auc,0.9952153110047847
equal_fusion_pca,202937150118_R03C01,latent_response,B_cell_indirect,balanced_accuracy,0.9545454545454546
equal_fusion_pca,202937150118_R03C01,heldout_marker,CD25_T,n_cells,1176.0
equal_fusion_pca,202937150118_R03C01,heldout_marker,CD25_T,pred_auc,0.9952006452913894
equal_fusion_pca,202937150118_R03C01,heldout_marker,CD25_T,pred_ap,0.9973694956661415
equal_fusion_pca,202937150118_R03C01,heldout_marker,CD25_T,true_auc,0.9162594815952348
equal_fusion_pca,202937150118_R03C01,heldout_marker,CD25_T,effect_concordance,0.9210588363038454
equal_fusion_pca,202937150118_R03C01,heldout_marker,CD25_T,spearman_true_pred,0.7981378320616238
equal_fusion_pca,202937150118_R03C01,heldout_marker,CD25_T,discordant_n,25.0
equal_fusion_pca,202937150118_R03C01,heldout_marker,CD25_T,discordant_spearman,0.7909933059757056
equal_fusion_pca,202937150118_R03C01,heldout_marker,CD69_T,n_cells,1176.0
equal_fusion_pca,202937150118_R03C01,heldout_marker,CD69_T,pred_auc,0.9995873857942823
equal_fusion_pca,202937150118_R03C01,heldout_marker,CD69_T,pred_ap,0.9997833388374989
equal_fusion_pca,202937150118_R03C01,heldout_marker,CD69_T,true_auc,0.9958025036064965
equal_fusion_pca,202937150118_R03C01,heldout_marker,CD69_T,effect_concordance,0.9962151178122142
equal_fusion_pca,202937150118_R03C01,heldout_marker,CD69_T,spearman_true_pred,0.8323431129139871
equal_fusion_pca,202937150118_R03C01,heldout_marker,CD69_T,discordant_n,73.0
equal_fusion_pca,202937150118_R03C01,heldout_marker,CD69_T,discordant_spearman,0.40391869682791215
equal_fusion_pca,202937150118_R03C01,heldout_marker,HLA_DR_Monocyte,n_cells,125.0
equal_fusion_pca,202937150118_R03C01,heldout_marker,HLA_DR_Monocyte,pred_auc,0.6138570167696381
equal_fusion_pca,202937150118_R03C01,heldout_marker,HLA_DR_Monocyte,pred_ap,0.22988530251812536
equal_fusion_pca,202937150118_R03C01,heldout_marker,HLA_DR_Monocyte,true_auc,0.6407766990291262
equal_fusion_pca,202937150118_R03C01,heldout_marker,HLA_DR_Monocyte,effect_concordance,0.973080317740512
equal_fusion_pca,202937150118_R03C01,heldout_marker,HLA_DR_Monocyte,spearman_true_pred,0.605435729415192
equal_fusion_pca,202937150118_R03C01,heldout_marker,HLA_DR_Monocyte,discordant_n,9.0
equal_fusion_pca,202937150118_R03C01,heldout_marker,HLA_DR_Monocyte,discordant_spearman,
rna_pca,202937150118_R04C01,latent_response,T_cell_direct,n_cells,1098.0
rna_pca,202937150118_R04C01,latent_response,T_cell_direct,auc,0.9989780868099452
rna_pca,202937150118_R04C01,latent_response,T_cell_direct,balanced_accuracy,0.9819110830172777
rna_pca,202937150118_R04C01,latent_response,Monocyte_direct,n_cells,179.0
rna_pca,202937150118_R04C01,latent_response,Monocyte_direct,auc,1.0
rna_pca,202937150118_R04C01,latent_response,Monocyte_direct,balanced_accuracy,1.0
rna_pca,202937150118_R04C01,latent_response,NK_indirect,n_cells,55.0
rna_pca,202937150118_R04C01,latent_response,NK_indirect,auc,1.0
rna_pca,202937150118_R04C01,latent_response,NK_indirect,balanced_accuracy,1.0
rna_pca,202937150118_R04C01,latent_response,B_cell_indirect,n_cells,48.0
rna_pca,202937150118_R04C01,latent_response,B_cell_indirect,auc,0.98828125
rna_pca,202937150118_R04C01,latent_response,B_cell_indirect,balanced_accuracy,0.96875
rna_pca,202937150118_R04C01,heldout_marker,CD25_T,n_cells,1098.0
rna_pca,202937150118_R04C01,heldout_marker,CD25_T,pred_auc,0.9544915016153954
rna_pca,202937150118_R04C01,heldout_marker,CD25_T,pred_ap,0.9768641251292189
rna_pca,202937150118_R04C01,heldout_marker,CD25_T,true_auc,0.8735391206630145
rna_pca,202937150118_R04C01,heldout_marker,CD25_T,effect_concordance,0.9190476190476191
rna_pca,202937150118_R04C01,heldout_marker,CD25_T,spearman_true_pred,0.7728893757841026
rna_pca,202937150118_R04C01,heldout_marker,CD25_T,discordant_n,48.0
rna_pca,202937150118_R04C01,heldout_marker,CD25_T,discordant_spearman,0.7464721842224101
rna_pca,202937150118_R04C01,heldout_marker,CD69_T,n_cells,1098.0
rna_pca,202937150118_R04C01,heldout_marker,CD69_T,pred_auc,0.9940405955892682
rna_pca,202937150118_R04C01,heldout_marker,CD69_T,pred_ap,0.9967115748059762
rna_pca,202937150118_R04C01,heldout_marker,CD69_T,true_auc,0.9864131198201995
rna_pca,202937150118_R04C01,heldout_marker,CD69_T,effect_concordance,0.9923725242309314
rna_pca,202937150118_R04C01,heldout_marker,CD69_T,spearman_true_pred,0.8191443479561878
rna_pca,202937150118_R04C01,heldout_marker,CD69_T,discordant_n,92.0
rna_pca,202937150118_R04C01,heldout_marker,CD69_T,discordant_spearman,0.614567720282926
rna_pca,202937150118_R04C01,heldout_marker,HLA_DR_Monocyte,n_cells,179.0
rna_pca,202937150118_R04C01,heldout_marker,HLA_DR_Monocyte,pred_auc,0.39750733137829913
rna_pca,202937150118_R04C01,heldout_marker,HLA_DR_Monocyte,pred_ap,0.24577448530533413
rna_pca,202937150118_R04C01,heldout_marker,HLA_DR_Monocyte,true_auc,0.5159090909090909
rna_pca,202937150118_R04C01,heldout_marker,HLA_DR_Monocyte,effect_concordance,0.8815982404692082
rna_pca,202937150118_R04C01,heldout_marker,HLA_DR_Monocyte,spearman_true_pred,0.5868931592125642
rna_pca,202937150118_R04C01,heldout_marker,HLA_DR_Monocyte,discordant_n,20.0
rna_pca,202937150118_R04C01,heldout_marker,HLA_DR_Monocyte,discordant_spearman,-0.012030075187969924
protein_pca,202937150118_R04C01,latent_response,T_cell_direct,n_cells,1098.0
protein_pca,202937150118_R04C01,latent_response,T_cell_direct,auc,0.9969167017839584
protein_pca,202937150118_R04C01,latent_response,T_cell_direct,balanced_accuracy,0.9781078803202697
protein_pca,202937150118_R04C01,latent_response,Monocyte_direct,n_cells,179.0
protein_pca,202937150118_R04C01,latent_response,Monocyte_direct,auc,0.9982404692082112
protein_pca,202937150118_R04C01,latent_response,Monocyte_direct,balanced_accuracy,0.9828445747800587
protein_pca,202937150118_R04C01,latent_response,NK_indirect,n_cells,55.0
protein_pca,202937150118_R04C01,latent_response,NK_indirect,auc,0.7226890756302521
protein_pca,202937150118_R04C01,latent_response,NK_indirect,balanced_accuracy,0.6624649859943978
protein_pca,202937150118_R04C01,latent_response,B_cell_indirect,n_cells,48.0
protein_pca,202937150118_R04C01,latent_response,B_cell_indirect,auc,0.916015625
protein_pca,202937150118_R04C01,latent_response,B_cell_indirect,balanced_accuracy,0.84375
protein_pca,202937150118_R04C01,heldout_marker,CD25_T,n_cells,1098.0
protein_pca,202937150118_R04C01,heldout_marker,CD25_T,pred_auc,0.9928114903778621
protein_pca,202937150118_R04C01,heldout_marker,CD25_T,pred_ap,0.9954635800889763
protein_pca,202937150118_R04C01,heldout_marker,CD25_T,true_auc,0.8735391206630145
protein_pca,202937150118_R04C01,heldout_marker,CD25_T,effect_concordance,0.8807276302851524
protein_pca,202937150118_R04C01,heldout_marker,CD25_T,spearman_true_pred,0.728645453229746
protein_pca,202937150118_R04C01,heldout_marker,CD25_T,discordant_n,48.0
protein_pca,202937150118_R04C01,heldout_marker,CD25_T,discordant_spearman,0.7197480537527741
protein_pca,202937150118_R04C01,heldout_marker,CD69_T,n_cells,1098.0
protein_pca,202937150118_R04C01,heldout_marker,CD69_T,pred_auc,0.9958561595729737
protein_pca,202937150118_R04C01,heldout_marker,CD69_T,pred_ap,0.9977067904105527
protein_pca,202937150118_R04C01,heldout_marker,CD69_T,true_auc,0.9864131198201995
protein_pca,202937150118_R04C01,heldout_marker,CD69_T,effect_concordance,0.9905569602472258
protein_pca,202937150118_R04C01,heldout_marker,CD69_T,spearman_true_pred,0.8266725351141091
protein_pca,202937150118_R04C01,heldout_marker,CD69_T,discordant_n,92.0
protein_pca,202937150118_R04C01,heldout_marker,CD69_T,discordant_spearman,0.6524146602461777
protein_pca,202937150118_R04C01,heldout_marker,HLA_DR_Monocyte,n_cells,179.0
protein_pca,202937150118_R04C01,heldout_marker,HLA_DR_Monocyte,pred_auc,0.8844574780058652
protein_pca,202937150118_R04C01,heldout_marker,HLA_DR_Monocyte,pred_ap,0.8492636264237052
protein_pca,202937150118_R04C01,heldout_marker,HLA_DR_Monocyte,true_auc,0.5159090909090909
protein_pca,202937150118_R04C01,heldout_marker,HLA_DR_Monocyte,effect_concordance,0.6314516129032257
protein_pca,202937150118_R04C01,heldout_marker,HLA_DR_Monocyte,spearman_true_pred,0.23511694279854123
protein_pca,202937150118_R04C01,heldout_marker,HLA_DR_Monocyte,discordant_n,20.0
protein_pca,202937150118_R04C01,heldout_marker,HLA_DR_Monocyte,discordant_spearman,0.47518796992481205
equal_fusion_pca,202937150118_R04C01,latent_response,T_cell_direct,n_cells,1098.0
equal_fusion_pca,202937150118_R04C01,latent_response,T_cell_direct,auc,0.9994030060401742
equal_fusion_pca,202937150118_R04C01,latent_response,T_cell_direct,balanced_accuracy,0.9905288664138221
equal_fusion_pca,202937150118_R04C01,latent_response,Monocyte_direct,n_cells,179.0
equal_fusion_pca,202937150118_R04C01,latent_response,Monocyte_direct,auc,1.0
equal_fusion_pca,202937150118_R04C01,latent_response,Monocyte_direct,balanced_accuracy,1.0
equal_fusion_pca,202937150118_R04C01,latent_response,NK_indirect,n_cells,55.0
equal_fusion_pca,202937150118_R04C01,latent_response,NK_indirect,auc,0.988795518207283
equal_fusion_pca,202937150118_R04C01,latent_response,NK_indirect,balanced_accuracy,0.9138655462184874
equal_fusion_pca,202937150118_R04C01,latent_response,B_cell_indirect,n_cells,48.0
equal_fusion_pca,202937150118_R04C01,latent_response,B_cell_indirect,auc,1.0
equal_fusion_pca,202937150118_R04C01,latent_response,B_cell_indirect,balanced_accuracy,0.96875
equal_fusion_pca,202937150118_R04C01,heldout_marker,CD25_T,n_cells,1098.0
equal_fusion_pca,202937150118_R04C01,heldout_marker,CD25_T,pred_auc,0.9840883551060542
equal_fusion_pca,202937150118_R04C01,heldout_marker,CD25_T,pred_ap,0.9910312972178281
equal_fusion_pca,202937150118_R04C01,heldout_marker,CD25_T,true_auc,0.8735391206630145
equal_fusion_pca,202937150118_R04C01,heldout_marker,CD25_T,effect_concordance,0.8894507655569603
equal_fusion_pca,202937150118_R04C01,heldout_marker,CD25_T,spearman_true_pred,0.7781763000982227
equal_fusion_pca,202937150118_R04C01,heldout_marker,CD25_T,discordant_n,48.0
equal_fusion_pca,202937150118_R04C01,heldout_marker,CD25_T,discordant_spearman,0.8150586540371203
equal_fusion_pca,202937150118_R04C01,heldout_marker,CD69_T,n_cells,1098.0
equal_fusion_pca,202937150118_R04C01,heldout_marker,CD69_T,pred_auc,0.9990693917685067
equal_fusion_pca,202937150118_R04C01,heldout_marker,CD69_T,pred_ap,0.9994425442936732
equal_fusion_pca,202937150118_R04C01,heldout_marker,CD69_T,true_auc,0.9864131198201995
equal_fusion_pca,202937150118_R04C01,heldout_marker,CD69_T,effect_concordance,0.9873437280516928
equal_fusion_pca,202937150118_R04C01,heldout_marker,CD69_T,spearman_true_pred,0.8435478567841702
equal_fusion_pca,202937150118_R04C01,heldout_marker,CD69_T,discordant_n,92.0
equal_fusion_pca,202937150118_R04C01,heldout_marker,CD69_T,discordant_spearman,0.6416640022847164
equal_fusion_pca,202937150118_R04C01,heldout_marker,HLA_DR_Monocyte,n_cells,179.0
equal_fusion_pca,202937150118_R04C01,heldout_marker,HLA_DR_Monocyte,pred_auc,0.6617302052785924
equal_fusion_pca,202937150118_R04C01,heldout_marker,HLA_DR_Monocyte,pred_ap,0.4803232898672492
equal_fusion_pca,202937150118_R04C01,heldout_marker,HLA_DR_Monocyte,true_auc,0.5159090909090909
equal_fusion_pca,202937150118_R04C01,heldout_marker,HLA_DR_Monocyte,effect_concordance,0.8541788856304985
equal_fusion_pca,202937150118_R04C01,heldout_marker,HLA_DR_Monocyte,spearman_true_pred,0.5699104045595755
equal_fusion_pca,202937150118_R04C01,heldout_marker,HLA_DR_Monocyte,discordant_n,20.0
equal_fusion_pca,202937150118_R04C01,heldout_marker,HLA_DR_Monocyte,discordant_spearman,0.3218045112781954
rna_pca,202937150118_R05C01,latent_response,T_cell_direct,n_cells,917.0
rna_pca,202937150118_R05C01,latent_response,T_cell_direct,auc,0.9999095522359639
rna_pca,202937150118_R05C01,latent_response,T_cell_direct,balanced_accuracy,0.9913884207820399
rna_pca,202937150118_R05C01,latent_response,Monocyte_direct,n_cells,167.0
rna_pca,202937150118_R05C01,latent_response,Monocyte_direct,auc,1.0
rna_pca,202937150118_R05C01,latent_response,Monocyte_direct,balanced_accuracy,1.0
rna_pca,202937150118_R05C01,latent_response,NK_indirect,n_cells,37.0
rna_pca,202937150118_R05C01,latent_response,NK_indirect,auc,1.0
rna_pca,202937150118_R05C01,latent_response,NK_indirect,balanced_accuracy,0.9833333333333334
rna_pca,202937150118_R05C01,latent_response,B_cell_indirect,n_cells,66.0
rna_pca,202937150118_R05C01,latent_response,B_cell_indirect,auc,0.9846153846153846
rna_pca,202937150118_R05C01,latent_response,B_cell_indirect,balanced_accuracy,0.975
rna_pca,202937150118_R05C01,heldout_marker,CD25_T,n_cells,917.0
rna_pca,202937150118_R05C01,heldout_marker,CD25_T,pred_auc,0.9844667866289643
rna_pca,202937150118_R05C01,heldout_marker,CD25_T,pred_ap,0.9879800658867619
rna_pca,202937150118_R05C01,heldout_marker,CD25_T,true_auc,0.9348847505069836
rna_pca,202937150118_R05C01,heldout_marker,CD25_T,effect_concordance,0.9504179638780194
rna_pca,202937150118_R05C01,heldout_marker,CD25_T,spearman_true_pred,0.7576171780000877
rna_pca,202937150118_R05C01,heldout_marker,CD25_T,discordant_n,30.0
rna_pca,202937150118_R05C01,heldout_marker,CD25_T,discordant_spearman,0.5006132017652444
rna_pca,202937150118_R05C01,heldout_marker,CD69_T,n_cells,917.0
rna_pca,202937150118_R05C01,heldout_marker,CD69_T,pred_auc,0.9984719088286539
rna_pca,202937150118_R05C01,heldout_marker,CD69_T,pred_ap,0.9986028568101253
rna_pca,202937150118_R05C01,heldout_marker,CD69_T,true_auc,0.9958679653061419
rna_pca,202937150118_R05C01,heldout_marker,CD69_T,effect_concordance,0.997396056477488
rna_pca,202937150118_R05C01,heldout_marker,CD69_T,spearman_true_pred,0.7985718044400708
rna_pca,202937150118_R05C01,heldout_marker,CD69_T,discordant_n,62.0
rna_pca,202937150118_R05C01,heldout_marker,CD69_T,discordant_spearman,0.4770059978383145
rna_pca,202937150118_R05C01,heldout_marker,HLA_DR_Monocyte,n_cells,167.0
rna_pca,202937150118_R05C01,heldout_marker,HLA_DR_Monocyte,pred_auc,0.4652288732394366
rna_pca,202937150118_R05C01,heldout_marker,HLA_DR_Monocyte,pred_ap,0.5198473006927486
rna_pca,202937150118_R05C01,heldout_marker,HLA_DR_Monocyte,true_auc,0.41996772300469487
rna_pca,202937150118_R05C01,heldout_marker,HLA_DR_Monocyte,effect_concordance,0.9547388497652582
rna_pca,202937150118_R05C01,heldout_marker,HLA_DR_Monocyte,spearman_true_pred,0.39735763138583124
rna_pca,202937150118_R05C01,heldout_marker,HLA_DR_Monocyte,discordant_n,22.0
rna_pca,202937150118_R05C01,heldout_marker,HLA_DR_Monocyte,discordant_spearman,-0.1925465838509317
protein_pca,202937150118_R05C01,latent_response,T_cell_direct,n_cells,917.0
protein_pca,202937150118_R05C01,latent_response,T_cell_direct,auc,0.9987765749811964
protein_pca,202937150118_R05C01,latent_response,T_cell_direct,balanced_accuracy,0.9837194024735083
protein_pca,202937150118_R05C01,latent_response,Monocyte_direct,n_cells,167.0
protein_pca,202937150118_R05C01,latent_response,Monocyte_direct,auc,0.997212441314554
protein_pca,202937150118_R05C01,latent_response,Monocyte_direct,balanced_accuracy,0.9650821596244132
protein_pca,202937150118_R05C01,latent_response,NK_indirect,n_cells,37.0
protein_pca,202937150118_R05C01,latent_response,NK_indirect,auc,0.8285714285714286
protein_pca,202937150118_R05C01,latent_response,NK_indirect,balanced_accuracy,0.6738095238095239
protein_pca,202937150118_R05C01,latent_response,B_cell_indirect,n_cells,66.0
protein_pca,202937150118_R05C01,latent_response,B_cell_indirect,auc,0.948076923076923
protein_pca,202937150118_R05C01,latent_response,B_cell_indirect,balanced_accuracy,0.8605769230769231
protein_pca,202937150118_R05C01,heldout_marker,CD25_T,n_cells,917.0
protein_pca,202937150118_R05C01,heldout_marker,CD25_T,pred_auc,0.9931878552454942
protein_pca,202937150118_R05C01,heldout_marker,CD25_T,pred_ap,0.9934851377451492
protein_pca,202937150118_R05C01,heldout_marker,CD25_T,true_auc,0.9348847505069836
protein_pca,202937150118_R05C01,heldout_marker,CD25_T,effect_concordance,0.9416968952614894
protein_pca,202937150118_R05C01,heldout_marker,CD25_T,spearman_true_pred,0.7249697210909697
protein_pca,202937150118_R05C01,heldout_marker,CD25_T,discordant_n,30.0
protein_pca,202937150118_R05C01,heldout_marker,CD25_T,discordant_spearman,0.7260785155998806
protein_pca,202937150118_R05C01,heldout_marker,CD69_T,n_cells,917.0
protein_pca,202937150118_R05C01,heldout_marker,CD69_T,pred_auc,0.9977292850818316
protein_pca,202937150118_R05C01,heldout_marker,CD69_T,pred_ap,0.9978821544656966
protein_pca,202937150118_R05C01,heldout_marker,CD69_T,true_auc,0.9958679653061419
protein_pca,202937150118_R05C01,heldout_marker,CD69_T,effect_concordance,0.9981386802243103
protein_pca,202937150118_R05C01,heldout_marker,CD69_T,spearman_true_pred,0.7833147114307513
protein_pca,202937150118_R05C01,heldout_marker,CD69_T,discordant_n,62.0
protein_pca,202937150118_R05C01,heldout_marker,CD69_T,discordant_spearman,0.6553417671462924
protein_pca,202937150118_R05C01,heldout_marker,HLA_DR_Monocyte,n_cells,167.0
protein_pca,202937150118_R05C01,heldout_marker,HLA_DR_Monocyte,pred_auc,0.7434712441314555
protein_pca,202937150118_R05C01,heldout_marker,HLA_DR_Monocyte,pred_ap,0.8371402513866839
protein_pca,202937150118_R05C01,heldout_marker,HLA_DR_Monocyte,true_auc,0.41996772300469487
protein_pca,202937150118_R05C01,heldout_marker,HLA_DR_Monocyte,effect_concordance,0.6764964788732394
protein_pca,202937150118_R05C01,heldout_marker,HLA_DR_Monocyte,spearman_true_pred,0.1431936738094658
protein_pca,202937150118_R05C01,heldout_marker,HLA_DR_Monocyte,discordant_n,22.0
protein_pca,202937150118_R05C01,heldout_marker,HLA_DR_Monocyte,discordant_spearman,0.5471485036702428
equal_fusion_pca,202937150118_R05C01,latent_response,T_cell_direct,n_cells,917.0
equal_fusion_pca,202937150118_R05C01,latent_response,T_cell_direct,auc,0.9998524273323622
equal_fusion_pca,202937150118_R05C01,latent_response,T_cell_direct,balanced_accuracy,0.9935115630325707
equal_fusion_pca,202937150118_R05C01,latent_response,Monocyte_direct,n_cells,167.0
equal_fusion_pca,202937150118_R05C01,latent_response,Monocyte_direct,auc,1.0
equal_fusion_pca,202937150118_R05C01,latent_response,Monocyte_direct,balanced_accuracy,1.0
equal_fusion_pca,202937150118_R05C01,latent_response,NK_indirect,n_cells,37.0
equal_fusion_pca,202937150118_R05C01,latent_response,NK_indirect,auc,0.9904761904761905
equal_fusion_pca,202937150118_R05C01,latent_response,NK_indirect,balanced_accuracy,0.9833333333333334
equal_fusion_pca,202937150118_R05C01,latent_response,B_cell_indirect,n_cells,66.0
equal_fusion_pca,202937150118_R05C01,latent_response,B_cell_indirect,auc,0.9778846153846154
equal_fusion_pca,202937150118_R05C01,latent_response,B_cell_indirect,balanced_accuracy,0.9432692307692307
equal_fusion_pca,202937150118_R05C01,heldout_marker,CD25_T,n_cells,917.0
equal_fusion_pca,202937150118_R05C01,heldout_marker,CD25_T,pred_auc,0.9964296935248922
equal_fusion_pca,202937150118_R05C01,heldout_marker,CD25_T,pred_ap,0.9965382806911403
equal_fusion_pca,202937150118_R05C01,heldout_marker,CD25_T,true_auc,0.9348847505069836
equal_fusion_pca,202937150118_R05C01,heldout_marker,CD25_T,effect_concordance,0.9384550569820914
equal_fusion_pca,202937150118_R05C01,heldout_marker,CD25_T,spearman_true_pred,0.7724134413373297
equal_fusion_pca,202937150118_R05C01,heldout_marker,CD25_T,discordant_n,30.0
equal_fusion_pca,202937150118_R05C01,heldout_marker,CD25_T,discordant_spearman,0.656790262040027
equal_fusion_pca,202937150118_R05C01,heldout_marker,CD69_T,n_cells,917.0
equal_fusion_pca,202937150118_R05C01,heldout_marker,CD69_T,pred_auc,0.9993859072862815
equal_fusion_pca,202937150118_R05C01,heldout_marker,CD69_T,pred_ap,0.9994684660056572
equal_fusion_pca,202937150118_R05C01,heldout_marker,CD69_T,true_auc,0.9958679653061419
equal_fusion_pca,202937150118_R05C01,heldout_marker,CD69_T,effect_concordance,0.9964820580198603
equal_fusion_pca,202937150118_R05C01,heldout_marker,CD69_T,spearman_true_pred,0.8039217766843346
equal_fusion_pca,202937150118_R05C01,heldout_marker,CD69_T,discordant_n,62.0
equal_fusion_pca,202937150118_R05C01,heldout_marker,CD69_T,discordant_spearman,0.5633405575315427
equal_fusion_pca,202937150118_R05C01,heldout_marker,HLA_DR_Monocyte,n_cells,167.0
equal_fusion_pca,202937150118_R05C01,heldout_marker,HLA_DR_Monocyte,pred_auc,0.6370305164319249
equal_fusion_pca,202937150118_R05C01,heldout_marker,HLA_DR_Monocyte,pred_ap,0.7117931004735135
equal_fusion_pca,202937150118_R05C01,heldout_marker,HLA_DR_Monocyte,true_auc,0.41996772300469487
equal_fusion_pca,202937150118_R05C01,heldout_marker,HLA_DR_Monocyte,effect_concordance,0.78293720657277
equal_fusion_pca,202937150118_R05C01,heldout_marker,HLA_DR_Monocyte,spearman_true_pred,0.38955291673302617
equal_fusion_pca,202937150118_R05C01,heldout_marker,HLA_DR_Monocyte,discordant_n,22.0
equal_fusion_pca,202937150118_R05C01,heldout_marker,HLA_DR_Monocyte,discordant_spearman,0.2907961603613778
rna_pca,202937150118_R06C01,latent_response,T_cell_direct,n_cells,843.0
rna_pca,202937150118_R06C01,latent_response,T_cell_direct,auc,0.9976851851851852
rna_pca,202937150118_R06C01,latent_response,T_cell_direct,balanced_accuracy,0.9850132761437909
rna_pca,202937150118_R06C01,latent_response,Monocyte_direct,n_cells,181.0
rna_pca,202937150118_R06C01,latent_response,Monocyte_direct,auc,1.0
rna_pca,202937150118_R06C01,latent_response,Monocyte_direct,balanced_accuracy,1.0
rna_pca,202937150118_R06C01,latent_response,NK_indirect,n_cells,60.0
rna_pca,202937150118_R06C01,latent_response,NK_indirect,auc,0.9654017857142858
rna_pca,202937150118_R06C01,latent_response,NK_indirect,balanced_accuracy,0.8816964285714286
rna_pca,202937150118_R06C01,latent_response,B_cell_indirect,n_cells,104.0
rna_pca,202937150118_R06C01,latent_response,B_cell_indirect,auc,1.0
rna_pca,202937150118_R06C01,latent_response,B_cell_indirect,balanced_accuracy,0.9761904761904762
rna_pca,202937150118_R06C01,heldout_marker,CD25_T,n_cells,843.0
rna_pca,202937150118_R06C01,heldout_marker,CD25_T,pred_auc,0.9850841957153231
rna_pca,202937150118_R06C01,heldout_marker,CD25_T,pred_ap,0.9873451433516401
rna_pca,202937150118_R06C01,heldout_marker,CD25_T,true_auc,0.9206239787581699
rna_pca,202937150118_R06C01,heldout_marker,CD25_T,effect_concordance,0.9355397830428468
rna_pca,202937150118_R06C01,heldout_marker,CD25_T,spearman_true_pred,0.7339372263047677
rna_pca,202937150118_R06C01,heldout_marker,CD25_T,discordant_n,20.0
rna_pca,202937150118_R06C01,heldout_marker,CD25_T,discordant_spearman,0.5769429274958734
rna_pca,202937150118_R06C01,heldout_marker,CD69_T,n_cells,843.0
rna_pca,202937150118_R06C01,heldout_marker,CD69_T,pred_auc,0.9954157588961512
rna_pca,202937150118_R06C01,heldout_marker,CD69_T,pred_ap,0.9959609407443389
rna_pca,202937150118_R06C01,heldout_marker,CD69_T,true_auc,0.9930243509440813
rna_pca,202937150118_R06C01,heldout_marker,CD69_T,effect_concordance,0.9976085920479301
rna_pca,202937150118_R06C01,heldout_marker,CD69_T,spearman_true_pred,0.7781252620169649
rna_pca,202937150118_R06C01,heldout_marker,CD69_T,discordant_n,51.0
rna_pca,202937150118_R06C01,heldout_marker,CD69_T,discordant_spearman,0.5282523700330549
rna_pca,202937150118_R06C01,heldout_marker,HLA_DR_Monocyte,n_cells,181.0
rna_pca,202937150118_R06C01,heldout_marker,HLA_DR_Monocyte,pred_auc,0.2623723487824038
rna_pca,202937150118_R06C01,heldout_marker,HLA_DR_Monocyte,pred_ap,0.2583330873538465
rna_pca,202937150118_R06C01,heldout_marker,HLA_DR_Monocyte,true_auc,0.42380204241948155
rna_pca,202937150118_R06C01,heldout_marker,HLA_DR_Monocyte,effect_concordance,0.8385703063629222
rna_pca,202937150118_R06C01,heldout_marker,HLA_DR_Monocyte,spearman_true_pred,0.4539385510260076
rna_pca,202937150118_R06C01,heldout_marker,HLA_DR_Monocyte,discordant_n,20.0
rna_pca,202937150118_R06C01,heldout_marker,HLA_DR_Monocyte,discordant_spearman,-0.4030075187969925
protein_pca,202937150118_R06C01,latent_response,T_cell_direct,n_cells,843.0
protein_pca,202937150118_R06C01,latent_response,T_cell_direct,auc,0.998031272694263
protein_pca,202937150118_R06C01,latent_response,T_cell_direct,balanced_accuracy,0.9793283632897603
protein_pca,202937150118_R06C01,latent_response,Monocyte_direct,n_cells,181.0
protein_pca,202937150118_R06C01,latent_response,Monocyte_direct,auc,0.9997381513485205
protein_pca,202937150118_R06C01,latent_response,Monocyte_direct,balanced_accuracy,0.9912280701754386
protein_pca,202937150118_R06C01,latent_response,NK_indirect,n_cells,60.0
protein_pca,202937150118_R06C01,latent_response,NK_indirect,auc,0.7276785714285715
protein_pca,202937150118_R06C01,latent_response,NK_indirect,balanced_accuracy,0.6361607142857143
protein_pca,202937150118_R06C01,latent_response,B_cell_indirect,n_cells,104.0
protein_pca,202937150118_R06C01,latent_response,B_cell_indirect,auc,0.9481223383662407
protein_pca,202937150118_R06C01,latent_response,B_cell_indirect,balanced_accuracy,0.8432055749128919
protein_pca,202937150118_R06C01,heldout_marker,CD25_T,n_cells,843.0
protein_pca,202937150118_R06C01,heldout_marker,CD25_T,pred_auc,0.9925789760348585
protein_pca,202937150118_R06C01,heldout_marker,CD25_T,pred_ap,0.9915671693786747
protein_pca,202937150118_R06C01,heldout_marker,CD25_T,true_auc,0.9206239787581699
protein_pca,202937150118_R06C01,heldout_marker,CD25_T,effect_concordance,0.9280450027233115
protein_pca,202937150118_R06C01,heldout_marker,CD25_T,spearman_true_pred,0.7109518995459827
protein_pca,202937150118_R06C01,heldout_marker,CD25_T,discordant_n,20.0
protein_pca,202937150118_R06C01,heldout_marker,CD25_T,discordant_spearman,0.5601535830449352
protein_pca,202937150118_R06C01,heldout_marker,CD69_T,n_cells,843.0
protein_pca,202937150118_R06C01,heldout_marker,CD69_T,pred_auc,0.9968114560639071
protein_pca,202937150118_R06C01,heldout_marker,CD69_T,pred_ap,0.996212839668921
protein_pca,202937150118_R06C01,heldout_marker,CD69_T,true_auc,0.9930243509440813
protein_pca,202937150118_R06C01,heldout_marker,CD69_T,effect_concordance,0.9962128948801742
protein_pca,202937150118_R06C01,heldout_marker,CD69_T,spearman_true_pred,0.7728413921732661
protein_pca,202937150118_R06C01,heldout_marker,CD69_T,discordant_n,51.0
protein_pca,202937150118_R06C01,heldout_marker,CD69_T,discordant_spearman,0.5202869470442084
protein_pca,202937150118_R06C01,heldout_marker,HLA_DR_Monocyte,n_cells,181.0
protein_pca,202937150118_R06C01,heldout_marker,HLA_DR_Monocyte,pred_auc,0.6882691804137209
protein_pca,202937150118_R06C01,heldout_marker,HLA_DR_Monocyte,pred_ap,0.7084399225965752
protein_pca,202937150118_R06C01,heldout_marker,HLA_DR_Monocyte,true_auc,0.42380204241948155
protein_pca,202937150118_R06C01,heldout_marker,HLA_DR_Monocyte,effect_concordance,0.7355328620057606
protein_pca,202937150118_R06C01,heldout_marker,HLA_DR_Monocyte,spearman_true_pred,0.20579600011272137
protein_pca,202937150118_R06C01,heldout_marker,HLA_DR_Monocyte,discordant_n,20.0
protein_pca,202937150118_R06C01,heldout_marker,HLA_DR_Monocyte,discordant_spearman,0.5458646616541353
equal_fusion_pca,202937150118_R06C01,latent_response,T_cell_direct,n_cells,843.0
equal_fusion_pca,202937150118_R06C01,latent_response,T_cell_direct,auc,0.999534767610748
equal_fusion_pca,202937150118_R06C01,latent_response,T_cell_direct,balanced_accuracy,0.9915236928104576
equal_fusion_pca,202937150118_R06C01,latent_response,Monocyte_direct,n_cells,181.0
equal_fusion_pca,202937150118_R06C01,latent_response,Monocyte_direct,auc,1.0
equal_fusion_pca,202937150118_R06C01,latent_response,Monocyte_direct,balanced_accuracy,0.9925373134328358
equal_fusion_pca,202937150118_R06C01,latent_response,NK_indirect,n_cells,60.0
equal_fusion_pca,202937150118_R06C01,latent_response,NK_indirect,auc,0.9408482142857143
equal_fusion_pca,202937150118_R06C01,latent_response,NK_indirect,balanced_accuracy,0.8504464285714286
equal_fusion_pca,202937150118_R06C01,latent_response,B_cell_indirect,n_cells,104.0
equal_fusion_pca,202937150118_R06C01,latent_response,B_cell_indirect,auc,0.9988385598141696
equal_fusion_pca,202937150118_R06C01,latent_response,B_cell_indirect,balanced_accuracy,0.9761904761904762
equal_fusion_pca,202937150118_R06C01,heldout_marker,CD25_T,n_cells,843.0
equal_fusion_pca,202937150118_R06C01,heldout_marker,CD25_T,pred_auc,0.9957731935366738
equal_fusion_pca,202937150118_R06C01,heldout_marker,CD25_T,pred_ap,0.9957252692271436
equal_fusion_pca,202937150118_R06C01,heldout_marker,CD25_T,true_auc,0.9206239787581699
equal_fusion_pca,202937150118_R06C01,heldout_marker,CD25_T,effect_concordance,0.9248507852214961
equal_fusion_pca,202937150118_R06C01,heldout_marker,CD25_T,spearman_true_pred,0.7494169831754623
equal_fusion_pca,202937150118_R06C01,heldout_marker,CD25_T,discordant_n,20.0
equal_fusion_pca,202937150118_R06C01,heldout_marker,CD25_T,discordant_spearman,0.5769429274958734
equal_fusion_pca,202937150118_R06C01,heldout_marker,CD69_T,n_cells,843.0
equal_fusion_pca,202937150118_R06C01,heldout_marker,CD69_T,pred_auc,0.9995177469135802
equal_fusion_pca,202937150118_R06C01,heldout_marker,CD69_T,pred_ap,0.9994679669556668
equal_fusion_pca,202937150118_R06C01,heldout_marker,CD69_T,true_auc,0.9930243509440813
equal_fusion_pca,202937150118_R06C01,heldout_marker,CD69_T,effect_concordance,0.9935066040305011
equal_fusion_pca,202937150118_R06C01,heldout_marker,CD69_T,spearman_true_pred,0.7951769791191604
equal_fusion_pca,202937150118_R06C01,heldout_marker,CD69_T,discordant_n,51.0
equal_fusion_pca,202937150118_R06C01,heldout_marker,CD69_T,discordant_spearman,0.5915684311773527
equal_fusion_pca,202937150118_R06C01,heldout_marker,HLA_DR_Monocyte,n_cells,181.0
equal_fusion_pca,202937150118_R06C01,heldout_marker,HLA_DR_Monocyte,pred_auc,0.45823514008902855
equal_fusion_pca,202937150118_R06C01,heldout_marker,HLA_DR_Monocyte,pred_ap,0.3887395559206348
equal_fusion_pca,202937150118_R06C01,heldout_marker,HLA_DR_Monocyte,true_auc,0.42380204241948155
equal_fusion_pca,202937150118_R06C01,heldout_marker,HLA_DR_Monocyte,effect_concordance,0.965566902330453
equal_fusion_pca,202937150118_R06C01,heldout_marker,HLA_DR_Monocyte,spearman_true_pred,0.419994728076715
equal_fusion_pca,202937150118_R06C01,heldout_marker,HLA_DR_Monocyte,discordant_n,20.0
equal_fusion_pca,202937150118_R06C01,heldout_marker,HLA_DR_Monocyte,discordant_spearman,0.010526315789473682
rna_pca,202937150118_R07C01,latent_response,T_cell_direct,n_cells,778.0
rna_pca,202937150118_R07C01,latent_response,T_cell_direct,auc,0.9990711714849646
rna_pca,202937150118_R07C01,latent_response,T_cell_direct,balanced_accuracy,0.9798355427158673
rna_pca,202937150118_R07C01,latent_response,Monocyte_direct,n_cells,254.0
rna_pca,202937150118_R07C01,latent_response,Monocyte_direct,auc,1.0
rna_pca,202937150118_R07C01,latent_response,Monocyte_direct,balanced_accuracy,1.0
rna_pca,202937150118_R07C01,latent_response,NK_indirect,n_cells,122.0
rna_pca,202937150118_R07C01,latent_response,NK_indirect,auc,0.9925629290617849
rna_pca,202937150118_R07C01,latent_response,NK_indirect,balanced_accuracy,0.9585240274599542
rna_pca,202937150118_R07C01,latent_response,B_cell_indirect,n_cells,97.0
rna_pca,202937150118_R07C01,latent_response,B_cell_indirect,auc,0.9901656314699793
rna_pca,202937150118_R07C01,latent_response,B_cell_indirect,balanced_accuracy,0.963768115942029
rna_pca,202937150118_R07C01,heldout_marker,CD25_T,n_cells,778.0
rna_pca,202937150118_R07C01,heldout_marker,CD25_T,pred_auc,0.9759119252019861
rna_pca,202937150118_R07C01,heldout_marker,CD25_T,pred_ap,0.9869532602591027
rna_pca,202937150118_R07C01,heldout_marker,CD25_T,true_auc,0.9229652850342506
rna_pca,202937150118_R07C01,heldout_marker,CD25_T,effect_concordance,0.9470533598322645
rna_pca,202937150118_R07C01,heldout_marker,CD25_T,spearman_true_pred,0.7900983349421257
rna_pca,202937150118_R07C01,heldout_marker,CD25_T,discordant_n,33.0
rna_pca,202937150118_R07C01,heldout_marker,CD25_T,discordant_spearman,0.6233289012227662
rna_pca,202937150118_R07C01,heldout_marker,CD69_T,n_cells,778.0
rna_pca,202937150118_R07C01,heldout_marker,CD69_T,pred_auc,0.9958544197895111
rna_pca,202937150118_R07C01,heldout_marker,CD69_T,pred_ap,0.9975787886003129
rna_pca,202937150118_R07C01,heldout_marker,CD69_T,true_auc,0.9952602427247458
rna_pca,202937150118_R07C01,heldout_marker,CD69_T,effect_concordance,0.9994058229352347
rna_pca,202937150118_R07C01,heldout_marker,CD69_T,spearman_true_pred,0.8200157983753271
rna_pca,202937150118_R07C01,heldout_marker,CD69_T,discordant_n,44.0
rna_pca,202937150118_R07C01,heldout_marker,CD69_T,discordant_spearman,0.5140239605355884
rna_pca,202937150118_R07C01,heldout_marker,HLA_DR_Monocyte,n_cells,254.0
rna_pca,202937150118_R07C01,heldout_marker,HLA_DR_Monocyte,pred_auc,0.4027183019921802
rna_pca,202937150118_R07C01,heldout_marker,HLA_DR_Monocyte,pred_ap,0.3986841362080703
rna_pca,202937150118_R07C01,heldout_marker,HLA_DR_Monocyte,true_auc,0.5461118351641532
rna_pca,202937150118_R07C01,heldout_marker,HLA_DR_Monocyte,effect_concordance,0.8566064668280271
rna_pca,202937150118_R07C01,heldout_marker,HLA_DR_Monocyte,spearman_true_pred,0.4058509522471981
rna_pca,202937150118_R07C01,heldout_marker,HLA_DR_Monocyte,discordant_n,39.0
rna_pca,202937150118_R07C01,heldout_marker,HLA_DR_Monocyte,discordant_spearman,-0.1340080971659919
protein_pca,202937150118_R07C01,latent_response,T_cell_direct,n_cells,778.0
protein_pca,202937150118_R07C01,latent_response,T_cell_direct,auc,0.9965168930686172
protein_pca,202937150118_R07C01,latent_response,T_cell_direct,balanced_accuracy,0.9760894953592723
protein_pca,202937150118_R07C01,latent_response,Monocyte_direct,n_cells,254.0
protein_pca,202937150118_R07C01,latent_response,Monocyte_direct,auc,0.9905666232234842
protein_pca,202937150118_R07C01,latent_response,Monocyte_direct,balanced_accuracy,0.9316390492149196
protein_pca,202937150118_R07C01,latent_response,NK_indirect,n_cells,122.0
protein_pca,202937150118_R07C01,latent_response,NK_indirect,auc,0.5085812356979404
protein_pca,202937150118_R07C01,latent_response,NK_indirect,balanced_accuracy,0.5208810068649885
protein_pca,202937150118_R07C01,latent_response,B_cell_indirect,n_cells,97.0
protein_pca,202937150118_R07C01,latent_response,B_cell_indirect,auc,0.8436853002070392
protein_pca,202937150118_R07C01,latent_response,B_cell_indirect,balanced_accuracy,0.7518115942028986
protein_pca,202937150118_R07C01,heldout_marker,CD25_T,n_cells,778.0
protein_pca,202937150118_R07C01,heldout_marker,CD25_T,pred_auc,0.986907615710861
protein_pca,202937150118_R07C01,heldout_marker,CD25_T,pred_ap,0.990594101069091
protein_pca,202937150118_R07C01,heldout_marker,CD25_T,true_auc,0.9229652850342506
protein_pca,202937150118_R07C01,heldout_marker,CD25_T,effect_concordance,0.9360576693233895
protein_pca,202937150118_R07C01,heldout_marker,CD25_T,spearman_true_pred,0.7657017024788437
protein_pca,202937150118_R07C01,heldout_marker,CD25_T,discordant_n,33.0
protein_pca,202937150118_R07C01,heldout_marker,CD25_T,discordant_spearman,0.7701724213490997
protein_pca,202937150118_R07C01,heldout_marker,CD69_T,n_cells,778.0
protein_pca,202937150118_R07C01,heldout_marker,CD69_T,pred_auc,0.9951714576461026
protein_pca,202937150118_R07C01,heldout_marker,CD69_T,pred_ap,0.996311267562034
protein_pca,202937150118_R07C01,heldout_marker,CD69_T,true_auc,0.9952602427247458
protein_pca,202937150118_R07C01,heldout_marker,CD69_T,effect_concordance,0.9999112149213568
protein_pca,202937150118_R07C01,heldout_marker,CD69_T,spearman_true_pred,0.7926919263733985
protein_pca,202937150118_R07C01,heldout_marker,CD69_T,discordant_n,44.0
protein_pca,202937150118_R07C01,heldout_marker,CD69_T,discordant_spearman,0.43171247357293874
protein_pca,202937150118_R07C01,heldout_marker,HLA_DR_Monocyte,n_cells,254.0
protein_pca,202937150118_R07C01,heldout_marker,HLA_DR_Monocyte,pred_auc,0.6413454974244399
protein_pca,202937150118_R07C01,heldout_marker,HLA_DR_Monocyte,pred_ap,0.7024556902941526
protein_pca,202937150118_R07C01,heldout_marker,HLA_DR_Monocyte,true_auc,0.5461118351641532
protein_pca,202937150118_R07C01,heldout_marker,HLA_DR_Monocyte,effect_concordance,0.9047663377397133
protein_pca,202937150118_R07C01,heldout_marker,HLA_DR_Monocyte,spearman_true_pred,0.215107331786472
protein_pca,202937150118_R07C01,heldout_marker,HLA_DR_Monocyte,discordant_n,39.0
protein_pca,202937150118_R07C01,heldout_marker,HLA_DR_Monocyte,discordant_spearman,0.3759109311740891
equal_fusion_pca,202937150118_R07C01,latent_response,T_cell_direct,n_cells,778.0
equal_fusion_pca,202937150118_R07C01,latent_response,T_cell_direct,auc,0.9998224298427137
equal_fusion_pca,202937150118_R07C01,latent_response,T_cell_direct,balanced_accuracy,0.9940753034059322
equal_fusion_pca,202937150118_R07C01,latent_response,Monocyte_direct,n_cells,254.0
equal_fusion_pca,202937150118_R07C01,latent_response,Monocyte_direct,auc,1.0
equal_fusion_pca,202937150118_R07C01,latent_response,Monocyte_direct,balanced_accuracy,0.9959349593495934
equal_fusion_pca,202937150118_R07C01,latent_response,NK_indirect,n_cells,122.0
equal_fusion_pca,202937150118_R07C01,latent_response,NK_indirect,auc,0.9696796338672767
equal_fusion_pca,202937150118_R07C01,latent_response,NK_indirect,balanced_accuracy,0.8950228832951945
equal_fusion_pca,202937150118_R07C01,latent_response,B_cell_indirect,n_cells,97.0
equal_fusion_pca,202937150118_R07C01,latent_response,B_cell_indirect,auc,0.9818840579710145
equal_fusion_pca,202937150118_R07C01,latent_response,B_cell_indirect,balanced_accuracy,0.9241718426501035
equal_fusion_pca,202937150118_R07C01,heldout_marker,CD25_T,n_cells,778.0
equal_fusion_pca,202937150118_R07C01,heldout_marker,CD25_T,pred_auc,0.9897623974703083
equal_fusion_pca,202937150118_R07C01,heldout_marker,CD25_T,pred_ap,0.9938808343566292
equal_fusion_pca,202937150118_R07C01,heldout_marker,CD25_T,true_auc,0.9229652850342506
equal_fusion_pca,202937150118_R07C01,heldout_marker,CD25_T,effect_concordance,0.9332028875639423
equal_fusion_pca,202937150118_R07C01,heldout_marker,CD25_T,spearman_true_pred,0.8085097669235592
equal_fusion_pca,202937150118_R07C01,heldout_marker,CD25_T,discordant_n,33.0
equal_fusion_pca,202937150118_R07C01,heldout_marker,CD25_T,discordant_spearman,0.7621077886648159
equal_fusion_pca,202937150118_R07C01,heldout_marker,CD69_T,n_cells,778.0
equal_fusion_pca,202937150118_R07C01,heldout_marker,CD69_T,pred_auc,0.999433141420971
equal_fusion_pca,202937150118_R07C01,heldout_marker,CD69_T,pred_ap,0.9996207153604594
equal_fusion_pca,202937150118_R07C01,heldout_marker,CD69_T,true_auc,0.9952602427247458
equal_fusion_pca,202937150118_R07C01,heldout_marker,CD69_T,effect_concordance,0.9958271013037748
equal_fusion_pca,202937150118_R07C01,heldout_marker,CD69_T,spearman_true_pred,0.8295933798013119
equal_fusion_pca,202937150118_R07C01,heldout_marker,CD69_T,discordant_n,44.0
equal_fusion_pca,202937150118_R07C01,heldout_marker,CD69_T,discordant_spearman,0.5320648343904157
equal_fusion_pca,202937150118_R07C01,heldout_marker,HLA_DR_Monocyte,n_cells,254.0
equal_fusion_pca,202937150118_R07C01,heldout_marker,HLA_DR_Monocyte,pred_auc,0.4977347483398498
equal_fusion_pca,202937150118_R07C01,heldout_marker,HLA_DR_Monocyte,pred_ap,0.46513471334820644
equal_fusion_pca,202937150118_R07C01,heldout_marker,HLA_DR_Monocyte,true_auc,0.5461118351641532
equal_fusion_pca,202937150118_R07C01,heldout_marker,HLA_DR_Monocyte,effect_concordance,0.9516229131756966
equal_fusion_pca,202937150118_R07C01,heldout_marker,HLA_DR_Monocyte,spearman_true_pred,0.44059505455708736
equal_fusion_pca,202937150118_R07C01,heldout_marker,HLA_DR_Monocyte,discordant_n,39.0
equal_fusion_pca,202937150118_R07C01,heldout_marker,HLA_DR_Monocyte,discordant_spearman,0.1465587044534413
rna_pca,202937150118_R08C01,latent_response,T_cell_direct,n_cells,1052.0
rna_pca,202937150118_R08C01,latent_response,T_cell_direct,auc,0.996364511411806
rna_pca,202937150118_R08C01,latent_response,T_cell_direct,balanced_accuracy,0.9677230068674454
rna_pca,202937150118_R08C01,latent_response,Monocyte_direct,n_cells,201.0
rna_pca,202937150118_R08C01,latent_response,Monocyte_direct,auc,1.0
rna_pca,202937150118_R08C01,latent_response,Monocyte_direct,balanced_accuracy,0.9953703703703703
rna_pca,202937150118_R08C01,latent_response,NK_indirect,n_cells,88.0
rna_pca,202937150118_R08C01,latent_response,NK_indirect,auc,0.9888712241653418
rna_pca,202937150118_R08C01,latent_response,NK_indirect,balanced_accuracy,0.9313725490196079
rna_pca,202937150118_R08C01,latent_response,B_cell_indirect,n_cells,116.0
rna_pca,202937150118_R08C01,latent_response,B_cell_indirect,auc,0.9883720930232558
rna_pca,202937150118_R08C01,latent_response,B_cell_indirect,balanced_accuracy,0.9484496124031008
rna_pca,202937150118_R08C01,heldout_marker,CD25_T,n_cells,1052.0
rna_pca,202937150118_R08C01,heldout_marker,CD25_T,pred_auc,0.9793939618310721
rna_pca,202937150118_R08C01,heldout_marker,CD25_T,pred_ap,0.9869089250653305
rna_pca,202937150118_R08C01,heldout_marker,CD25_T,true_auc,0.8963089795087277
rna_pca,202937150118_R08C01,heldout_marker,CD25_T,effect_concordance,0.9169150176776556
rna_pca,202937150118_R08C01,heldout_marker,CD25_T,spearman_true_pred,0.7665443242904111
rna_pca,202937150118_R08C01,heldout_marker,CD25_T,discordant_n,45.0
rna_pca,202937150118_R08C01,heldout_marker,CD25_T,discordant_spearman,0.5198409428170546
rna_pca,202937150118_R08C01,heldout_marker,CD69_T,n_cells,1052.0
rna_pca,202937150118_R08C01,heldout_marker,CD69_T,pred_auc,0.9934250226755271
rna_pca,202937150118_R08C01,heldout_marker,CD69_T,pred_ap,0.9957174990458975
rna_pca,202937150118_R08C01,heldout_marker,CD69_T,true_auc,0.9892508746274734
rna_pca,202937150118_R08C01,heldout_marker,CD69_T,effect_concordance,0.9958258519519463
rna_pca,202937150118_R08C01,heldout_marker,CD69_T,spearman_true_pred,0.8200825607272586
rna_pca,202937150118_R08C01,heldout_marker,CD69_T,discordant_n,75.0
rna_pca,202937150118_R08C01,heldout_marker,CD69_T,discordant_spearman,0.4868129062165912
rna_pca,202937150118_R08C01,heldout_marker,HLA_DR_Monocyte,n_cells,201.0
rna_pca,202937150118_R08C01,heldout_marker,HLA_DR_Monocyte,pred_auc,0.2222222222222222
rna_pca,202937150118_R08C01,heldout_marker,HLA_DR_Monocyte,pred_ap,0.3860724134241737
rna_pca,202937150118_R08C01,heldout_marker,HLA_DR_Monocyte,true_auc,0.4619673436877738
rna_pca,202937150118_R08C01,heldout_marker,HLA_DR_Monocyte,effect_concordance,0.7602548785344484
rna_pca,202937150118_R08C01,heldout_marker,HLA_DR_Monocyte,spearman_true_pred,0.28801296899878615
rna_pca,202937150118_R08C01,heldout_marker,HLA_DR_Monocyte,discordant_n,35.0
rna_pca,202937150118_R08C01,heldout_marker,HLA_DR_Monocyte,discordant_spearman,-0.28375350140056027
protein_pca,202937150118_R08C01,latent_response,T_cell_direct,n_cells,1052.0
protein_pca,202937150118_R08C01,latent_response,T_cell_direct,auc,0.9973714899209596
protein_pca,202937150118_R08C01,latent_response,T_cell_direct,balanced_accuracy,0.9758084519556485
protein_pca,202937150118_R08C01,latent_response,Monocyte_direct,n_cells,201.0
protein_pca,202937150118_R08C01,latent_response,Monocyte_direct,auc,0.9969135802469136
protein_pca,202937150118_R08C01,latent_response,Monocyte_direct,balanced_accuracy,0.953853046594982
protein_pca,202937150118_R08C01,latent_response,NK_indirect,n_cells,88.0
protein_pca,202937150118_R08C01,latent_response,NK_indirect,auc,0.6984631690514043
protein_pca,202937150118_R08C01,latent_response,NK_indirect,balanced_accuracy,0.6099629040805511
protein_pca,202937150118_R08C01,latent_response,B_cell_indirect,n_cells,116.0
protein_pca,202937150118_R08C01,latent_response,B_cell_indirect,auc,0.898062015503876
protein_pca,202937150118_R08C01,latent_response,B_cell_indirect,balanced_accuracy,0.8193798449612404
protein_pca,202937150118_R08C01,heldout_marker,CD25_T,n_cells,1052.0
protein_pca,202937150118_R08C01,heldout_marker,CD25_T,pred_auc,0.9916776187919959
protein_pca,202937150118_R08C01,heldout_marker,CD25_T,pred_ap,0.9927475833604862
protein_pca,202937150118_R08C01,heldout_marker,CD25_T,true_auc,0.8963089795087277
protein_pca,202937150118_R08C01,heldout_marker,CD25_T,effect_concordance,0.9046313607167318
protein_pca,202937150118_R08C01,heldout_marker,CD25_T,spearman_true_pred,0.7116699166471737
protein_pca,202937150118_R08C01,heldout_marker,CD25_T,discordant_n,45.0
protein_pca,202937150118_R08C01,heldout_marker,CD25_T,discordant_spearman,0.5231103827089858
protein_pca,202937150118_R08C01,heldout_marker,CD69_T,n_cells,1052.0
protein_pca,202937150118_R08C01,heldout_marker,CD69_T,pred_auc,0.9960868518964144
protein_pca,202937150118_R08C01,heldout_marker,CD69_T,pred_ap,0.99693650784739
protein_pca,202937150118_R08C01,heldout_marker,CD69_T,true_auc,0.9892508746274734
protein_pca,202937150118_R08C01,heldout_marker,CD69_T,effect_concordance,0.993164022731059
protein_pca,202937150118_R08C01,heldout_marker,CD69_T,spearman_true_pred,0.8070915812923336
protein_pca,202937150118_R08C01,heldout_marker,CD69_T,discordant_n,75.0
protein_pca,202937150118_R08C01,heldout_marker,CD69_T,discordant_spearman,0.5007539555165023
protein_pca,202937150118_R08C01,heldout_marker,HLA_DR_Monocyte,n_cells,201.0
protein_pca,202937150118_R08C01,heldout_marker,HLA_DR_Monocyte,pred_auc,0.7004181600955794
protein_pca,202937150118_R08C01,heldout_marker,HLA_DR_Monocyte,pred_ap,0.7976979758453846
protein_pca,202937150118_R08C01,heldout_marker,HLA_DR_Monocyte,true_auc,0.4619673436877738
protein_pca,202937150118_R08C01,heldout_marker,HLA_DR_Monocyte,effect_concordance,0.7615491835921944
protein_pca,202937150118_R08C01,heldout_marker,HLA_DR_Monocyte,spearman_true_pred,0.17453293912446452
protein_pca,202937150118_R08C01,heldout_marker,HLA_DR_Monocyte,discordant_n,35.0
protein_pca,202937150118_R08C01,heldout_marker,HLA_DR_Monocyte,discordant_spearman,0.7428571428571429
equal_fusion_pca,202937150118_R08C01,latent_response,T_cell_direct,n_cells,1052.0
equal_fusion_pca,202937150118_R08C01,latent_response,T_cell_direct,auc,0.9993965533198823
equal_fusion_pca,202937150118_R08C01,latent_response,T_cell_direct,balanced_accuracy,0.9833737482183514
equal_fusion_pca,202937150118_R08C01,latent_response,Monocyte_direct,n_cells,201.0
equal_fusion_pca,202937150118_R08C01,latent_response,Monocyte_direct,auc,1.0
equal_fusion_pca,202937150118_R08C01,latent_response,Monocyte_direct,balanced_accuracy,1.0
equal_fusion_pca,202937150118_R08C01,latent_response,NK_indirect,n_cells,88.0
equal_fusion_pca,202937150118_R08C01,latent_response,NK_indirect,auc,0.956544780074192
equal_fusion_pca,202937150118_R08C01,latent_response,NK_indirect,balanced_accuracy,0.8479067302596714
equal_fusion_pca,202937150118_R08C01,latent_response,B_cell_indirect,n_cells,116.0
equal_fusion_pca,202937150118_R08C01,latent_response,B_cell_indirect,auc,0.9810077519379845
equal_fusion_pca,202937150118_R08C01,latent_response,B_cell_indirect,balanced_accuracy,0.9434108527131784
equal_fusion_pca,202937150118_R08C01,heldout_marker,CD25_T,n_cells,1052.0
equal_fusion_pca,202937150118_R08C01,heldout_marker,CD25_T,pred_auc,0.9949984265960795
equal_fusion_pca,202937150118_R08C01,heldout_marker,CD25_T,pred_ap,0.9963493089699148
equal_fusion_pca,202937150118_R08C01,heldout_marker,CD25_T,true_auc,0.8963089795087277
equal_fusion_pca,202937150118_R08C01,heldout_marker,CD25_T,effect_concordance,0.9013105529126482
equal_fusion_pca,202937150118_R08C01,heldout_marker,CD25_T,spearman_true_pred,0.7777895576422654
equal_fusion_pca,202937150118_R08C01,heldout_marker,CD25_T,discordant_n,45.0
equal_fusion_pca,202937150118_R08C01,heldout_marker,CD25_T,discordant_spearman,0.5432608081653779
equal_fusion_pca,202937150118_R08C01,heldout_marker,CD69_T,n_cells,1052.0
equal_fusion_pca,202937150118_R08C01,heldout_marker,CD69_T,pred_auc,0.9991003831701313
equal_fusion_pca,202937150118_R08C01,heldout_marker,CD69_T,pred_ap,0.9993387332286294
equal_fusion_pca,202937150118_R08C01,heldout_marker,CD69_T,true_auc,0.9892508746274734
equal_fusion_pca,202937150118_R08C01,heldout_marker,CD69_T,effect_concordance,0.9901504914573421
equal_fusion_pca,202937150118_R08C01,heldout_marker,CD69_T,spearman_true_pred,0.8382238527527808
equal_fusion_pca,202937150118_R08C01,heldout_marker,CD69_T,discordant_n,75.0
equal_fusion_pca,202937150118_R08C01,heldout_marker,CD69_T,discordant_spearman,0.5210111536829037
equal_fusion_pca,202937150118_R08C01,heldout_marker,HLA_DR_Monocyte,n_cells,201.0
equal_fusion_pca,202937150118_R08C01,heldout_marker,HLA_DR_Monocyte,pred_auc,0.40362405416168856
equal_fusion_pca,202937150118_R08C01,heldout_marker,HLA_DR_Monocyte,pred_ap,0.46243266565177815
equal_fusion_pca,202937150118_R08C01,heldout_marker,HLA_DR_Monocyte,true_auc,0.4619673436877738
equal_fusion_pca,202937150118_R08C01,heldout_marker,HLA_DR_Monocyte,effect_concordance,0.9416567104739147
equal_fusion_pca,202937150118_R08C01,heldout_marker,HLA_DR_Monocyte,spearman_true_pred,0.33622916197354136
equal_fusion_pca,202937150118_R08C01,heldout_marker,HLA_DR_Monocyte,discordant_n,35.0
equal_fusion_pca,202937150118_R08C01,heldout_marker,HLA_DR_Monocyte,discordant_spearman,0.15714285714285714
