heldout_mouse,target,model,spearman,n_cells
0,ADT_CD20_A0192,totalVI,0.6243967758314704,9251
0,ADT_CD20_A0192,FusionVI,0.7399108166180911,9251
0,ADT_CD28_A0204,totalVI,0.5408419774127174,9251
0,ADT_CD28_A0204,FusionVI,0.6128545841710976,9251
0,ADT_CD4_A0001,totalVI,0.6697847442487717,9251
0,ADT_CD4_A0001,FusionVI,0.7279045491608261,9251
0,ADT_CD8a_A0002,totalVI,0.5181932580229652,9251
0,ADT_CD8a_A0002,FusionVI,0.6137464695148455,9251
1,ADT_CD20_A0192,totalVI,0.6227295535178319,7562
1,ADT_CD20_A0192,FusionVI,0.7369833231612585,7562
1,ADT_CD28_A0204,totalVI,0.5425193953516295,7562
1,ADT_CD28_A0204,FusionVI,0.6138795975778945,7562
1,ADT_CD4_A0001,totalVI,0.6110845107267573,7562
1,ADT_CD4_A0001,FusionVI,0.7212755388866706,7562
1,ADT_CD8a_A0002,totalVI,0.4918747847550594,7562
1,ADT_CD8a_A0002,FusionVI,0.6154528099584141,7562
