model,donor,target,metric,value,n_cells
rna_proxy_only,202937150091_R01C01,CD25_T,spearman_true_pred,0.7172263375166658,581
rna_proxy_only,202937150091_R01C01,CD25_T,discordant_spearman,-0.7502650497167196,19
protein_context_only,202937150091_R01C01,CD25_T,spearman_true_pred,0.829291226533337,581
protein_context_only,202937150091_R01C01,CD25_T,discordant_spearman,0.7024541685524699,19
context_no_latent,202937150091_R01C01,CD25_T,spearman_true_pred,0.8423424953978561,581
context_no_latent,202937150091_R01C01,CD25_T,discordant_spearman,0.71887517509006,19
totalvi_xmodal,202937150091_R01C01,CD25_T,spearman_true_pred,0.8473410418601903,581
totalvi_xmodal,202937150091_R01C01,CD25_T,discordant_spearman,0.7571908570111038,19
fusionvi_xmodal,202937150091_R01C01,CD25_T,spearman_true_pred,0.8488790090752798,581
fusionvi_xmodal,202937150091_R01C01,CD25_T,discordant_spearman,0.7298225127817868,19
rna_proxy_only,202937150091_R01C01,CD69_T,spearman_true_pred,0.4371814788622323,581
rna_proxy_only,202937150091_R01C01,CD69_T,discordant_spearman,-0.7006490497453706,34
protein_context_only,202937150091_R01C01,CD69_T,spearman_true_pred,0.8646094601309784,581
protein_context_only,202937150091_R01C01,CD69_T,discordant_spearman,0.6589763177998471,34
context_no_latent,202937150091_R01C01,CD69_T,spearman_true_pred,0.8700822304436213,581
context_no_latent,202937150091_R01C01,CD69_T,discordant_spearman,0.656531703590527,34
totalvi_xmodal,202937150091_R01C01,CD69_T,spearman_true_pred,0.8742255090310644,581
totalvi_xmodal,202937150091_R01C01,CD69_T,discordant_spearman,0.6204736440030557,34
fusionvi_xmodal,202937150091_R01C01,CD69_T,spearman_true_pred,0.8721557822127808,581
fusionvi_xmodal,202937150091_R01C01,CD69_T,discordant_spearman,0.6122230710466005,34
rna_proxy_only,202937150091_R01C01,HLA_DR_Monocyte,spearman_true_pred,0.4835275645465602,138
rna_proxy_only,202937150091_R01C01,HLA_DR_Monocyte,discordant_spearman,0.6092717958449424,10
protein_context_only,202937150091_R01C01,HLA_DR_Monocyte,spearman_true_pred,0.701627007592202,138
protein_context_only,202937150091_R01C01,HLA_DR_Monocyte,discordant_spearman,0.6606060606060605,10
context_no_latent,202937150091_R01C01,HLA_DR_Monocyte,spearman_true_pred,0.7564717272452195,138
context_no_latent,202937150091_R01C01,HLA_DR_Monocyte,discordant_spearman,0.7575757575757575,10
totalvi_xmodal,202937150091_R01C01,HLA_DR_Monocyte,spearman_true_pred,0.7993798832936422,138
totalvi_xmodal,202937150091_R01C01,HLA_DR_Monocyte,discordant_spearman,0.7939393939393938,10
fusionvi_xmodal,202937150091_R01C01,HLA_DR_Monocyte,spearman_true_pred,0.7972039947865306,138
fusionvi_xmodal,202937150091_R01C01,HLA_DR_Monocyte,discordant_spearman,0.7454545454545454,10
rna_proxy_only,202937150091_R02C01,CD25_T,spearman_true_pred,0.695491858421778,366
rna_proxy_only,202937150091_R02C01,CD25_T,discordant_spearman,-0.780070540726958,15
protein_context_only,202937150091_R02C01,CD25_T,spearman_true_pred,0.8346740903379252,366
protein_context_only,202937150091_R02C01,CD25_T,discordant_spearman,0.7982143037092698,15
context_no_latent,202937150091_R02C01,CD25_T,spearman_true_pred,0.8396180042047948,366
context_no_latent,202937150091_R02C01,CD25_T,discordant_spearman,0.48251606224223276,15
totalvi_xmodal,202937150091_R02C01,CD25_T,spearman_true_pred,0.8462216037323842,366
totalvi_xmodal,202937150091_R02C01,CD25_T,discordant_spearman,0.7426083634508713,15
fusionvi_xmodal,202937150091_R02C01,CD25_T,spearman_true_pred,0.8394201252002411,366
fusionvi_xmodal,202937150091_R02C01,CD25_T,discordant_spearman,0.6816212031674663,15
rna_proxy_only,202937150091_R02C01,CD69_T,spearman_true_pred,0.3427989023407679,366
rna_proxy_only,202937150091_R02C01,CD69_T,discordant_spearman,-0.7505814882409559,28
protein_context_only,202937150091_R02C01,CD69_T,spearman_true_pred,0.8765268902539013,366
protein_context_only,202937150091_R02C01,CD69_T,discordant_spearman,0.5017106930793522,28
context_no_latent,202937150091_R02C01,CD69_T,spearman_true_pred,0.8830059521165817,366
context_no_latent,202937150091_R02C01,CD69_T,discordant_spearman,0.5123853886767852,28
totalvi_xmodal,202937150091_R02C01,CD69_T,spearman_true_pred,0.8790989782937025,366
totalvi_xmodal,202937150091_R02C01,CD69_T,discordant_spearman,0.44724237451809135,28
fusionvi_xmodal,202937150091_R02C01,CD69_T,spearman_true_pred,0.8875981795491508,366
fusionvi_xmodal,202937150091_R02C01,CD69_T,discordant_spearman,0.49623649020887367,28
rna_proxy_only,202937150091_R02C01,HLA_DR_Monocyte,spearman_true_pred,0.43054163641848453,123
rna_proxy_only,202937150091_R02C01,HLA_DR_Monocyte,discordant_spearman,-0.7346983373633726,13
protein_context_only,202937150091_R02C01,HLA_DR_Monocyte,spearman_true_pred,0.6525892522755911,123
protein_context_only,202937150091_R02C01,HLA_DR_Monocyte,discordant_spearman,0.8626373626373626,13
context_no_latent,202937150091_R02C01,HLA_DR_Monocyte,spearman_true_pred,0.661485851480198,123
context_no_latent,202937150091_R02C01,HLA_DR_Monocyte,discordant_spearman,0.7692307692307693,13
totalvi_xmodal,202937150091_R02C01,HLA_DR_Monocyte,spearman_true_pred,0.7565462880701991,123
totalvi_xmodal,202937150091_R02C01,HLA_DR_Monocyte,discordant_spearman,0.7252747252747254,13
fusionvi_xmodal,202937150091_R02C01,HLA_DR_Monocyte,spearman_true_pred,0.7759130785098037,123
fusionvi_xmodal,202937150091_R02C01,HLA_DR_Monocyte,discordant_spearman,0.7417582417582418,13
rna_proxy_only,202937150118_R01C01,CD25_T,spearman_true_pred,0.7121718237264089,732
rna_proxy_only,202937150118_R01C01,CD25_T,discordant_spearman,-0.660883631362785,27
protein_context_only,202937150118_R01C01,CD25_T,spearman_true_pred,0.7874318432148147,732
protein_context_only,202937150118_R01C01,CD25_T,discordant_spearman,0.6425138141670028,27
context_no_latent,202937150118_R01C01,CD25_T,spearman_true_pred,0.8080475229144319,732
context_no_latent,202937150118_R01C01,CD25_T,discordant_spearman,0.6126294507173747,27
totalvi_xmodal,202937150118_R01C01,CD25_T,spearman_true_pred,0.8181797640860404,732
totalvi_xmodal,202937150118_R01C01,CD25_T,discordant_spearman,0.6129407461699752,27
fusionvi_xmodal,202937150118_R01C01,CD25_T,spearman_true_pred,0.8118336312230731,732
fusionvi_xmodal,202937150118_R01C01,CD25_T,discordant_spearman,0.6555882231762151,27
rna_proxy_only,202937150118_R01C01,CD69_T,spearman_true_pred,0.4312603985961367,732
rna_proxy_only,202937150118_R01C01,CD69_T,discordant_spearman,-0.6982476279762697,49
protein_context_only,202937150118_R01C01,CD69_T,spearman_true_pred,0.8678769013931207,732
protein_context_only,202937150118_R01C01,CD69_T,discordant_spearman,0.43150160778653274,49
context_no_latent,202937150118_R01C01,CD69_T,spearman_true_pred,0.8675383346722093,732
context_no_latent,202937150118_R01C01,CD69_T,discordant_spearman,0.40803102252204115,49
totalvi_xmodal,202937150118_R01C01,CD69_T,spearman_true_pred,0.8701036045443542,732
totalvi_xmodal,202937150118_R01C01,CD69_T,discordant_spearman,0.4403285887664394,49
fusionvi_xmodal,202937150118_R01C01,CD69_T,spearman_true_pred,0.8692961672115711,732
fusionvi_xmodal,202937150118_R01C01,CD69_T,discordant_spearman,0.46267666777915084,49
rna_proxy_only,202937150118_R01C01,HLA_DR_Monocyte,spearman_true_pred,0.5512016738345065,99
rna_proxy_only,202937150118_R01C01,HLA_DR_Monocyte,discordant_spearman,,8
protein_context_only,202937150118_R01C01,HLA_DR_Monocyte,spearman_true_pred,0.6930945343082332,99
protein_context_only,202937150118_R01C01,HLA_DR_Monocyte,discordant_spearman,,8
context_no_latent,202937150118_R01C01,HLA_DR_Monocyte,spearman_true_pred,0.7024329305785366,99
context_no_latent,202937150118_R01C01,HLA_DR_Monocyte,discordant_spearman,,8
totalvi_xmodal,202937150118_R01C01,HLA_DR_Monocyte,spearman_true_pred,0.7065517199268955,99
totalvi_xmodal,202937150118_R01C01,HLA_DR_Monocyte,discordant_spearman,,8
fusionvi_xmodal,202937150118_R01C01,HLA_DR_Monocyte,spearman_true_pred,0.7264468330405154,99
fusionvi_xmodal,202937150118_R01C01,HLA_DR_Monocyte,discordant_spearman,,8
rna_proxy_only,202937150118_R02C01,CD25_T,spearman_true_pred,0.64838848124918,740
rna_proxy_only,202937150118_R02C01,CD25_T,discordant_spearman,-0.5985873084621245,36
protein_context_only,202937150118_R02C01,CD25_T,spearman_true_pred,0.7621899793989473,740
protein_context_only,202937150118_R02C01,CD25_T,discordant_spearman,0.5777948771134492,36
context_no_latent,202937150118_R02C01,CD25_T,spearman_true_pred,0.783022076703937,740
context_no_latent,202937150118_R02C01,CD25_T,discordant_spearman,0.4882294797785968,36
totalvi_xmodal,202937150118_R02C01,CD25_T,spearman_true_pred,0.798862414707258,740
totalvi_xmodal,202937150118_R02C01,CD25_T,discordant_spearman,0.5917853844343678,36
fusionvi_xmodal,202937150118_R02C01,CD25_T,spearman_true_pred,0.7939613556731376,740
fusionvi_xmodal,202937150118_R02C01,CD25_T,discordant_spearman,0.5336005642679308,36
rna_proxy_only,202937150118_R02C01,CD69_T,spearman_true_pred,0.3306728006711532,740
rna_proxy_only,202937150118_R02C01,CD69_T,discordant_spearman,-0.7361128606609575,55
protein_context_only,202937150118_R02C01,CD69_T,spearman_true_pred,0.8473165919555796,740
protein_context_only,202937150118_R02C01,CD69_T,discordant_spearman,0.4276023883404992,55
context_no_latent,202937150118_R02C01,CD69_T,spearman_true_pred,0.844947787922821,740
context_no_latent,202937150118_R02C01,CD69_T,discordant_spearman,0.4381742809895386,55
totalvi_xmodal,202937150118_R02C01,CD69_T,spearman_true_pred,0.857029030616407,740
totalvi_xmodal,202937150118_R02C01,CD69_T,discordant_spearman,0.4537254268316409,55
fusionvi_xmodal,202937150118_R02C01,CD69_T,spearman_true_pred,0.8551651371950741,740
fusionvi_xmodal,202937150118_R02C01,CD69_T,discordant_spearman,0.49200794594642194,55
rna_proxy_only,202937150118_R02C01,HLA_DR_Monocyte,spearman_true_pred,0.36443350365553406,177
rna_proxy_only,202937150118_R02C01,HLA_DR_Monocyte,discordant_spearman,-0.32262207928036163,27
protein_context_only,202937150118_R02C01,HLA_DR_Monocyte,spearman_true_pred,0.5992779355165421,177
protein_context_only,202937150118_R02C01,HLA_DR_Monocyte,discordant_spearman,0.5873015873015872,27
context_no_latent,202937150118_R02C01,HLA_DR_Monocyte,spearman_true_pred,0.6944026196434325,177
context_no_latent,202937150118_R02C01,HLA_DR_Monocyte,discordant_spearman,0.43833943833943834,27
totalvi_xmodal,202937150118_R02C01,HLA_DR_Monocyte,spearman_true_pred,0.7028903687310373,177
totalvi_xmodal,202937150118_R02C01,HLA_DR_Monocyte,discordant_spearman,0.3571428571428571,27
fusionvi_xmodal,202937150118_R02C01,HLA_DR_Monocyte,spearman_true_pred,0.7059569522234227,177
fusionvi_xmodal,202937150118_R02C01,HLA_DR_Monocyte,discordant_spearman,0.47741147741147744,27
rna_proxy_only,202937150118_R03C01,CD25_T,spearman_true_pred,0.7286755211950227,1176
rna_proxy_only,202937150118_R03C01,CD25_T,discordant_spearman,-0.7711756829140815,25
protein_context_only,202937150118_R03C01,CD25_T,spearman_true_pred,0.7926825825883388,1176
protein_context_only,202937150118_R03C01,CD25_T,discordant_spearman,0.8706700039499008,25
context_no_latent,202937150118_R03C01,CD25_T,spearman_true_pred,0.8390812518403407,1176
context_no_latent,202937150118_R03C01,CD25_T,discordant_spearman,0.7278678061314157,25
totalvi_xmodal,202937150118_R03C01,CD25_T,spearman_true_pred,0.8553795852155393,1176
totalvi_xmodal,202937150118_R03C01,CD25_T,discordant_spearman,0.801001007170532,25
fusionvi_xmodal,202937150118_R03C01,CD25_T,spearman_true_pred,0.851302087588992,1176
fusionvi_xmodal,202937150118_R03C01,CD25_T,discordant_spearman,0.7829101627029612,25
rna_proxy_only,202937150118_R03C01,CD69_T,spearman_true_pred,0.3097050806975571,1176
rna_proxy_only,202937150118_R03C01,CD69_T,discordant_spearman,-0.7123830028001182,73
protein_context_only,202937150118_R03C01,CD69_T,spearman_true_pred,0.8727935597887189,1176
protein_context_only,202937150118_R03C01,CD69_T,discordant_spearman,0.5336521799502494,73
context_no_latent,202937150118_R03C01,CD69_T,spearman_true_pred,0.8743520834069596,1176
context_no_latent,202937150118_R03C01,CD69_T,discordant_spearman,0.5272958718224812,73
totalvi_xmodal,202937150118_R03C01,CD69_T,spearman_true_pred,0.8913862979686045,1176
totalvi_xmodal,202937150118_R03C01,CD69_T,discordant_spearman,0.574289353757389,73
fusionvi_xmodal,202937150118_R03C01,CD69_T,spearman_true_pred,0.8844431406665568,1176
fusionvi_xmodal,202937150118_R03C01,CD69_T,discordant_spearman,0.5389902445429868,73
rna_proxy_only,202937150118_R03C01,HLA_DR_Monocyte,spearman_true_pred,0.5276111808041959,125
rna_proxy_only,202937150118_R03C01,HLA_DR_Monocyte,discordant_spearman,,9
protein_context_only,202937150118_R03C01,HLA_DR_Monocyte,spearman_true_pred,0.6324530830148855,125
protein_context_only,202937150118_R03C01,HLA_DR_Monocyte,discordant_spearman,,9
context_no_latent,202937150118_R03C01,HLA_DR_Monocyte,spearman_true_pred,0.7233486281138771,125
context_no_latent,202937150118_R03C01,HLA_DR_Monocyte,discordant_spearman,,9
totalvi_xmodal,202937150118_R03C01,HLA_DR_Monocyte,spearman_true_pred,0.8162349902622889,125
totalvi_xmodal,202937150118_R03C01,HLA_DR_Monocyte,discordant_spearman,,9
fusionvi_xmodal,202937150118_R03C01,HLA_DR_Monocyte,spearman_true_pred,0.8406132823720874,125
fusionvi_xmodal,202937150118_R03C01,HLA_DR_Monocyte,discordant_spearman,,9
rna_proxy_only,202937150118_R04C01,CD25_T,spearman_true_pred,0.6772469228810343,1098
rna_proxy_only,202937150118_R04C01,CD25_T,discordant_spearman,-0.7889364929869982,48
protein_context_only,202937150118_R04C01,CD25_T,spearman_true_pred,0.7731634026311935,1098
protein_context_only,202937150118_R04C01,CD25_T,discordant_spearman,0.7693161239694609,48
context_no_latent,202937150118_R04C01,CD25_T,spearman_true_pred,0.8047972156684566,1098
context_no_latent,202937150118_R04C01,CD25_T,discordant_spearman,0.6340559544145548,48
totalvi_xmodal,202937150118_R04C01,CD25_T,spearman_true_pred,0.8128876053056158,1098
totalvi_xmodal,202937150118_R04C01,CD25_T,discordant_spearman,0.6969041140057234,48
fusionvi_xmodal,202937150118_R04C01,CD25_T,spearman_true_pred,0.8127727246104369,1098
fusionvi_xmodal,202937150118_R04C01,CD25_T,discordant_spearman,0.6926413692682354,48
rna_proxy_only,202937150118_R04C01,CD69_T,spearman_true_pred,0.35531341841296293,1098
rna_proxy_only,202937150118_R04C01,CD69_T,discordant_spearman,-0.7441135756034569,92
protein_context_only,202937150118_R04C01,CD69_T,spearman_true_pred,0.8850594518716297,1098
protein_context_only,202937150118_R04C01,CD69_T,discordant_spearman,0.6335952288899853,92
context_no_latent,202937150118_R04C01,CD69_T,spearman_true_pred,0.8840881571127014,1098
context_no_latent,202937150118_R04C01,CD69_T,discordant_spearman,0.6371864881086526,92
totalvi_xmodal,202937150118_R04C01,CD69_T,spearman_true_pred,0.8990129788863337,1098
totalvi_xmodal,202937150118_R04C01,CD69_T,discordant_spearman,0.6535629384083694,92
fusionvi_xmodal,202937150118_R04C01,CD69_T,spearman_true_pred,0.8963590038103623,1098
fusionvi_xmodal,202937150118_R04C01,CD69_T,discordant_spearman,0.6255110423655603,92
rna_proxy_only,202937150118_R04C01,HLA_DR_Monocyte,spearman_true_pred,0.4253523193100973,179
rna_proxy_only,202937150118_R04C01,HLA_DR_Monocyte,discordant_spearman,0.11972519056705674,20
protein_context_only,202937150118_R04C01,HLA_DR_Monocyte,spearman_true_pred,0.636422793509148,179
protein_context_only,202937150118_R04C01,HLA_DR_Monocyte,discordant_spearman,0.22406015037593985,20
context_no_latent,202937150118_R04C01,HLA_DR_Monocyte,spearman_true_pred,0.7421703360194323,179
context_no_latent,202937150118_R04C01,HLA_DR_Monocyte,discordant_spearman,0.20601503759398496,20
totalvi_xmodal,202937150118_R04C01,HLA_DR_Monocyte,spearman_true_pred,0.765360118538877,179
totalvi_xmodal,202937150118_R04C01,HLA_DR_Monocyte,discordant_spearman,0.27518796992481204,20
fusionvi_xmodal,202937150118_R04C01,HLA_DR_Monocyte,spearman_true_pred,0.7657325611346056,179
fusionvi_xmodal,202937150118_R04C01,HLA_DR_Monocyte,discordant_spearman,0.2781954887218045,20
rna_proxy_only,202937150118_R05C01,CD25_T,spearman_true_pred,0.6902675268439714,917
rna_proxy_only,202937150118_R05C01,CD25_T,discordant_spearman,-0.7919050903230909,30
protein_context_only,202937150118_R05C01,CD25_T,spearman_true_pred,0.7916427434870211,917
protein_context_only,202937150118_R05C01,CD25_T,discordant_spearman,0.8423758415106316,30
context_no_latent,202937150118_R05C01,CD25_T,spearman_true_pred,0.8109036173808442,917
context_no_latent,202937150118_R05C01,CD25_T,discordant_spearman,0.7033537507667453,30
totalvi_xmodal,202937150118_R05C01,CD25_T,spearman_true_pred,0.8201425452358231,917
totalvi_xmodal,202937150118_R05C01,CD25_T,discordant_spearman,0.7191719694251042,30
fusionvi_xmodal,202937150118_R05C01,CD25_T,spearman_true_pred,0.8184496301646722,917
fusionvi_xmodal,202937150118_R05C01,CD25_T,discordant_spearman,0.6939964946589836,30
rna_proxy_only,202937150118_R05C01,CD69_T,spearman_true_pred,0.439388640622757,917
rna_proxy_only,202937150118_R05C01,CD69_T,discordant_spearman,-0.7243771801944194,62
protein_context_only,202937150118_R05C01,CD69_T,spearman_true_pred,0.8473654203467195,917
protein_context_only,202937150118_R05C01,CD69_T,discordant_spearman,0.760590345022022,62
context_no_latent,202937150118_R05C01,CD69_T,spearman_true_pred,0.8412621970679769,917
context_no_latent,202937150118_R05C01,CD69_T,discordant_spearman,0.7926258059116911,62
totalvi_xmodal,202937150118_R05C01,CD69_T,spearman_true_pred,0.8564218294874286,917
totalvi_xmodal,202937150118_R05C01,CD69_T,discordant_spearman,0.7312496909839208,62
fusionvi_xmodal,202937150118_R05C01,CD69_T,spearman_true_pred,0.8506621896203437,917
fusionvi_xmodal,202937150118_R05C01,CD69_T,discordant_spearman,0.7425074354946771,62
rna_proxy_only,202937150118_R05C01,HLA_DR_Monocyte,spearman_true_pred,0.1348427500008911,167
rna_proxy_only,202937150118_R05C01,HLA_DR_Monocyte,discordant_spearman,-0.0575519802842769,22
protein_context_only,202937150118_R05C01,HLA_DR_Monocyte,spearman_true_pred,0.529646127585787,167
protein_context_only,202937150118_R05C01,HLA_DR_Monocyte,discordant_spearman,0.5347261434217957,22
context_no_latent,202937150118_R05C01,HLA_DR_Monocyte,spearman_true_pred,0.578285810154622,167
context_no_latent,202937150118_R05C01,HLA_DR_Monocyte,discordant_spearman,0.5166572557876906,22
totalvi_xmodal,202937150118_R05C01,HLA_DR_Monocyte,spearman_true_pred,0.6675375792207128,167
totalvi_xmodal,202937150118_R05C01,HLA_DR_Monocyte,discordant_spearman,0.5595708639186902,22
fusionvi_xmodal,202937150118_R05C01,HLA_DR_Monocyte,spearman_true_pred,0.671840607768149,167
fusionvi_xmodal,202937150118_R05C01,HLA_DR_Monocyte,discordant_spearman,0.6058723884810843,22
rna_proxy_only,202937150118_R06C01,CD25_T,spearman_true_pred,0.7244959097652536,843
rna_proxy_only,202937150118_R06C01,CD25_T,discordant_spearman,-0.5887901944952514,20
protein_context_only,202937150118_R06C01,CD25_T,spearman_true_pred,0.7755367993071599,843
protein_context_only,202937150118_R06C01,CD25_T,discordant_spearman,0.669284321976033,20
context_no_latent,202937150118_R06C01,CD25_T,spearman_true_pred,0.7907259879246697,843
context_no_latent,202937150118_R06C01,CD25_T,discordant_spearman,0.8165726619319902,20
totalvi_xmodal,202937150118_R06C01,CD25_T,spearman_true_pred,0.7992540734584042,843
totalvi_xmodal,202937150118_R06C01,CD25_T,discordant_spearman,0.7745993008046449,20
fusionvi_xmodal,202937150118_R06C01,CD25_T,spearman_true_pred,0.7905096275664611,843
fusionvi_xmodal,202937150118_R06C01,CD25_T,discordant_spearman,0.754757348271718,20
rna_proxy_only,202937150118_R06C01,CD69_T,spearman_true_pred,0.3484568621880108,843
rna_proxy_only,202937150118_R06C01,CD69_T,discordant_spearman,-0.7349965980157009,51
protein_context_only,202937150118_R06C01,CD69_T,spearman_true_pred,0.832678938018904,843
protein_context_only,202937150118_R06C01,CD69_T,discordant_spearman,0.7181100372956206,51
context_no_latent,202937150118_R06C01,CD69_T,spearman_true_pred,0.8322138437339613,843
context_no_latent,202937150118_R06C01,CD69_T,discordant_spearman,0.7234504913449609,51
totalvi_xmodal,202937150118_R06C01,CD69_T,spearman_true_pred,0.836153619148118,843
totalvi_xmodal,202937150118_R06C01,CD69_T,discordant_spearman,0.7191962313395541,51
fusionvi_xmodal,202937150118_R06C01,CD69_T,spearman_true_pred,0.8391485478075795,843
fusionvi_xmodal,202937150118_R06C01,CD69_T,discordant_spearman,0.7074291291969398,51
rna_proxy_only,202937150118_R06C01,HLA_DR_Monocyte,spearman_true_pred,0.4111561601471054,181
rna_proxy_only,202937150118_R06C01,HLA_DR_Monocyte,discordant_spearman,-0.3913135856308271,20
protein_context_only,202937150118_R06C01,HLA_DR_Monocyte,spearman_true_pred,0.6353166530439494,181
protein_context_only,202937150118_R06C01,HLA_DR_Monocyte,discordant_spearman,0.47518796992481205,20
context_no_latent,202937150118_R06C01,HLA_DR_Monocyte,spearman_true_pred,0.6979869982680212,181
context_no_latent,202937150118_R06C01,HLA_DR_Monocyte,discordant_spearman,0.35939849624060144,20
totalvi_xmodal,202937150118_R06C01,HLA_DR_Monocyte,spearman_true_pred,0.7715634852046427,181
totalvi_xmodal,202937150118_R06C01,HLA_DR_Monocyte,discordant_spearman,0.6421052631578947,20
fusionvi_xmodal,202937150118_R06C01,HLA_DR_Monocyte,spearman_true_pred,0.785290773984792,181
fusionvi_xmodal,202937150118_R06C01,HLA_DR_Monocyte,discordant_spearman,0.6736842105263157,20
rna_proxy_only,202937150118_R07C01,CD25_T,spearman_true_pred,0.6989741644617179,778
rna_proxy_only,202937150118_R07C01,CD25_T,discordant_spearman,-0.7796695171310011,33
protein_context_only,202937150118_R07C01,CD25_T,spearman_true_pred,0.8202017704643968,778
protein_context_only,202937150118_R07C01,CD25_T,discordant_spearman,0.8017588993625445,33
context_no_latent,202937150118_R07C01,CD25_T,spearman_true_pred,0.850243954475303,778
context_no_latent,202937150118_R07C01,CD25_T,discordant_spearman,0.7006149644471522,33
totalvi_xmodal,202937150118_R07C01,CD25_T,spearman_true_pred,0.8563025140290231,778
totalvi_xmodal,202937150118_R07C01,CD25_T,discordant_spearman,0.7288411788421454,33
fusionvi_xmodal,202937150118_R07C01,CD25_T,spearman_true_pred,0.8540775267518453,778
fusionvi_xmodal,202937150118_R07C01,CD25_T,discordant_spearman,0.7305213106513712,33
rna_proxy_only,202937150118_R07C01,CD69_T,spearman_true_pred,0.4508119868606109,778
rna_proxy_only,202937150118_R07C01,CD69_T,discordant_spearman,-0.5945488811637132,44
protein_context_only,202937150118_R07C01,CD69_T,spearman_true_pred,0.8697206506857128,778
protein_context_only,202937150118_R07C01,CD69_T,discordant_spearman,0.516983791402396,44
context_no_latent,202937150118_R07C01,CD69_T,spearman_true_pred,0.8743629992720007,778
context_no_latent,202937150118_R07C01,CD69_T,discordant_spearman,0.5097956307258633,44
totalvi_xmodal,202937150118_R07C01,CD69_T,spearman_true_pred,0.8896045133322452,778
totalvi_xmodal,202937150118_R07C01,CD69_T,discordant_spearman,0.5188160676532769,44
fusionvi_xmodal,202937150118_R07C01,CD69_T,spearman_true_pred,0.8872654407693404,778
fusionvi_xmodal,202937150118_R07C01,CD69_T,discordant_spearman,0.5069767441860464,44
rna_proxy_only,202937150118_R07C01,HLA_DR_Monocyte,spearman_true_pred,0.23670212361755036,254
rna_proxy_only,202937150118_R07C01,HLA_DR_Monocyte,discordant_spearman,-0.5843683701670654,39
protein_context_only,202937150118_R07C01,HLA_DR_Monocyte,spearman_true_pred,0.6044920913370949,254
protein_context_only,202937150118_R07C01,HLA_DR_Monocyte,discordant_spearman,0.7827935222672064,39
context_no_latent,202937150118_R07C01,HLA_DR_Monocyte,spearman_true_pred,0.6453641027655246,254
context_no_latent,202937150118_R07C01,HLA_DR_Monocyte,discordant_spearman,0.6414979757085021,39
totalvi_xmodal,202937150118_R07C01,HLA_DR_Monocyte,spearman_true_pred,0.7406989317087838,254
totalvi_xmodal,202937150118_R07C01,HLA_DR_Monocyte,discordant_spearman,0.7283400809716599,39
fusionvi_xmodal,202937150118_R07C01,HLA_DR_Monocyte,spearman_true_pred,0.7629968170757099,254
fusionvi_xmodal,202937150118_R07C01,HLA_DR_Monocyte,discordant_spearman,0.8028340080971661,39
rna_proxy_only,202937150118_R08C01,CD25_T,spearman_true_pred,0.6923250064384087,1052
rna_proxy_only,202937150118_R08C01,CD25_T,discordant_spearman,-0.6521001911865177,45
protein_context_only,202937150118_R08C01,CD25_T,spearman_true_pred,0.7923745664808062,1052
protein_context_only,202937150118_R08C01,CD25_T,discordant_spearman,0.6231285540968391,45
context_no_latent,202937150118_R08C01,CD25_T,spearman_true_pred,0.8222924594474132,1052
context_no_latent,202937150118_R08C01,CD25_T,discordant_spearman,0.5662136106719966,45
totalvi_xmodal,202937150118_R08C01,CD25_T,spearman_true_pred,0.8259068424089318,1052
totalvi_xmodal,202937150118_R08C01,CD25_T,discordant_spearman,0.6001757515902203,45
fusionvi_xmodal,202937150118_R08C01,CD25_T,spearman_true_pred,0.8281535031277943,1052
fusionvi_xmodal,202937150118_R08C01,CD25_T,discordant_spearman,0.6159224416819704,45
rna_proxy_only,202937150118_R08C01,CD69_T,spearman_true_pred,0.38438458683513516,1052
rna_proxy_only,202937150118_R08C01,CD69_T,discordant_spearman,-0.6915423613523703,75
protein_context_only,202937150118_R08C01,CD69_T,spearman_true_pred,0.8731714084366982,1052
protein_context_only,202937150118_R08C01,CD69_T,discordant_spearman,0.5318368052311001,75
context_no_latent,202937150118_R08C01,CD69_T,spearman_true_pred,0.8753648136451393,1052
context_no_latent,202937150118_R08C01,CD69_T,discordant_spearman,0.536460112396887,75
totalvi_xmodal,202937150118_R08C01,CD69_T,spearman_true_pred,0.8884432559058644,1052
totalvi_xmodal,202937150118_R08C01,CD69_T,discordant_spearman,0.5272704003073536,75
fusionvi_xmodal,202937150118_R08C01,CD69_T,spearman_true_pred,0.8901296251605311,1052
fusionvi_xmodal,202937150118_R08C01,CD69_T,discordant_spearman,0.550145101607616,75
rna_proxy_only,202937150118_R08C01,HLA_DR_Monocyte,spearman_true_pred,0.23900073562349572,201
rna_proxy_only,202937150118_R08C01,HLA_DR_Monocyte,discordant_spearman,-0.6112437139588203,35
protein_context_only,202937150118_R08C01,HLA_DR_Monocyte,spearman_true_pred,0.5503739332239216,201
protein_context_only,202937150118_R08C01,HLA_DR_Monocyte,discordant_spearman,0.769467787114846,35
context_no_latent,202937150118_R08C01,HLA_DR_Monocyte,spearman_true_pred,0.5938139485664828,201
context_no_latent,202937150118_R08C01,HLA_DR_Monocyte,discordant_spearman,0.6722689075630253,35
totalvi_xmodal,202937150118_R08C01,HLA_DR_Monocyte,spearman_true_pred,0.7046317618552855,201
totalvi_xmodal,202937150118_R08C01,HLA_DR_Monocyte,discordant_spearman,0.7016806722689075,35
fusionvi_xmodal,202937150118_R08C01,HLA_DR_Monocyte,spearman_true_pred,0.7285776722364956,201
fusionvi_xmodal,202937150118_R08C01,HLA_DR_Monocyte,discordant_spearman,0.7717086834733894,35
