heldout_mouse,target,readout,spearman
0,ADT_CD20_A0192,rna_proxy,0.6066408146181562
0,ADT_CD20_A0192,protein_context,0.7400984192097118
0,ADT_CD20_A0192,protein_context_plus_rna,0.7404444725453161
0,ADT_CD20_A0192,totalvi_xmodal,0.7423907897854428
0,ADT_CD20_A0192,fusionvi_xmodal,0.7399108166180911
0,ADT_CD28_A0204,rna_proxy,0.4494758533634035
0,ADT_CD28_A0204,protein_context,0.6115310297031535
0,ADT_CD28_A0204,protein_context_plus_rna,0.6131218198376838
0,ADT_CD28_A0204,totalvi_xmodal,0.6125254220681109
0,ADT_CD28_A0204,fusionvi_xmodal,0.6128545841710976
0,ADT_CD4_A0001,rna_proxy,0.5435789658092844
0,ADT_CD4_A0001,protein_context,0.718992904135857
0,ADT_CD4_A0001,protein_context_plus_rna,0.7217301759043632
0,ADT_CD4_A0001,totalvi_xmodal,0.7189653105969541
0,ADT_CD4_A0001,fusionvi_xmodal,0.7279045491608261
0,ADT_CD8a_A0002,rna_proxy,0.6320582903763788
0,ADT_CD8a_A0002,protein_context,0.6089786780464516
0,ADT_CD8a_A0002,protein_context_plus_rna,0.6126581927057239
0,ADT_CD8a_A0002,totalvi_xmodal,0.6150609267947534
0,ADT_CD8a_A0002,fusionvi_xmodal,0.6137464695148455
1,ADT_CD20_A0192,rna_proxy,0.5121928229912559
1,ADT_CD20_A0192,protein_context,0.7337592142121552
1,ADT_CD20_A0192,protein_context_plus_rna,0.7305707478169626
1,ADT_CD20_A0192,totalvi_xmodal,0.7354178491231924
1,ADT_CD20_A0192,fusionvi_xmodal,0.7369833231612585
1,ADT_CD28_A0204,rna_proxy,0.2799594375849219
1,ADT_CD28_A0204,protein_context,0.6135962670749264
1,ADT_CD28_A0204,protein_context_plus_rna,0.6130484718088028
1,ADT_CD28_A0204,totalvi_xmodal,0.6119877563175536
1,ADT_CD28_A0204,fusionvi_xmodal,0.6138795975778945
1,ADT_CD4_A0001,rna_proxy,0.42797531237509867
1,ADT_CD4_A0001,protein_context,0.7052691451541162
1,ADT_CD4_A0001,protein_context_plus_rna,0.7084300718948048
1,ADT_CD4_A0001,totalvi_xmodal,0.7205818194391027
1,ADT_CD4_A0001,fusionvi_xmodal,0.7212755388866706
1,ADT_CD8a_A0002,rna_proxy,0.5247891189554235
1,ADT_CD8a_A0002,protein_context,0.6162522431474191
1,ADT_CD8a_A0002,protein_context_plus_rna,0.6183544752550214
1,ADT_CD8a_A0002,totalvi_xmodal,0.6138089140441582
1,ADT_CD8a_A0002,fusionvi_xmodal,0.6154528099584141
