model,target,metric,n_donors,totalvi_mean,xmodal_mean,mean_paired_difference,difference_ci_low,difference_ci_high,wilcoxon_p,bh_q
totalvi_xmodal,CD25_T,discordant_spearman,10,0.642465176414641,0.7025218672904688,0.06005669087582792,-0.008820674044042496,0.1254066997943412,0.130859375,0.15703125
totalvi_xmodal,CD25_T,spearman_true_pred,10,0.77880206598954,0.8280477990039209,0.04924573301438092,0.04314798719650127,0.054435723059263044,0.001953125,0.00390625
totalvi_xmodal,CD69_T,discordant_spearman,10,0.5334271483773211,0.5686154716569092,0.03518832327958803,-0.01128676706541324,0.08307814061069178,0.322265625,0.322265625
totalvi_xmodal,CD69_T,spearman_true_pred,10,0.8218055911586845,0.8741479617214123,0.05234237056272789,0.04704761527674558,0.058310620664823086,0.001953125,0.00390625
totalvi_xmodal,HLA_DR_Monocyte,discordant_spearman,8,-0.1748340616324194,0.5979052283248676,0.7727392899572871,0.47332124841850254,1.028206384781967,0.0078125,0.01171875
totalvi_xmodal,HLA_DR_Monocyte,spearman_true_pred,10,0.4040719688863817,0.7431395126812365,0.33906754379485476,0.2707619518746642,0.40093734070621334,0.001953125,0.00390625
fusionvi_xmodal,CD25_T,discordant_spearman,10,0.642465176414641,0.6871381630628639,0.04467298664822298,-0.009444754648653672,0.09812566873230855,0.193359375,0.2109375
fusionvi_xmodal,CD25_T,spearman_true_pred,10,0.77880206598954,0.8249359220981933,0.04613385610865326,0.040722320900614006,0.05118973068812517,0.001953125,0.00390625
fusionvi_xmodal,CD69_T,discordant_spearman,10,0.5334271483773211,0.5734703872374873,0.04004323886016624,-0.004454129497949886,0.08739738419081763,0.130859375,0.15703125
fusionvi_xmodal,CD69_T,spearman_true_pred,10,0.8218055911586845,0.8732223214003291,0.05141673024164469,0.04581701894752513,0.0585065858402341,0.001953125,0.00390625
fusionvi_xmodal,HLA_DR_Monocyte,discordant_spearman,8,-0.1748340616324194,0.6371148804905031,0.8119489421229225,0.4954711641174742,1.0842778258295152,0.0078125,0.01171875
fusionvi_xmodal,HLA_DR_Monocyte,spearman_true_pred,10,0.4040719688863817,0.7560572573132112,0.3519852884268295,0.28331944880891347,0.4157284380617989,0.001953125,0.00390625
