model,donor,target,selected_head,inner_ridge_rho,inner_histgb_rho,inner_extra_trees_rho
rna_proxy_only,202937150091_R01C01,CD25_T,ridge,0.6990128300347896,0.6988380639942523,0.6988316731879033
protein_context_only,202937150091_R01C01,CD25_T,extra_trees,0.7539734684545459,0.7865700437516866,0.7881441734695849
context_no_latent,202937150091_R01C01,CD25_T,extra_trees,0.7901464801669507,0.8141168407514975,0.8159021176985671
totalvi_xmodal,202937150091_R01C01,CD25_T,extra_trees,0.8050489805718885,0.8199960882536358,0.8226108654337883
fusionvi_xmodal,202937150091_R01C01,CD25_T,extra_trees,0.8065981772720171,0.8220052829267063,0.8223250680068279
rna_proxy_only,202937150091_R01C01,CD69_T,histgb,0.3783555815822548,0.37835743687753737,0.3783025089777288
protein_context_only,202937150091_R01C01,CD69_T,extra_trees,0.8418632383406778,0.865477976549727,0.8666925914044789
context_no_latent,202937150091_R01C01,CD69_T,extra_trees,0.8444890158939556,0.8661207458204587,0.8674681682624104
totalvi_xmodal,202937150091_R01C01,CD69_T,extra_trees,0.8601228530876064,0.8728451851318036,0.8773191106063325
fusionvi_xmodal,202937150091_R01C01,CD69_T,extra_trees,0.8603664598119726,0.8724726501954015,0.8757580898543261
rna_proxy_only,202937150091_R01C01,HLA_DR_Monocyte,ridge,0.3638049766291407,0.3425524388124384,0.33754677991988985
protein_context_only,202937150091_R01C01,HLA_DR_Monocyte,ridge,0.6011804553931469,0.5927486211121206,0.5865180251296582
context_no_latent,202937150091_R01C01,HLA_DR_Monocyte,extra_trees,0.6595604754236138,0.659839178694675,0.6606397652554147
totalvi_xmodal,202937150091_R01C01,HLA_DR_Monocyte,ridge,0.7347572848423084,0.7188300853574123,0.7200666576786497
fusionvi_xmodal,202937150091_R01C01,HLA_DR_Monocyte,ridge,0.7496924934661587,0.7309420721131272,0.718275336238368
rna_proxy_only,202937150091_R02C01,CD25_T,ridge,0.7004051704212028,0.7003298639583595,0.7003489640542652
protein_context_only,202937150091_R02C01,CD25_T,extra_trees,0.7550373270116569,0.7870668393031431,0.78896370910067
context_no_latent,202937150091_R02C01,CD25_T,extra_trees,0.7909763175614692,0.814524585284647,0.8163095423314881
totalvi_xmodal,202937150091_R02C01,CD25_T,extra_trees,0.8072426076777282,0.8215371859217034,0.8270139377322123
fusionvi_xmodal,202937150091_R02C01,CD25_T,extra_trees,0.8078148293832493,0.82251506437691,0.8256841356835567
rna_proxy_only,202937150091_R02C01,CD69_T,ridge,0.38357403063492607,0.3835588889455476,0.38349118609009003
protein_context_only,202937150091_R02C01,CD69_T,extra_trees,0.8403742820783675,0.8644786581382427,0.8658991935952344
context_no_latent,202937150091_R02C01,CD69_T,extra_trees,0.8434411531909035,0.8657686462892177,0.86674229387315
totalvi_xmodal,202937150091_R02C01,CD69_T,extra_trees,0.8554313343238844,0.8733626317480937,0.8760665917487812
fusionvi_xmodal,202937150091_R02C01,CD69_T,extra_trees,0.8591483482609483,0.8752290590485684,0.877802664624066
rna_proxy_only,202937150091_R02C01,HLA_DR_Monocyte,ridge,0.38371000619541845,0.36201341227511546,0.35938057213165037
protein_context_only,202937150091_R02C01,HLA_DR_Monocyte,ridge,0.6144517968529589,0.6033802955937507,0.6059442446230814
context_no_latent,202937150091_R02C01,HLA_DR_Monocyte,extra_trees,0.6750217665646397,0.6781045168778258,0.6826912380778386
totalvi_xmodal,202937150091_R02C01,HLA_DR_Monocyte,ridge,0.7419254189420427,0.7376306946277761,0.7269407585169848
fusionvi_xmodal,202937150091_R02C01,HLA_DR_Monocyte,ridge,0.755317648421753,0.7365352405417314,0.7356952652344587
rna_proxy_only,202937150118_R01C01,CD25_T,ridge,0.6984848443110664,0.6982118094176929,0.6982091372562355
protein_context_only,202937150118_R01C01,CD25_T,extra_trees,0.7576293037936095,0.7882025088369783,0.7902538462061804
context_no_latent,202937150118_R01C01,CD25_T,extra_trees,0.7928977210190914,0.8171664528950805,0.8189042311279383
totalvi_xmodal,202937150118_R01C01,CD25_T,extra_trees,0.8071274766666127,0.8230294253825319,0.8258067776342984
fusionvi_xmodal,202937150118_R01C01,CD25_T,extra_trees,0.8079822932513826,0.8223282804565383,0.8251307761768164
rna_proxy_only,202937150118_R01C01,CD69_T,histgb,0.37898227405737145,0.3790136917677855,0.3790026529792168
protein_context_only,202937150118_R01C01,CD69_T,extra_trees,0.8400881187678898,0.8656514472777729,0.86567693590262
context_no_latent,202937150118_R01C01,CD69_T,extra_trees,0.8428901959969411,0.866729052749111,0.8669696253043749
totalvi_xmodal,202937150118_R01C01,CD69_T,extra_trees,0.8577498163713589,0.8745003240033434,0.877179902728022
fusionvi_xmodal,202937150118_R01C01,CD69_T,extra_trees,0.858123523484693,0.8728671817553888,0.8746763684949829
rna_proxy_only,202937150118_R01C01,HLA_DR_Monocyte,ridge,0.36417199478582485,0.3431246125712833,0.3455417859317216
protein_context_only,202937150118_R01C01,HLA_DR_Monocyte,ridge,0.6064474098571595,0.5912634171888934,0.6021094731403075
context_no_latent,202937150118_R01C01,HLA_DR_Monocyte,histgb,0.6628066262594174,0.6725416788086047,0.6711052177018147
totalvi_xmodal,202937150118_R01C01,HLA_DR_Monocyte,ridge,0.7494256696143006,0.7469915963040575,0.7357538504940485
fusionvi_xmodal,202937150118_R01C01,HLA_DR_Monocyte,ridge,0.7601731769329927,0.7450869898001077,0.7403823823969192
rna_proxy_only,202937150118_R02C01,CD25_T,ridge,0.7038504786875844,0.7038361491930115,0.7038221356661669
protein_context_only,202937150118_R02C01,CD25_T,extra_trees,0.7625266726358267,0.7894390527611099,0.7936017172857236
context_no_latent,202937150118_R02C01,CD25_T,extra_trees,0.7966386701492437,0.8182196233385436,0.8205221917032537
totalvi_xmodal,202937150118_R02C01,CD25_T,extra_trees,0.8104493717031276,0.8252392055241736,0.828786356107269
fusionvi_xmodal,202937150118_R02C01,CD25_T,extra_trees,0.8119513338542929,0.8234205513642294,0.8269322078483028
rna_proxy_only,202937150118_R02C01,CD69_T,histgb,0.38799145438450083,0.3880174832276637,0.38792770217999434
protein_context_only,202937150118_R02C01,CD69_T,histgb,0.8419099896948438,0.8683522593865228,0.8680328141096337
context_no_latent,202937150118_R02C01,CD69_T,histgb,0.8450362332685399,0.8697505075855246,0.8688798222110464
totalvi_xmodal,202937150118_R02C01,CD69_T,extra_trees,0.8587761313792526,0.8777169768067322,0.8783946885732649
fusionvi_xmodal,202937150118_R02C01,CD69_T,histgb,0.8610722064198718,0.8769810729063231,0.8767778660135571
rna_proxy_only,202937150118_R02C01,HLA_DR_Monocyte,ridge,0.39078861437175555,0.38573721832751456,0.3831204751141905
protein_context_only,202937150118_R02C01,HLA_DR_Monocyte,histgb,0.6067353717663105,0.6119543171816705,0.6037278976580639
context_no_latent,202937150118_R02C01,HLA_DR_Monocyte,histgb,0.6709799471122828,0.6809892147255393,0.6805866584399572
totalvi_xmodal,202937150118_R02C01,HLA_DR_Monocyte,ridge,0.7466946473886735,0.7393427485158846,0.7359110545407125
fusionvi_xmodal,202937150118_R02C01,HLA_DR_Monocyte,ridge,0.755059364783247,0.7407679408590969,0.7406848082562059
rna_proxy_only,202937150118_R03C01,CD25_T,ridge,0.6941099349344357,0.6936662216855839,0.6936668124335953
protein_context_only,202937150118_R03C01,CD25_T,extra_trees,0.7574241225107124,0.7856983076749402,0.7897807472917536
context_no_latent,202937150118_R03C01,CD25_T,extra_trees,0.7861628522858751,0.812750962125886,0.8140086299025103
totalvi_xmodal,202937150118_R03C01,CD25_T,extra_trees,0.8011296737733619,0.8158237215677522,0.8206723919679034
fusionvi_xmodal,202937150118_R03C01,CD25_T,extra_trees,0.8009619317295398,0.8153452813102202,0.8186406946978763
rna_proxy_only,202937150118_R03C01,CD69_T,histgb,0.39290460902073027,0.39292557869647365,0.3929165695655845
protein_context_only,202937150118_R03C01,CD69_T,extra_trees,0.8384842276332299,0.8615141247908847,0.8634860975656969
context_no_latent,202937150118_R03C01,CD69_T,extra_trees,0.8410207669349962,0.8628951101468489,0.8639507906148557
totalvi_xmodal,202937150118_R03C01,CD69_T,extra_trees,0.8532134378241686,0.8692908444133612,0.8745922359631139
fusionvi_xmodal,202937150118_R03C01,CD69_T,extra_trees,0.8555187094841251,0.8702325906057191,0.8750662510427629
rna_proxy_only,202937150118_R03C01,HLA_DR_Monocyte,ridge,0.3700628263529368,0.3378395460785277,0.3361855612147659
protein_context_only,202937150118_R03C01,HLA_DR_Monocyte,ridge,0.6132352070294541,0.6100222981712403,0.6050016329763713
context_no_latent,202937150118_R03C01,HLA_DR_Monocyte,histgb,0.6621681893115834,0.6710385757827871,0.6686140249099516
totalvi_xmodal,202937150118_R03C01,HLA_DR_Monocyte,ridge,0.733421273209305,0.7298792936764796,0.7244888439415575
fusionvi_xmodal,202937150118_R03C01,HLA_DR_Monocyte,ridge,0.7474662922451888,0.7467458574506484,0.7288724877240345
rna_proxy_only,202937150118_R04C01,CD25_T,ridge,0.7046026730454132,0.7042174978915176,0.7042087930510951
protein_context_only,202937150118_R04C01,CD25_T,extra_trees,0.762941664469713,0.7931686624396802,0.7965059845564131
context_no_latent,202937150118_R04C01,CD25_T,extra_trees,0.7950718416328425,0.818235595255237,0.8205114986397696
totalvi_xmodal,202937150118_R04C01,CD25_T,extra_trees,0.8111765510740371,0.8267089844921488,0.8291563604039606
fusionvi_xmodal,202937150118_R04C01,CD25_T,extra_trees,0.8105897597638417,0.8261914832996761,0.8280282106763291
rna_proxy_only,202937150118_R04C01,CD69_T,extra_trees,0.380211105929281,0.38023457557901424,0.38024099316160337
protein_context_only,202937150118_R04C01,CD69_T,extra_trees,0.8344917845918488,0.8610358592242688,0.8616337166733663
context_no_latent,202937150118_R04C01,CD69_T,extra_trees,0.837295947868593,0.8621874222393572,0.8628656028292562
totalvi_xmodal,202937150118_R04C01,CD69_T,extra_trees,0.851937710976058,0.8717212156768154,0.8739612566776974
fusionvi_xmodal,202937150118_R04C01,CD69_T,extra_trees,0.8536457771025225,0.8697891444090748,0.8704751942867309
rna_proxy_only,202937150118_R04C01,HLA_DR_Monocyte,ridge,0.38530436084949965,0.3581176565384429,0.3600091000348858
protein_context_only,202937150118_R04C01,HLA_DR_Monocyte,ridge,0.5987239621210656,0.5926690998788482,0.5970805619474919
context_no_latent,202937150118_R04C01,HLA_DR_Monocyte,extra_trees,0.6611661240841085,0.6513637739621548,0.6682737907950558
totalvi_xmodal,202937150118_R04C01,HLA_DR_Monocyte,ridge,0.7330107978497978,0.7320411916415969,0.7292722669239632
fusionvi_xmodal,202937150118_R04C01,HLA_DR_Monocyte,ridge,0.75179009559423,0.7335803381544205,0.732515403132186
rna_proxy_only,202937150118_R05C01,CD25_T,ridge,0.7034904207809225,0.7033148919232275,0.7033072858422594
protein_context_only,202937150118_R05C01,CD25_T,extra_trees,0.7616775782829407,0.789662006401708,0.7928133514189254
context_no_latent,202937150118_R05C01,CD25_T,extra_trees,0.7954231089007653,0.8195609877141125,0.8204650808750117
totalvi_xmodal,202937150118_R05C01,CD25_T,extra_trees,0.8100274040876311,0.8267567296801445,0.8293060355199589
fusionvi_xmodal,202937150118_R05C01,CD25_T,extra_trees,0.8134570891133005,0.828054233340115,0.8299480769988721
rna_proxy_only,202937150118_R05C01,CD69_T,ridge,0.36809850496513546,0.3680153452088892,0.36800278288004273
protein_context_only,202937150118_R05C01,CD69_T,extra_trees,0.8410304348694395,0.8665248393187094,0.866594408008219
context_no_latent,202937150118_R05C01,CD69_T,histgb,0.8435678948530118,0.8673161734781711,0.8669837419967061
totalvi_xmodal,202937150118_R05C01,CD69_T,extra_trees,0.8576724882105055,0.8756176748656038,0.8778246439403725
fusionvi_xmodal,202937150118_R05C01,CD69_T,extra_trees,0.8593039517829647,0.8750905549439154,0.8793282550543032
rna_proxy_only,202937150118_R05C01,HLA_DR_Monocyte,histgb,0.3699955930657659,0.3896409203705782,0.386413112312026
protein_context_only,202937150118_R05C01,HLA_DR_Monocyte,ridge,0.6262783065086753,0.6103054791786676,0.6084573492544544
context_no_latent,202937150118_R05C01,HLA_DR_Monocyte,histgb,0.6800647163548668,0.682716242085102,0.682193712396063
totalvi_xmodal,202937150118_R05C01,HLA_DR_Monocyte,ridge,0.7554130327358316,0.7446076121759125,0.7414875918787985
fusionvi_xmodal,202937150118_R05C01,HLA_DR_Monocyte,ridge,0.7653113848191455,0.7501967297141979,0.7430572321905627
rna_proxy_only,202937150118_R06C01,CD25_T,ridge,0.6993723161975849,0.6992641111253968,0.6992710786711482
protein_context_only,202937150118_R06C01,CD25_T,extra_trees,0.7625286774446659,0.7910148055905933,0.7953464091801367
context_no_latent,202937150118_R06C01,CD25_T,extra_trees,0.7968696800098004,0.8206791143699018,0.8219208584875529
totalvi_xmodal,202937150118_R06C01,CD25_T,extra_trees,0.81274195382711,0.8279898898472746,0.8315273643382185
fusionvi_xmodal,202937150118_R06C01,CD25_T,extra_trees,0.8126300306521701,0.8276900390616548,0.8311171748791755
rna_proxy_only,202937150118_R06C01,CD69_T,histgb,0.38260859699967614,0.38263387590959813,0.38248076845916995
protein_context_only,202937150118_R06C01,CD69_T,extra_trees,0.8451332848033455,0.8695830863893735,0.8695949509939735
context_no_latent,202937150118_R06C01,CD69_T,extra_trees,0.848114228503746,0.8704275824075541,0.8711018673499491
totalvi_xmodal,202937150118_R06C01,CD69_T,extra_trees,0.8627729165944441,0.8775848004963408,0.8831578887646826
fusionvi_xmodal,202937150118_R06C01,CD69_T,extra_trees,0.8632005762773773,0.8782883907899457,0.8810106997460814
rna_proxy_only,202937150118_R06C01,HLA_DR_Monocyte,ridge,0.3891199667163335,0.3584708809558787,0.36935870813349775
protein_context_only,202937150118_R06C01,HLA_DR_Monocyte,histgb,0.6058830328708553,0.6156763448574956,0.6073563972218284
context_no_latent,202937150118_R06C01,HLA_DR_Monocyte,extra_trees,0.670596301351293,0.6706751240588366,0.6789083753376101
totalvi_xmodal,202937150118_R06C01,HLA_DR_Monocyte,ridge,0.7390594302488265,0.7379933545404741,0.7337736180029104
fusionvi_xmodal,202937150118_R06C01,HLA_DR_Monocyte,ridge,0.7439313103161013,0.7279676474013717,0.7298317624314956
rna_proxy_only,202937150118_R07C01,CD25_T,ridge,0.7015697505805022,0.7015402032105259,0.7015218667277221
protein_context_only,202937150118_R07C01,CD25_T,extra_trees,0.7581906477994785,0.7871204726767583,0.7909898731582872
context_no_latent,202937150118_R07C01,CD25_T,extra_trees,0.7914840840722448,0.8135825976568581,0.8159920923267762
totalvi_xmodal,202937150118_R07C01,CD25_T,extra_trees,0.8060257912769874,0.8193819620451451,0.8258070135500574
fusionvi_xmodal,202937150118_R07C01,CD25_T,extra_trees,0.8068923596398053,0.8171834284478473,0.8220915070688116
rna_proxy_only,202937150118_R07C01,CD69_T,ridge,0.3743041259726791,0.37420590456250663,0.3742025648558783
protein_context_only,202937150118_R07C01,CD69_T,extra_trees,0.8431337107527997,0.8651683369302473,0.8671132871809352
context_no_latent,202937150118_R07C01,CD69_T,extra_trees,0.8454891902485615,0.8668794975645818,0.8684849879830118
totalvi_xmodal,202937150118_R07C01,CD69_T,extra_trees,0.8560245073229301,0.8725918378365708,0.8765393767876765
fusionvi_xmodal,202937150118_R07C01,CD69_T,extra_trees,0.8584433427968747,0.8733712288726573,0.8767573352435702
rna_proxy_only,202937150118_R07C01,HLA_DR_Monocyte,ridge,0.4211828271347993,0.4023701516501055,0.4019905247614555
protein_context_only,202937150118_R07C01,HLA_DR_Monocyte,ridge,0.6236125503542946,0.5932932696500467,0.5972258802699831
context_no_latent,202937150118_R07C01,HLA_DR_Monocyte,ridge,0.687709006368005,0.6718360087849202,0.6830002388220132
totalvi_xmodal,202937150118_R07C01,HLA_DR_Monocyte,ridge,0.7508983726338037,0.7299555488135865,0.7277223065645052
fusionvi_xmodal,202937150118_R07C01,HLA_DR_Monocyte,ridge,0.7582322824939961,0.7241425977913836,0.7299034109923657
rna_proxy_only,202937150118_R08C01,CD25_T,ridge,0.7029902481597928,0.7027505772330706,0.7027602223155544
protein_context_only,202937150118_R08C01,CD25_T,extra_trees,0.7607523864744863,0.7886451516725845,0.7918771910377091
context_no_latent,202937150118_R08C01,CD25_T,extra_trees,0.7932591338012079,0.815135906991105,0.8174330343978181
totalvi_xmodal,202937150118_R08C01,CD25_T,extra_trees,0.8094056994389462,0.820329770967061,0.8249817235252083
fusionvi_xmodal,202937150118_R08C01,CD25_T,extra_trees,0.810390393495727,0.822237553779907,0.824849031493779
rna_proxy_only,202937150118_R08C01,CD69_T,histgb,0.3755778451595489,0.375615642315328,0.37557645897202296
protein_context_only,202937150118_R08C01,CD69_T,extra_trees,0.8381449107491287,0.8601224846601783,0.8642978372933792
context_no_latent,202937150118_R08C01,CD69_T,extra_trees,0.8405067995538881,0.862354675229379,0.8642208771960312
totalvi_xmodal,202937150118_R08C01,CD69_T,extra_trees,0.8542636725709435,0.870030717571105,0.8725365737568653
fusionvi_xmodal,202937150118_R08C01,CD69_T,extra_trees,0.8540957762780578,0.8698927296072106,0.8728182704151232
rna_proxy_only,202937150118_R08C01,HLA_DR_Monocyte,ridge,0.4185816783691516,0.4006262835047467,0.3995954275001931
protein_context_only,202937150118_R08C01,HLA_DR_Monocyte,extra_trees,0.6153262231777743,0.6169604993221741,0.6210666742481116
context_no_latent,202937150118_R08C01,HLA_DR_Monocyte,extra_trees,0.6787503467311922,0.6835494265514254,0.6908702964331126
totalvi_xmodal,202937150118_R08C01,HLA_DR_Monocyte,ridge,0.74025906295171,0.7341514120337398,0.7307884314318148
fusionvi_xmodal,202937150118_R08C01,HLA_DR_Monocyte,ridge,0.7616229259352667,0.7307458291855627,0.734864839647808
