model,target,metric,value
context_no_latent,CD25_T,discordant_spearman,0.6450928916192119
context_no_latent,CD25_T,spearman_true_pred,0.8191074585958047
context_no_latent,CD69_T,discordant_spearman,0.5741936796089429
context_no_latent,CD69_T,spearman_true_pred,0.8647218399393972
context_no_latent,HLA_DR_Monocyte,discordant_spearman,0.5451229547549712
context_no_latent,HLA_DR_Monocyte,spearman_true_pred,0.6795762952835347
fusionvi,CD25_T,discordant_spearman,0.6613482549813546
fusionvi,CD25_T,spearman_true_pred,0.7786645460664712
fusionvi,CD69_T,discordant_spearman,0.520383489269314
fusionvi,CD69_T,spearman_true_pred,0.8263259940265202
fusionvi,HLA_DR_Monocyte,discordant_spearman,-0.05663601805158541
fusionvi,HLA_DR_Monocyte,spearman_true_pred,0.4214888518410625
fusionvi_xmodal,CD25_T,discordant_spearman,0.6871381630628639
fusionvi_xmodal,CD25_T,spearman_true_pred,0.8249359220981933
fusionvi_xmodal,CD69_T,discordant_spearman,0.5734703872374873
fusionvi_xmodal,CD69_T,spearman_true_pred,0.8732223214003291
fusionvi_xmodal,HLA_DR_Monocyte,discordant_spearman,0.637114880490503
fusionvi_xmodal,HLA_DR_Monocyte,spearman_true_pred,0.7560572573132112
protein_context_only,CD25_T,discordant_spearman,0.7297510908407602
protein_context_only,CD25_T,spearman_true_pred,0.7959189004443941
protein_context_only,CD69_T,discordant_spearman,0.5714559394797605
protein_context_only,CD69_T,spearman_true_pred,0.8637119272881962
protein_context_only,HLA_DR_Monocyte,discordant_spearman,0.6120975729562013
protein_context_only,HLA_DR_Monocyte,spearman_true_pred,0.6235293411407354
rna_proxy_only,CD25_T,discordant_spearman,-0.7162383699305528
rna_proxy_only,CD25_T,spearman_true_pred,0.6985263552499441
rna_proxy_only,CD69_T,discordant_spearman,-0.7087552625753333
rna_proxy_only,CD69_T,spearman_true_pred,0.3829974156087324
rna_proxy_only,HLA_DR_Monocyte,discordant_spearman,-0.24660013503409062
rna_proxy_only,HLA_DR_Monocyte,spearman_true_pred,0.3804369647958421
totalvi,CD25_T,discordant_spearman,0.642465176414641
totalvi,CD25_T,spearman_true_pred,0.77880206598954
totalvi,CD69_T,discordant_spearman,0.5334271483773211
totalvi,CD69_T,spearman_true_pred,0.8218055911586843
totalvi,HLA_DR_Monocyte,discordant_spearman,-0.1748340616324194
totalvi,HLA_DR_Monocyte,spearman_true_pred,0.4040719688863817
totalvi_xmodal,CD25_T,discordant_spearman,0.7025218672904688
totalvi_xmodal,CD25_T,spearman_true_pred,0.8280477990039211
totalvi_xmodal,CD69_T,discordant_spearman,0.5686154716569092
totalvi_xmodal,CD69_T,spearman_true_pred,0.8741479617214123
totalvi_xmodal,HLA_DR_Monocyte,discordant_spearman,0.5979052283248676
totalvi_xmodal,HLA_DR_Monocyte,spearman_true_pred,0.7431395126812365
