analysis,target,metric,n_donors,totalvi_mean,fusionvi_mean,mean_paired_difference,difference_ci_low,difference_ci_high,wilcoxon_p,bh_q
heldout_marker,CD25_T,discordant_spearman,10,0.642465176414641,0.6613482549813545,0.01888307856671368,-0.010442890099837177,0.0453370333588477,0.232421875,0.3818359375
heldout_marker,CD25_T,effect_concordance,10,0.9226569245415501,0.9199055734427863,-0.002751351098763721,-0.004477853833629078,-0.001407269149480451,0.00390625,0.014973958333333334
heldout_marker,CD25_T,pred_ap,10,0.9942481253957018,0.9960811520796172,0.0018330266839155617,0.0008380498570959699,0.0032355252583103422,0.00390625,0.014973958333333334
heldout_marker,CD25_T,pred_auc,10,0.9917023057965462,0.9944536568953101,0.002751351098763721,0.001407269149480451,0.004477853833629078,0.00390625,0.014973958333333334
heldout_marker,CD25_T,spearman_true_pred,10,0.77880206598954,0.7786645460664713,-0.00013751992306892946,-0.003987003609040106,0.00368889075519838,0.921875,1.0
heldout_marker,CD69_T,discordant_spearman,10,0.5334271483773211,0.520383489269314,-0.01304365910800705,-0.03444319178813071,0.01007541439317124,0.193359375,0.3818359375
heldout_marker,CD69_T,effect_concordance,10,0.9946126661575946,0.9937443712247074,-0.0008682949328871259,-0.001136697812579863,-0.0005735224970452383,0.00390625,0.014973958333333334
heldout_marker,CD69_T,pred_ap,10,0.9986434267284452,0.9992384532523347,0.0005950265238895636,0.0003905151185231387,0.0007901720575563154,0.00390625,0.014973958333333334
heldout_marker,CD69_T,pred_auc,10,0.9981346920416143,0.9990029869745015,0.0008682949328871259,0.0005735224970452382,0.001136697812579863,0.00390625,0.014973958333333334
heldout_marker,CD69_T,spearman_true_pred,10,0.8218055911586845,0.8263259940265204,0.004520402867835937,0.0009623965445919728,0.008267106301812667,0.064453125,0.16471354166666666
heldout_marker,HLA_DR_Monocyte,discordant_spearman,8,-0.1748340616324194,-0.05663601805158543,0.118198043580834,-0.05783950086991795,0.2842851872070138,0.25,0.38333333333333336
heldout_marker,HLA_DR_Monocyte,effect_concordance,10,0.8560510863869931,0.851654036610558,-0.004397049776434903,-0.057886474766012816,0.05128239700879537,0.921875,1.0
heldout_marker,HLA_DR_Monocyte,pred_ap,10,0.32859853043071896,0.3382292979163052,0.009630767485586288,-0.014586841140993286,0.03184774745142103,0.431640625,0.6204833984375
heldout_marker,HLA_DR_Monocyte,pred_auc,10,0.30900787942412433,0.33200754454440434,0.02299966512027997,-0.04404425606914967,0.09039131022916821,0.556640625,0.673828125
heldout_marker,HLA_DR_Monocyte,spearman_true_pred,10,0.40407196888638175,0.42148885184106255,0.017416882954680822,-0.03783588965969743,0.06349075502685138,0.232421875,0.3818359375
latent_response,B_cell_indirect,auc,10,0.9966669980900595,0.9936142625299302,-0.003052735560129349,-0.009340547814554966,0.002662654024480251,0.546875,0.673828125
latent_response,B_cell_indirect,balanced_accuracy,10,0.9812656245749247,0.9735680850181175,-0.007697539556807331,-0.017937150568729576,0.0027859503832043607,0.203125,0.3818359375
latent_response,Monocyte_direct,auc,10,1.0,1.0,0.0,0.0,0.0,1.0,1.0
latent_response,Monocyte_direct,balanced_accuracy,10,1.0,0.9992857142857143,-0.0007142857142857118,-0.002142857142857135,0.0,1.0,1.0
latent_response,NK_indirect,auc,10,0.9947851469932308,0.996527186195671,0.0017420392024404153,0.0003311017714456299,0.0031952638650413817,0.046875,0.15401785714285715
latent_response,NK_indirect,balanced_accuracy,10,0.9680908302216494,0.973642847901405,0.005552017679755395,-0.0035247104843813405,0.015725562717237372,0.46875,0.6341911764705882
latent_response,T_cell_direct,auc,10,0.9995997011706699,0.9997582864307641,0.0001585852600941573,5.396295418910041e-05,0.0002637748822573546,0.064453125,0.16471354166666666
latent_response,T_cell_direct,balanced_accuracy,10,0.9902853884693158,0.9920801721805631,0.0017947837112472164,-0.00021569782657954173,0.003981095578128868,0.1484375,0.34140625
