,,rna_gate,rna_gate,rna_gate,rna_gate,protein_gate,protein_gate,protein_gate,protein_gate
,,count,mean,median,std,count,mean,median,std
cell_type,condition,,,,,,,,
B,Baseline,250,0.85601998772,0.858141485,0.02889673068443909,250,0.14398001304,0.141858515,0.028896730751128658
B,CD3_CD28,490,0.8370659642244898,0.845299,0.039065349980311845,490,0.16293403581428573,0.154700995,0.039065349225702414
B,LPS,341,0.8603929313489735,0.86530656,0.028887149137409182,341,0.13960706870381231,0.13469344,0.02888715050570072
CD14_Mono,Baseline,927,0.4562922813592233,0.4479154,0.07402806204314183,927,0.5437077184897519,0.55208457,0.07402806237048037
CD14_Mono,CD3_CD28,9,0.5499341677777778,0.52769744,0.0861857726333926,9,0.45006584222222223,0.47230256,0.08618577303670785
CD14_Mono,LPS,717,0.45580138033472806,0.44197968,0.07300161216079472,717,0.5441986187029288,0.55802035,0.07300161162618242
CD4T_Mem,Baseline,903,0.6908686224584717,0.6927979,0.046850830188073775,903,0.3091313780730897,0.3072021,0.04685083020351331
CD4T_Mem,CD3_CD28,1174,0.5218421069761499,0.514357955,0.10840028716103005,1174,0.4781578924361158,0.485642045,0.10840028658063373
CD4T_Mem,LPS,958,0.697014225125261,0.699037985,0.044094345425434556,958,0.3029857748538622,0.30096199999999995,0.04409434547935983
CD4T_Naive,Baseline,1378,0.7025132845065313,0.703426975,0.04542949553920948,1378,0.29748671542815674,0.296573015,0.04542949571761526
CD4T_Naive,CD3_CD28,1828,0.5364752326477025,0.52993938,0.11198562073158888,1828,0.46352476727024067,0.47006062,0.11198562084251623
CD4T_Naive,LPS,1572,0.7104653037786259,0.7129690799999999,0.043337390311234895,1572,0.28953469619592875,0.287030905,0.043337390040444075
CD8T_Mem,Baseline,505,0.6695380904356436,0.6757509,0.046759031713403294,505,0.33046191045544554,0.3242491,0.04675903113352494
CD8T_Mem,CD3_CD28,757,0.5158982991281373,0.5097709,0.10748787420731791,757,0.4841017008454425,0.49022913,0.10748787337420013
CD8T_Mem,LPS,516,0.6867983648449613,0.6890248999999999,0.044443366784461355,516,0.3132016350387597,0.3109751,0.04444336696191368
CD8T_Naive,Baseline,908,0.672036452555066,0.672197535,0.04732722028500988,908,0.32796354768722463,0.32780248,0.04732721996663199
CD8T_Naive,CD3_CD28,830,0.48295705796385546,0.45339282999999997,0.11731662951514191,830,0.5170429426265061,0.54660718,0.11731663004759016
CD8T_Naive,LPS,910,0.6900029472087912,0.6889737549999999,0.04189270263239797,910,0.3099970522857143,0.311026245,0.04189270281998878
NK,Baseline,336,0.6312264839880952,0.6339161,0.050641240361297905,336,0.3687735158928571,0.36608388999999997,0.050641241214307506
NK,CD3_CD28,655,0.5880675183969466,0.59398335,0.06900237706273026,655,0.41193248201526717,0.40601665,0.06900237679476624
NK,LPS,418,0.6541765436363636,0.6588726650000001,0.04671716201443413,418,0.3458234572966507,0.34112733500000003,0.046717162168025045
