donor,target,stratum,n_cells,mean_protein_gate
202937150091_R01C01,CD25_T,discordant,19,0.3864908094736842
202937150091_R01C01,CD25_T,concordant,562,0.4346128584519573
202937150091_R01C01,CD69_T,discordant,34,0.53515443
202937150091_R01C01,CD69_T,concordant,547,0.42669195833638024
202937150091_R01C01,HLA_DR_Monocyte,discordant,10,0.546175072
202937150091_R01C01,HLA_DR_Monocyte,concordant,128,0.53044861828125
202937150091_R02C01,CD25_T,discordant,15,0.36985776533333337
202937150091_R02C01,CD25_T,concordant,351,0.4085570317094017
202937150091_R02C01,CD69_T,discordant,28,0.47491001464285715
202937150091_R02C01,CD69_T,concordant,338,0.4013429118343195
202937150091_R02C01,HLA_DR_Monocyte,discordant,13,0.5227768992307693
202937150091_R02C01,HLA_DR_Monocyte,concordant,110,0.541400762090909
202937150118_R01C01,CD25_T,discordant,27,0.4041132018518518
202937150118_R01C01,CD25_T,concordant,705,0.39629588381560277
202937150118_R01C01,CD69_T,discordant,49,0.502099587755102
202937150118_R01C01,CD69_T,concordant,683,0.3890143114787702
202937150118_R01C01,HLA_DR_Monocyte,discordant,8,0.54414919375
202937150118_R01C01,HLA_DR_Monocyte,concordant,91,0.5341984592307691
202937150118_R02C01,CD25_T,discordant,36,0.37340171944444445
202937150118_R02C01,CD25_T,concordant,704,0.4135120041761364
202937150118_R02C01,CD69_T,discordant,55,0.5220549032727273
202937150118_R02C01,CD69_T,concordant,685,0.40268889512408756
202937150118_R02C01,HLA_DR_Monocyte,discordant,27,0.5407796614814814
202937150118_R02C01,HLA_DR_Monocyte,concordant,150,0.5415794464666667
202937150118_R03C01,CD25_T,discordant,25,0.3735916236
202937150118_R03C01,CD25_T,concordant,1151,0.3980615004604691
202937150118_R03C01,CD69_T,discordant,73,0.4475226863013699
202937150118_R03C01,CD69_T,concordant,1103,0.39423338306436995
202937150118_R03C01,HLA_DR_Monocyte,discordant,9,0.547395748888889
202937150118_R03C01,HLA_DR_Monocyte,concordant,116,0.5289676601724139
202937150118_R04C01,CD25_T,discordant,48,0.41250089166666665
202937150118_R04C01,CD25_T,concordant,1050,0.39996194063809526
202937150118_R04C01,CD69_T,discordant,92,0.46825018402173907
202937150118_R04C01,CD69_T,concordant,1006,0.39431517250497017
202937150118_R04C01,HLA_DR_Monocyte,discordant,20,0.5752936255000001
202937150118_R04C01,HLA_DR_Monocyte,concordant,159,0.5994330953459119
202937150118_R05C01,CD25_T,discordant,30,0.39308782933333336
202937150118_R05C01,CD25_T,concordant,887,0.38285597661781284
202937150118_R05C01,CD69_T,discordant,62,0.46010651774193556
202937150118_R05C01,CD69_T,concordant,855,0.3776131953684211
202937150118_R05C01,HLA_DR_Monocyte,discordant,22,0.5602056272727273
202937150118_R05C01,HLA_DR_Monocyte,concordant,145,0.554532488
202937150118_R06C01,CD25_T,discordant,20,0.35310325300000006
202937150118_R06C01,CD25_T,concordant,823,0.3988157035236938
202937150118_R06C01,CD69_T,discordant,51,0.4989408584313725
202937150118_R06C01,CD69_T,concordant,792,0.3912138955555556
202937150118_R06C01,HLA_DR_Monocyte,discordant,20,0.5360490259999999
202937150118_R06C01,HLA_DR_Monocyte,concordant,161,0.53358823
202937150118_R07C01,CD25_T,discordant,33,0.4060985296969697
202937150118_R07C01,CD25_T,concordant,745,0.4449943426577181
202937150118_R07C01,CD69_T,discordant,44,0.5148778134090909
202937150118_R07C01,CD69_T,concordant,734,0.4390564209400545
202937150118_R07C01,HLA_DR_Monocyte,discordant,39,0.49987418769230785
202937150118_R07C01,HLA_DR_Monocyte,concordant,215,0.5154356550232557
202937150118_R08C01,CD25_T,discordant,45,0.36219283444444444
202937150118_R08C01,CD25_T,concordant,1007,0.4046508571300894
202937150118_R08C01,CD69_T,discordant,75,0.4907643015999999
202937150118_R08C01,CD69_T,concordant,977,0.39608471654042987
202937150118_R08C01,HLA_DR_Monocyte,discordant,35,0.5643656165714285
202937150118_R08C01,HLA_DR_Monocyte,concordant,166,0.5612371401807229
