method,readout,seed,scoring,rmsle,abs_bias,residual_sd,spearman,pearson,within_ct_spearman,label
rna_ridge,log,,raw,0.6378307177864354,0.2040496077178412,0.5758897094864621,0.3217571456776819,0.4245339350980005,0.16892825597846123,rna_ridge (log)
rna_ridge,log,,calibrated,0.6369655294898998,0.2025018736458769,0.5752399441852243,0.32179521924042775,0.4244437253437949,0.1688938902090232,rna_ridge (log)
knn,log,,raw,0.712424413150778,0.2017313667194701,0.6677326107401637,0.2704418866277271,0.35528571451631263,0.11622778449964069,knn (log)
knn,log,,calibrated,0.7108709671851015,0.20786245654028024,0.6503629546502141,0.26970003713463236,0.35479530271331433,0.11587242553533127,knn (log)
knn,count,,raw,0.8024819150606256,0.3478268474168773,0.6876415309010524,0.25865181586502184,0.33551169546959836,0.11629814284943572,knn (count)
knn,count,,calibrated,0.7320166522776171,0.21157175410114445,0.668719859666152,0.25811039122704976,0.33789347915090956,0.11641553700474411,knn (count)
seurat_v3_official,count,,raw,0.6054281667306888,0.14063231669473017,0.5761890197106291,0.3032062196568311,0.41557497500755114,0.13379890363617097,seurat_v3_official (count)
totalVI,likelihood_mean,2026.0,raw,0.5675178463887234,0.1391059598780818,0.5432824371997534,0.32308529765587946,0.45105178086391945,0.16380234339404467,totalVI (likelihood-consistent)
totalVI,likelihood_mean,2026.0,calibrated,0.5759359712951873,0.13619839331919356,0.5423329064422685,0.32308531075908264,0.45105889760973733,0.16380236916505067,totalVI + D1 affine head
totalVI,likelihood_median,2026.0,raw,0.5839832294851091,0.12726025540307456,0.5604624986339777,0.29948380706295785,0.40413004361146604,0.14211909286917174,totalVI (likelihood_median)
totalVI,likelihood_median,2026.0,calibrated,0.5846173003988714,0.13731232358213563,0.5514656994412773,0.29948380706295785,0.4041300434705769,0.14211909286917174,totalVI (likelihood_median)
totalVI,likelihood_foreground,2026.0,raw,1.1261600208651508,0.8554304728823771,0.6682096382715423,0.3278078297743162,0.43486028996796966,0.16565174024551274,totalVI (likelihood_foreground)
totalVI,likelihood_foreground,2026.0,calibrated,0.5855420532442166,0.12988261713024546,0.5553998268538958,0.3278078361059439,0.4348602900034699,0.16565184547248446,totalVI (likelihood_foreground)
totalVI,helper_mean,2026.0,raw,1.0637090594986376,0.9089318386710578,0.5426400540294167,0.3230852852785995,0.45061263954076664,0.16380171577744973,totalVI helper output (historical)
totalVI,helper_mean,2026.0,calibrated,0.5761654567379342,0.13576728686897557,0.5427274974972439,0.3230853563299236,0.4506234906549662,0.16380162806562684,D1 affine head on helper output (historical)
totalVI,likelihood_mean,2027.0,raw,0.5651143933032494,0.1365754354169297,0.541583340987385,0.3281755811892721,0.4563801955034617,0.1719469727971275,totalVI (likelihood-consistent)
totalVI,likelihood_mean,2027.0,calibrated,0.5729302189045786,0.13463500372023368,0.5400026527104237,0.3281755811892721,0.45638019548510167,0.1719469727971275,totalVI + D1 affine head
totalVI,likelihood_median,2027.0,raw,0.5825561041461579,0.12582604250037682,0.5595494402266398,0.3008580092158393,0.4086128355485771,0.1405552629455488,totalVI (likelihood_median)
totalVI,likelihood_median,2027.0,calibrated,0.5828575339797358,0.13647651347127304,0.5503434313976485,0.3008580092158393,0.408612835363287,0.1405552629455488,totalVI (likelihood_median)
totalVI,likelihood_foreground,2027.0,raw,1.116286427506972,0.8436162891296677,0.6678643056882674,0.33152947990174736,0.44079604124470995,0.17334281855784275,totalVI (likelihood_foreground)
totalVI,likelihood_foreground,2027.0,calibrated,0.5834874376501029,0.13040354175151667,0.5534653291403774,0.3315294747098248,0.4407960411703154,0.17334298026226183,totalVI (likelihood_foreground)
totalVI,helper_mean,2027.0,raw,1.0602023783484054,0.9058403713476745,0.5410871749501021,0.328175575108658,0.45599438488123256,0.17194740583919704,totalVI helper output (historical)
totalVI,helper_mean,2027.0,calibrated,0.5732028262881432,0.1343127136837968,0.5404252349786239,0.32817557548961285,0.4559943848346998,0.1719474059487243,D1 affine head on helper output (historical)
totalVI,likelihood_mean,2028.0,raw,0.5645389101430444,0.13452100767220013,0.5417413411403864,0.3256734631904709,0.4566167573149278,0.16468765767821889,totalVI (likelihood-consistent)
totalVI,likelihood_mean,2028.0,calibrated,0.5715775278830125,0.13151670672241994,0.5404883017069537,0.32567346335265834,0.4566167573155212,0.16468765767821889,totalVI + D1 affine head
totalVI,likelihood_median,2028.0,raw,0.5820620446650785,0.12506157321399683,0.559495191076189,0.3019706389093405,0.4111079378392747,0.1438799427172492,totalVI (likelihood_median)
totalVI,likelihood_median,2028.0,calibrated,0.5812339418265214,0.13362809265076153,0.5503947811848019,0.3019706389093405,0.4111079377534795,0.1438799427172492,totalVI (likelihood_median)
totalVI,likelihood_foreground,2028.0,raw,1.1250693237706613,0.8486943945282095,0.6768056753275943,0.32980255512790174,0.43988798517079775,0.16515988506482554,totalVI (likelihood_foreground)
totalVI,likelihood_foreground,2028.0,calibrated,0.5817017087117641,0.12517723658504185,0.5541701468460585,0.3298025712369761,0.43988826445225954,0.16515968892941726,totalVI (likelihood_foreground)
totalVI,helper_mean,2028.0,raw,1.058574335291882,0.9037229966933221,0.5414019644374717,0.325673455817133,0.45622111034199675,0.16468859583432452,totalVI helper output (historical)
totalVI,helper_mean,2028.0,calibrated,0.5718481580374162,0.13115051548516177,0.5408995763654058,0.3256734563188859,0.45622111037842566,0.16468859603424005,D1 affine head on helper output (historical)
totalVI,likelihood_mean,2029.0,raw,0.5632201827172291,0.13352075759763263,0.5405124671829142,0.3271337262061453,0.45812867856219924,0.17070263632227356,totalVI (likelihood-consistent)
totalVI,likelihood_mean,2029.0,calibrated,0.5696593411512155,0.12897003502164475,0.5392927227839818,0.32713372588981215,0.4581286785734471,0.17070263632227356,totalVI + D1 affine head
totalVI,likelihood_median,2029.0,raw,0.5809776309394103,0.12403248052505325,0.5586782259195392,0.3021911327948171,0.41028216844637133,0.14425690151837822,totalVI (likelihood_median)
totalVI,likelihood_median,2029.0,calibrated,0.580283227973573,0.13202642954905103,0.5498120467112226,0.3021911327948171,0.4102821914840484,0.14425690151837822,totalVI (likelihood_median)
totalVI,likelihood_foreground,2029.0,raw,1.111791860021654,0.8386551527005859,0.667031975400801,0.3307070323879294,0.44219044040624195,0.1722318658862055,totalVI (likelihood_foreground)
totalVI,likelihood_foreground,2029.0,calibrated,0.5793214598988011,0.12250998539662725,0.5524806068837642,0.33070703268547896,0.4421904404057663,0.17223190433001265,totalVI (likelihood_foreground)
totalVI,helper_mean,2029.0,raw,1.0593328632004155,0.9056373981445863,0.5399095548973554,0.3271337440733359,0.4577749047199627,0.17070252820074602,totalVI helper output (historical)
totalVI,helper_mean,2029.0,calibrated,0.5698895143777373,0.12852787109970065,0.5396784091216097,0.3271337440733359,0.45777490468943377,0.17070252820074602,D1 affine head on helper output (historical)
totalVI,likelihood_mean,2030.0,raw,0.565203349990249,0.13607473386651917,0.5417009547299099,0.32503367854703,0.45562526559711236,0.16673876677297678,totalVI (likelihood-consistent)
totalVI,likelihood_mean,2030.0,calibrated,0.5742334833436658,0.1360664649446268,0.5406735191725636,0.325033678364481,0.4556252655598609,0.16673876677297678,totalVI + D1 affine head
totalVI,likelihood_median,2030.0,raw,0.5825216072095266,0.1260646185324789,0.5594084126289783,0.30161281963876535,0.40970572635607805,0.14312548922838703,totalVI (likelihood_median)
totalVI,likelihood_median,2030.0,calibrated,0.5836111430828228,0.13740868796520522,0.5504740592963323,0.30161281963876535,0.4097057262378604,0.14312548922838703,totalVI (likelihood_median)
totalVI,likelihood_foreground,2030.0,raw,1.1134193879770815,0.8391245678401669,0.6686477842828993,0.3287160844220975,0.4395898865377681,0.16813146666777304,totalVI (likelihood_foreground)
totalVI,likelihood_foreground,2030.0,calibrated,0.5839584957297043,0.12945329317669088,0.5539149663095727,0.3287160763549335,0.43958988650760294,0.1681314421164739,totalVI (likelihood_foreground)
totalVI,helper_mean,2030.0,raw,1.0590380658872351,0.9042469297212284,0.5412927394362977,0.3250336074713351,0.45517678492763625,0.16673890238644665,totalVI helper output (historical)
totalVI,helper_mean,2030.0,calibrated,0.574484118746157,0.13566219686019665,0.5410922716915928,0.3250336074713351,0.4551767848239968,0.16673890238644665,D1 affine head on helper output (historical)
totalVI,likelihood_mean,2031.0,raw,0.5644347428195773,0.13627021712707466,0.5410929106466139,0.32729857673948626,0.45870366973683396,0.1621256286957578,totalVI (likelihood-consistent)
totalVI,likelihood_mean,2031.0,calibrated,0.5689156916699953,0.12758369088653415,0.5394259239316103,0.32729857673948626,0.4587036697366645,0.1621256286957578,totalVI + D1 affine head
totalVI,likelihood_median,2031.0,raw,0.5816002675896285,0.12520846348771617,0.5587447679837111,0.30183916040219605,0.40953561043458886,0.1393962847881387,totalVI (likelihood_median)
totalVI,likelihood_median,2031.0,calibrated,0.5796169146577711,0.1312775763821628,0.5497549263008761,0.30183916040219605,0.40953561541917655,0.1393962847881387,totalVI (likelihood_median)
totalVI,likelihood_foreground,2031.0,raw,1.1160574725033745,0.8447557558405552,0.663551843348086,0.33149395271459436,0.4425086139071856,0.16387787647531263,totalVI (likelihood_foreground)
totalVI,likelihood_foreground,2031.0,calibrated,0.5793997317612021,0.12074988573494355,0.5533050739727722,0.3314939615930294,0.4425090598091339,0.1638780732808901,totalVI (likelihood_foreground)
totalVI,helper_mean,2031.0,raw,1.0606809548104297,0.9068599854745331,0.5404214705676967,0.3272985410839516,0.4582621015802186,0.16212541416104145,totalVI helper output (historical)
totalVI,helper_mean,2031.0,calibrated,0.5692133221218673,0.12712152609965843,0.5398883433453738,0.32729854027252575,0.458262101588917,0.16212541416104145,D1 affine head on helper output (historical)
totalVI,likelihood_mean,2032.0,raw,0.565670907272165,0.13658888769841215,0.5422203944651044,0.3269648232406967,0.45582126660245564,0.16885776095847582,totalVI (likelihood-consistent)
totalVI,likelihood_mean,2032.0,calibrated,0.5790850757140852,0.14453911494898797,0.5411508253223974,0.32696482299520613,0.45582126661870837,0.16885776095847582,totalVI + D1 affine head
totalVI,likelihood_median,2032.0,raw,0.582575511421729,0.1252784399249518,0.5596386441266978,0.3009211878006268,0.40909576519832713,0.1442789385001795,totalVI (likelihood_median)
totalVI,likelihood_median,2032.0,calibrated,0.58798677949049,0.14549283236594457,0.5509996387640159,0.3009211878006268,0.4090957848179887,0.1442789385001795,totalVI (likelihood_median)
totalVI,likelihood_foreground,2032.0,raw,1.1199419978286498,0.8463099582214653,0.6694961725798375,0.33034883966581724,0.43995296809082507,0.170058502502011,totalVI (likelihood_foreground)
totalVI,likelihood_foreground,2032.0,calibrated,0.588909085322418,0.1395281888782433,0.5544553686910042,0.33034883052666975,0.4399530210993587,0.17005757876914848,totalVI (likelihood_foreground)
totalVI,helper_mean,2032.0,raw,1.0599197254285635,0.9049951054805089,0.5417772501211869,0.326964823444449,0.45539370367556775,0.168857537822492,totalVI helper output (historical)
totalVI,helper_mean,2032.0,calibrated,0.5793548679036956,0.14412871337140368,0.5415761763652548,0.3269648237568536,0.45539370362688397,0.168857537822492,D1 affine head on helper output (historical)
totalVI,likelihood_mean,2033.0,raw,0.5647149388001814,0.1352019864719735,0.5417778158338175,0.3268919655596396,0.457189633578092,0.17120559789104492,totalVI (likelihood-consistent)
totalVI,likelihood_mean,2033.0,calibrated,0.5723224352774144,0.13222778183878797,0.5403672619617311,0.3268919653771404,0.4571896335772047,0.17120559789104492,totalVI + D1 affine head
totalVI,likelihood_median,2033.0,raw,0.5820817169949628,0.12447530141535348,0.5596130440181909,0.3022066881364125,0.40981620469290503,0.14321345995101822,totalVI (likelihood_median)
totalVI,likelihood_median,2033.0,calibrated,0.5825130856719333,0.1345139476511206,0.5507255150574049,0.3022066881364125,0.4098162046487151,0.14321345995101822,totalVI (likelihood_median)
totalVI,likelihood_foreground,2033.0,raw,1.1236604168423612,0.8499986765252769,0.6693171077090372,0.3315955308748623,0.4422912775431379,0.17234391964774629,totalVI (likelihood_foreground)
totalVI,likelihood_foreground,2033.0,calibrated,0.5826735182545867,0.12680241696476247,0.553680047972939,0.3315955289887179,0.4422912775252762,0.17234399947314197,totalVI (likelihood_foreground)
totalVI,helper_mean,2033.0,raw,1.0609269020415355,0.9065824094545537,0.5412692973524296,0.3268920655594697,0.4568366621296161,0.17120549400412421,totalVI helper output (historical)
totalVI,helper_mean,2033.0,calibrated,0.5726141838212622,0.1318273045744702,0.5408023016660608,0.32689206555949984,0.4568366621395232,0.17120549400412574,D1 affine head on helper output (historical)
totalVI,likelihood_mean,2034.0,raw,0.5638482138173301,0.13405927335630052,0.5409066197644595,0.327182302536852,0.4567946238828404,0.17158713266928197,totalVI (likelihood-consistent)
totalVI,likelihood_mean,2034.0,calibrated,0.5716086514303336,0.1325467735591874,0.5394554689579212,0.32718230280054533,0.45679462389831843,0.17158713266928197,totalVI + D1 affine head
totalVI,likelihood_median,2034.0,raw,0.5811458855103487,0.1242254304916144,0.5586660453829926,0.3024078014773361,0.4100829838695333,0.14486734494179962,totalVI (likelihood_median)
totalVI,likelihood_median,2034.0,calibrated,0.5816914762017088,0.1350200769910361,0.5497469270590036,0.3024078014773361,0.410082986326052,0.14486734494179962,totalVI (likelihood_median)
totalVI,likelihood_foreground,2034.0,raw,1.1175648364876374,0.844066428566498,0.6685724363967446,0.331585157280721,0.4416228498429152,0.17345545007505167,totalVI (likelihood_foreground)
totalVI,likelihood_foreground,2034.0,calibrated,0.5814712134813289,0.12563276241900168,0.5528953623922334,0.3315851538363323,0.44162285002104457,0.1734557641428146,totalVI (likelihood_foreground)
totalVI,helper_mean,2034.0,raw,1.05900936674112,0.9049756295889712,0.5404056742181382,0.32718227405913786,0.45641348345062616,0.1715870503656665,totalVI helper output (historical)
totalVI,helper_mean,2034.0,calibrated,0.5718646819012224,0.13215253299689403,0.5398707036420566,0.32718227405913786,0.4564134835205319,0.1715870503656665,D1 affine head on helper output (historical)
totalVI,likelihood_mean,2035.0,raw,0.5651801674213971,0.1350779338781825,0.5419867454323721,0.3267811141730003,0.4570479845954928,0.1713649356112369,totalVI (likelihood-consistent)
totalVI,likelihood_mean,2035.0,calibrated,0.5766293157679798,0.14100951749901502,0.5408581810360136,0.3267811141730003,0.45704798454210316,0.1713649356112369,totalVI + D1 affine head
totalVI,likelihood_median,2035.0,raw,0.5827585768604572,0.1251089033525771,0.5598620026389031,0.3012582016604425,0.4095684469601351,0.14265156951731914,totalVI (likelihood_median)
totalVI,likelihood_median,2035.0,calibrated,0.5860703359696945,0.14098204950126378,0.5514072617058192,0.3012582016604425,0.4095684664097526,0.14265156951731914,totalVI (likelihood_median)
totalVI,likelihood_foreground,2035.0,raw,1.1212816208315552,0.8490051125637885,0.6681689559062508,0.3311566435357463,0.4418017552525504,0.1733857659673041,totalVI (likelihood_foreground)
totalVI,likelihood_foreground,2035.0,calibrated,0.5859511596217855,0.13479556925240468,0.5539223698416078,0.3311566365357683,0.4418017554649269,0.1733859430695351,totalVI (likelihood_foreground)
totalVI,helper_mean,2035.0,raw,1.0576922281456023,0.9025959419056274,0.5414059237016484,0.3267811199502565,0.45669195493160597,0.17136501552053435,totalVI helper output (historical)
totalVI,helper_mean,2035.0,calibrated,0.5768583155506469,0.14064562273910622,0.5412440599136508,0.3267811199502565,0.45669195493863163,0.17136501552053435,D1 affine head on helper output (historical)
totalVI,likelihood_mean,2036.0,raw,0.566356996339962,0.13635100891611351,0.5427916105388375,0.32502667856766443,0.45440292579378483,0.1658189641928912,totalVI (likelihood-consistent)
totalVI,likelihood_mean,2036.0,calibrated,0.5764084256857744,0.1383094518777757,0.5416302941916792,0.3250266784932064,0.4544029258005736,0.1658189641928912,totalVI + D1 affine head
totalVI,likelihood_median,2036.0,raw,0.5832202346913382,0.12556878295037122,0.56046237949724,0.30134935427708615,0.40785639302245075,0.14035427288853575,totalVI (likelihood_median)
totalVI,likelihood_median,2036.0,calibrated,0.585759479775624,0.1400502807220975,0.5514764978226472,0.30134935427708615,0.40785639310620836,0.14035427288853575,totalVI (likelihood_median)
totalVI,likelihood_foreground,2036.0,raw,1.1142484768701715,0.8405177319112821,0.6677840886395076,0.3289269708096577,0.43925499626932324,0.16884891808999597,totalVI (likelihood_foreground)
totalVI,likelihood_foreground,2036.0,calibrated,0.585909783660826,0.13159463401985014,0.5547370544092962,0.3289269535479034,0.4392549961939262,0.16884890382405907,totalVI (likelihood_foreground)
totalVI,helper_mean,2036.0,raw,1.0612983500948694,0.9063471794338188,0.5422669900174916,0.3250266777905261,0.4540410284092156,0.16581863616390294,totalVI helper output (historical)
totalVI,helper_mean,2036.0,calibrated,0.5766330897931463,0.13784363074129585,0.5420263420938146,0.3250266777905261,0.4540410283799526,0.16581863616390294,D1 affine head on helper output (historical)
totalVI,likelihood_mean,2037.0,raw,0.5676099269459515,0.13733008324334858,0.5439101228938173,0.3234312984311203,0.45485673470778637,0.16731014610173295,totalVI (likelihood-consistent)
totalVI,likelihood_mean,2037.0,calibrated,0.5769337607367753,0.1375573502745177,0.5425698911463823,0.3234312984311203,0.45485673470070626,0.16731014610173295,totalVI + D1 affine head
totalVI,likelihood_median,2037.0,raw,0.5840288656748617,0.12596572718460727,0.5611125190122822,0.2998260254270082,0.40672519780940225,0.14167155432372902,totalVI (likelihood_median)
totalVI,likelihood_median,2037.0,calibrated,0.5862041334102771,0.13905280554645844,0.5524468798107314,0.2998260254270082,0.4067251978752395,0.14167155432372902,totalVI (likelihood_median)
totalVI,likelihood_foreground,2037.0,raw,1.1178997359244116,0.8464438856196959,0.6613962946736284,0.3283883988490606,0.440712575098052,0.1703495697552104,totalVI (likelihood_foreground)
totalVI,likelihood_foreground,2037.0,calibrated,0.58631578725289,0.13041764972348743,0.5557825285151541,0.3283884024973372,0.44071257516249823,0.17034950521257902,totalVI (likelihood_foreground)
totalVI,helper_mean,2037.0,raw,1.0631578784269862,0.9077311366168114,0.5432667161945743,0.32343130513156504,0.45450860838077023,0.16730992528003744,totalVI helper output (historical)
totalVI,helper_mean,2037.0,calibrated,0.5771898515534475,0.13709414326820238,0.543005391415697,0.3234313057537952,0.4545086083666046,0.16730992528003744,D1 affine head on helper output (historical)
totalVI,likelihood_mean,2038.0,raw,0.5644053236659026,0.13682862559237716,0.5406859605326845,0.32646915446744146,0.4562869764936428,0.16892795465787405,totalVI (likelihood-consistent)
totalVI,likelihood_mean,2038.0,calibrated,0.5738857987528762,0.1369642785842609,0.5395885188122176,0.3264691541799906,0.456286976481956,0.16892795465787405,totalVI + D1 affine head
totalVI,likelihood_median,2038.0,raw,0.581966325456234,0.1267076817032466,0.5584892911694822,0.302553912093363,0.4099366841992017,0.1457858594695952,totalVI (likelihood_median)
totalVI,likelihood_median,2038.0,calibrated,0.583751285845565,0.13887693963134515,0.5498041985113511,0.30279429588722306,0.41023769148316375,0.14579693099265195,totalVI (likelihood_median)
totalVI,likelihood_foreground,2038.0,raw,1.1197401806464873,0.8504685521008349,0.6650897402287593,0.33101119008601926,0.44157948674317093,0.17276617047588058,totalVI (likelihood_foreground)
totalVI,likelihood_foreground,2038.0,calibrated,0.5829165134140364,0.1298244591250485,0.5523610805341022,0.33101120285924884,0.441579486784466,0.1727657737444259,totalVI (likelihood_foreground)
totalVI,helper_mean,2038.0,raw,1.0573373123035181,0.9030544307280662,0.5399758368427235,0.3264691336778975,0.45588057110859476,0.16892798053623773,totalVI helper output (historical)
totalVI,helper_mean,2038.0,calibrated,0.5740902393736899,0.13651511819372383,0.539959481896053,0.3264691336778975,0.45588057103607155,0.16892798053623773,D1 affine head on helper output (historical)
totalVI,likelihood_mean,2039.0,raw,0.5648111215717507,0.1339545098850752,0.5420600707846573,0.3264493779226297,0.45580918436081624,0.1684059144781688,totalVI (likelihood-consistent)
totalVI,likelihood_mean,2039.0,calibrated,0.5755447072458446,0.13876041665037442,0.5407584534773135,0.32644937792268036,0.4558091844071283,0.1684059144781688,totalVI + D1 affine head
totalVI,likelihood_median,2039.0,raw,0.5810874122679479,0.12198603864678209,0.559209024661843,0.30231441256523,0.41065119358125435,0.14114666522326202,totalVI (likelihood_median)
totalVI,likelihood_median,2039.0,calibrated,0.5843325756176038,0.13956392190366337,0.55027820763714,0.302000493144045,0.41023771363366934,0.1408022577543969,totalVI (likelihood_median)
totalVI,likelihood_foreground,2039.0,raw,1.1178820175926807,0.8414442791958618,0.6706958873339807,0.33039605397932126,0.4400607957305565,0.16988873684777775,totalVI (likelihood_foreground)
totalVI,likelihood_foreground,2039.0,calibrated,0.5854647804332926,0.1326474511607509,0.554077072716544,0.3305365540331456,0.4401078379816857,0.1698337986832904,totalVI (likelihood_foreground)
totalVI,helper_mean,2039.0,raw,1.0613074257626012,0.9067750775317058,0.5417206958229391,0.32644945522672925,0.45545795809037376,0.16840540930774314,totalVI helper output (historical)
totalVI,helper_mean,2039.0,calibrated,0.5758084403719961,0.13838915013314132,0.5411704326556769,0.3264494552267595,0.45545795809712775,0.1684054093077452,D1 affine head on helper output (historical)
totalVI,likelihood_mean,2040.0,raw,0.563723629880063,0.13573055084607605,0.5403318691474318,0.3267930903688751,0.4579600573610294,0.16859918084630202,totalVI (likelihood-consistent)
totalVI,likelihood_mean,2040.0,calibrated,0.5750228359412655,0.139895294597795,0.5393735314347612,0.3267930903688751,0.45796005735362194,0.16859918084630202,totalVI + D1 affine head
totalVI,likelihood_median,2040.0,raw,0.5813132366221587,0.12487106432782055,0.5585500264896736,0.3021794407543913,0.4101411334083699,0.14325546690247315,totalVI (likelihood_median)
totalVI,likelihood_median,2040.0,calibrated,0.5848256673742849,0.14102875440382345,0.5499289160977671,0.3021794407543913,0.4101411334018243,0.14325546690247315,totalVI (likelihood_median)
totalVI,likelihood_foreground,2040.0,raw,1.1169603667039991,0.8441963929443254,0.6680666043702719,0.3312679878115081,0.4416486285354808,0.1704934532519618,totalVI (likelihood_foreground)
totalVI,likelihood_foreground,2040.0,calibrated,0.5849187775950384,0.1339707633818812,0.5526644389837524,0.3312188685949627,0.44145381606041023,0.17101118733138712,totalVI (likelihood_foreground)
totalVI,helper_mean,2040.0,raw,1.059628523927482,0.9059855919641553,0.5397615018005697,0.32679306194770885,0.45758131707402905,0.16859991655444076,totalVI helper output (historical)
totalVI,helper_mean,2040.0,calibrated,0.5752264780674462,0.1394489768222646,0.5397483773486307,0.32679306194770885,0.45758131704623567,0.16859991655444076,D1 affine head on helper output (historical)
totalVI,likelihood_mean,2041.0,raw,0.5636311520464448,0.13532922672240133,0.5403304137420022,0.3301868959931435,0.4598328996731382,0.17481624769365864,totalVI (likelihood-consistent)
totalVI,likelihood_mean,2041.0,calibrated,0.5745401641184233,0.13812351977620174,0.5395437148162178,0.3301868955923577,0.4598328996334819,0.17481624592858436,totalVI + D1 affine head
totalVI,likelihood_median,2041.0,raw,0.5811680545974519,0.12464645587860049,0.558260989971573,0.3045227190215236,0.4129981392486877,0.1476174742574133,totalVI (likelihood_median)
totalVI,likelihood_median,2041.0,calibrated,0.585019294550886,0.14040485116995358,0.5503472747925803,0.3045227190215236,0.4129981391816438,0.1476174742574133,totalVI (likelihood_median)
totalVI,likelihood_foreground,2041.0,raw,1.1129842003795536,0.8398569363306242,0.6658372247634889,0.3335456165992898,0.4439472939877773,0.17658431150643247,totalVI (likelihood_foreground)
totalVI,likelihood_foreground,2041.0,calibrated,0.5836915147309777,0.1310146990858321,0.5525873390844742,0.3335456201029285,0.4439472941136511,0.1765845122663788,totalVI (likelihood_foreground)
totalVI,helper_mean,2041.0,raw,1.0586118932608943,0.9049066085292873,0.539656712341581,0.33018685872876774,0.4594547855039175,0.1748160958574978,totalVI helper output (historical)
totalVI,helper_mean,2041.0,calibrated,0.5747335818661882,0.1376016341389401,0.539935303980415,0.33018685872876774,0.4594547855234592,0.1748160958574978,D1 affine head on helper output (historical)
