rank_key,metric,calibrated,raw,rank_raw,rank_calibrated,rank_change
knn (count),rmsle,0.7320166522776171,0.8024819150606256,6,7,-1
knn (log),rmsle,0.7108709671851015,0.712424413150778,5,6,-1
rna_ridge (log),rmsle,0.6369655294898998,0.6378307177864354,4,5,-1
seurat_v3_official (count),rmsle,,0.6054281667306888,3,,
totalVI (helper_mean),rmsle,0.5743235704069998,1.0600267039481361,7,2,5
totalVI (likelihood_foreground),rmsle,0.5838520637976857,1.1181842714220251,8,4,4
totalVI (likelihood_mean),rmsle,0.5740770878074017,0.5649988626952013,1,1,0
totalVI (likelihood_median),rmsle,0.5837733859892101,0.5821904190082751,2,3,-1
knn (count),abs_bias,0.21157175410114445,0.3478268474168773,6,7,-1
knn (log),abs_bias,0.20786245654028024,0.2017313667194701,4,6,-2
rna_ridge (log),abs_bias,0.2025018736458769,0.2040496077178412,5,5,0
seurat_v3_official (count),abs_bias,,0.14063231669473017,3,,
totalVI (helper_mean),abs_bias,0.13551180856730827,0.9055742894553692,8,2,6
totalVI (likelihood_foreground),abs_bias,0.1296503221116455,0.845161536681326,7,1,6
totalVI (likelihood_mean),abs_bias,0.13593148713884728,0.13578251238554367,2,3,-1
totalVI (likelihood_median),abs_bias,0.137694755217956,0.12514295372116385,1,4,-3
knn (count),residual_sd,0.668719859666152,0.6876415309010524,8,7,1
knn (log),residual_sd,0.6503629546502141,0.6677326107401637,6,6,0
rna_ridge (log),residual_sd,0.5752399441852243,0.5758897094864621,4,5,-1
seurat_v3_official (count),residual_sd,,0.5761890197106291,5,,
totalVI (helper_mean),residual_sd,0.5408781189985725,0.5411412222957264,1,2,-1
totalVI (likelihood_foreground),residual_sd,0.5537436633217218,0.6679084834325436,7,4,3
totalVI (likelihood_mean),residual_sd,0.5404695104940272,0.5416821921888841,2,1,1
totalVI (likelihood_median),residual_sd,0.5505878913494137,0.5593876564648695,3,3,0
knn (count),spearman,0.25811039122704976,0.25865181586502184,8,7,1
knn (log),spearman,0.26970003713463236,0.2704418866277271,7,6,1
rna_ridge (log),spearman,0.32179521924042775,0.3217571456776819,4,4,0
seurat_v3_official (count),spearman,,0.3032062196568311,5,,
totalVI (helper_mean),spearman,0.32641106602542636,0.326411061521845,3,2,1
totalVI (likelihood_foreground),spearman,0.33052316901307505,0.3305174577387869,1,1,0
totalVI (likelihood_mean),spearman,0.3264110647893072,0.3264110640493342,2,3,-1
totalVI (likelihood_median),spearman,0.3017138609756257,0.3017184569523335,6,5,1
knn (count),pearson,0.33789347915090956,0.33551169546959836,8,7,1
knn (log),pearson,0.35479530271331433,0.35528571451631263,7,6,1
rna_ridge (log),pearson,0.4244437253437949,0.4245339350980005,4,4,0
seurat_v3_official (count),pearson,,0.41557497500755114,5,,
totalVI (helper_mean),pearson,0.4560195531028413,0.4560188749216331,2,2,0
totalVI (likelihood_foreground),pearson,0.44078493079723696,0.4407941177705289,3,3,0
totalVI (likelihood_mean),pearson,0.45640723445588344,0.4564067896642208,1,1,0
totalVI (likelihood_median),pearson,0.4093833787882929,0.40939040401416393,6,5,1
knn (count),within_ct_spearman,0.11641553700474411,0.11629814284943572,7,6,1
knn (log),within_ct_spearman,0.11587242553533127,0.11622778449964069,8,7,1
rna_ridge (log),within_ct_spearman,0.1688938902090232,0.16892825597846123,2,2,0
seurat_v3_official (count),within_ct_spearman,,0.13379890363617097,6,,
totalVI (helper_mean),within_ct_spearman,0.1685560960130941,0.16855610147574265,4,4,0
totalVI (likelihood_foreground),within_ct_spearman,0.1704395563067688,0.17041065318855275,1,1,0
totalVI (likelihood_mean),within_ct_spearman,0.1685561165479374,0.16855611504756665,3,3,0
totalVI (likelihood_median),within_ct_spearman,0.14299014025602438,0.1430109737526374,5,5,0
