label,scoring,rmsle,abs_bias,residual_sd,spearman,pearson,within_ct_spearman,rmsle_seed_sd,abs_bias_seed_sd,residual_sd_seed_sd,spearman_seed_sd,pearson_seed_sd,within_ct_spearman_seed_sd,n_seeds
D1 affine head on helper output (historical),calibrated,0.5743,0.1355,0.5409,0.3264,0.456,0.1686,0.0028,0.0045,0.0011,0.0017,0.002,0.0034,16
knn (count),calibrated,0.732,0.2116,0.6687,0.2581,0.3379,0.1164,,,,,,,1
knn (count),raw,0.8025,0.3478,0.6876,0.2587,0.3355,0.1163,,,,,,,1
knn (log),calibrated,0.7109,0.2079,0.6504,0.2697,0.3548,0.1159,,,,,,,1
knn (log),raw,0.7124,0.2017,0.6677,0.2704,0.3553,0.1162,,,,,,,1
rna_ridge (log),calibrated,0.637,0.2025,0.5752,0.3218,0.4244,0.1689,,,,,,,1
rna_ridge (log),raw,0.6378,0.204,0.5759,0.3218,0.4245,0.1689,,,,,,,1
seurat_v3_official (count),raw,0.6054,0.1406,0.5762,0.3032,0.4156,0.1338,,,,,,,1
totalVI (likelihood-consistent),raw,0.565,0.1358,0.5417,0.3264,0.4564,0.1686,0.0013,0.0014,0.001,0.0017,0.002,0.0034,16
totalVI (likelihood_foreground),calibrated,0.5839,0.1297,0.5537,0.3305,0.4408,0.1704,0.0026,0.0047,0.001,0.0015,0.002,0.0035,16
totalVI (likelihood_foreground),raw,1.1182,0.8452,0.6679,0.3305,0.4408,0.1704,0.0043,0.0047,0.0033,0.0015,0.002,0.0034,16
totalVI (likelihood_median),calibrated,0.5838,0.1377,0.5506,0.3017,0.4094,0.143,0.0023,0.0038,0.0008,0.0012,0.002,0.0022,16
totalVI (likelihood_median),raw,0.5822,0.1251,0.5594,0.3017,0.4094,0.143,0.001,0.0012,0.0008,0.0012,0.002,0.0021,16
totalVI + D1 affine head,calibrated,0.5741,0.1359,0.5405,0.3264,0.4564,0.1686,0.0028,0.0045,0.001,0.0017,0.002,0.0034,16
totalVI helper output (historical),raw,1.06,0.9056,0.5411,0.3264,0.456,0.1686,0.0018,0.0017,0.0011,0.0017,0.002,0.0034,16
