label,metric,calibrated,raw,rank_raw,rank_calibrated,rank_change
knn (count),rmsle,0.7320166522776171,0.8024819150606256,4,3,1
knn (log),rmsle,0.7108709671851015,0.712424413150778,3,2,1
rna_ridge (log),rmsle,0.6369655294898998,0.6378307177864354,2,1,1
seurat_v3_official (count),rmsle,,0.6054281667306888,1,,
knn (count),abs_bias,0.21157175410114445,0.3478268474168773,4,3,1
knn (log),abs_bias,0.20786245654028024,0.2017313667194701,2,2,0
rna_ridge (log),abs_bias,0.2025018736458769,0.2040496077178412,3,1,2
seurat_v3_official (count),abs_bias,,0.14063231669473017,1,,
knn (count),residual_sd,0.668719859666152,0.6876415309010524,4,3,1
knn (log),residual_sd,0.6503629546502141,0.6677326107401637,3,2,1
rna_ridge (log),residual_sd,0.5752399441852243,0.5758897094864621,1,1,0
seurat_v3_official (count),residual_sd,,0.5761890197106291,2,,
knn (count),spearman,0.25811039122704976,0.25865181586502184,4,3,1
knn (log),spearman,0.26970003713463236,0.2704418866277271,3,2,1
rna_ridge (log),spearman,0.32179521924042775,0.3217571456776819,1,1,0
seurat_v3_official (count),spearman,,0.3032062196568311,2,,
knn (count),pearson,0.33789347915090956,0.33551169546959836,4,3,1
knn (log),pearson,0.35479530271331433,0.35528571451631263,3,2,1
rna_ridge (log),pearson,0.4244437253437949,0.4245339350980005,1,1,0
seurat_v3_official (count),pearson,,0.41557497500755114,2,,
knn (count),within_ct_spearman,0.11641553700474411,0.11629814284943572,3,2,1
knn (log),within_ct_spearman,0.11587242553533127,0.11622778449964069,4,3,1
rna_ridge (log),within_ct_spearman,0.1688938902090232,0.16892825597846123,1,1,0
seurat_v3_official (count),within_ct_spearman,,0.13379890363617097,2,,
