target,replicate,observed,pred_totalvi_xmodal,pred_fusionvi_xmodal
ATF2,rep1,-0.0155451077405528,0.0037551133480189,-0.0073113339978965
ATF2,rep2,0.0630075933664784,0.0121439053858347,0.0229729076808675
ATF2,rep3,-0.0141888501643743,-0.0198868999365995,-0.0227180091089653
BRD4,rep1,0.3923092979332798,0.2634544670050758,0.2644350638040631
BRD4,rep2,0.1799278284564911,0.0274785176837752,0.0632776931685414
BRD4,rep3,0.2777337271225955,0.0499466410744418,0.0661956088109017
CAV1,rep1,0.0937489623364138,0.0909039592814711,0.1038680379039593
CAV1,rep2,0.0635993154596024,0.0846339372696869,0.0578728306997335
CAV1,rep3,-0.0071361217591627,0.0341027330841496,0.0216003645177913
CD86,rep1,0.0120824232536174,-0.0263531251633208,-0.0336065252318915
CD86,rep2,-0.1404401272062445,-0.0935597694691887,-0.1503021097165042
CD86,rep3,0.0264430412658729,0.0375243708577475,0.0354547528846547
CMTM6,rep1,-0.1785048924694194,0.0745922121870252,0.0767133455472359
CMTM6,rep2,-0.4750268302497824,0.0333109019988588,0.0054257847478718
CMTM6,rep3,-0.5425415538118488,0.0004566611329872,-0.0354878369132123
CUL3,rep1,0.1397735521191361,0.0879124949440361,0.0943485331473334
CUL3,rep2,0.4237540015072394,0.332548848749898,0.3386295205903247
CUL3,rep3,0.2067113241959024,0.1228635140282001,0.1259706965607634
ETV7,rep1,0.0109956587726642,0.0005396590719763,-0.0104857630277255
ETV7,rep2,-0.0585476115660057,-0.0324562719180701,-0.0372057856380747
ETV7,rep3,0.0078216048316432,0.0014435915196653,-0.0055983373425094
IFNGR1,rep1,-0.4192321804656469,-0.4959302472685856,-0.523925650568442
IFNGR1,rep2,-1.075570866471478,-1.015768292279886,-1.0224352191616468
IFNGR1,rep3,-1.0694958846725324,-0.9852102889286424,-1.0075134078798111
IFNGR2,rep1,-0.6059997277155231,-0.7082293368471424,-0.7304986909777824
IFNGR2,rep2,-0.9529916691765434,-0.8518530613603907,-0.8576879532095356
IFNGR2,rep3,-1.0436357437160413,-0.9121471121883618,-0.9184945410721914
IRF1,rep1,-0.1243921052905872,0.0758042620912373,0.0621444342360941
IRF1,rep2,-0.2853371661393034,-0.0764002227420865,-0.0956096928858478
IRF1,rep3,-0.4872017525923242,-0.1280247355987072,-0.1612300516482516
IRF7,rep1,0.1053858748392411,0.0534262324593388,0.066196585355633
IRF7,rep2,-0.060121994001185,-0.0108860497772349,-0.0496828935120055
IRF7,rep3,-0.0762161108404235,-0.0082197803299779,0.0058590973174377
JAK2,rep1,-0.6778877898503533,-0.6201837005618156,-0.7674787627176176
JAK2,rep2,-1.2136764933321982,-0.9683512548594404,-1.0573237405618778
JAK2,rep3,-1.0866389701941053,-0.8535956309405348,-0.9125633050095834
MARCH8,rep1,-0.0153772230293629,-0.0134050357136583,-0.0099720334182018
MARCH8,rep2,0.0208817561250285,-0.011656009095514,0.0036329204602241
MARCH8,rep3,-0.1414415915800937,-0.0629287558052427,-0.0757979585414663
MYC,rep1,-0.2982363307134417,-0.3656880833334526,-0.3420299288645889
MYC,rep2,-0.0162354866880871,0.035839989545928,0.000897738865011
MYC,rep3,0.6738935897868483,0.5454899596803147,0.5324015111130418
NFKBIA,rep1,0.0278873428125061,-0.0188767754545873,0.0085730824371976
NFKBIA,rep2,-0.0824788197542938,-0.0813896077197862,-0.1011377196240035
NFKBIA,rep3,0.007415556564621,0.0307185372648621,0.0551663016896979
PDCD1LG2,rep1,-0.2175026064652954,-0.2529556045543089,-0.2977279460936728
PDCD1LG2,rep2,0.0452606993676258,-0.1359366240567787,-0.1397708847558973
PDCD1LG2,rep3,0.0436854062515772,-0.1715727600791821,-0.1643599246863631
POU2F2,rep1,0.1378747383692777,0.0990383861690755,0.0890757360694047
POU2F2,rep2,0.0080712483349207,0.0141709583409843,0.0300531777451684
POU2F2,rep3,-0.01398849711705,-0.0048715552364688,-0.0190317879047157
SMAD4,rep1,-0.0649475632733453,-0.1118581992230867,-0.1284162976841534
SMAD4,rep2,-0.161913223397577,-0.1921616529596166,-0.2247982322998156
SMAD4,rep3,-0.1484310500390808,-0.2049573695102031,-0.2381680373269601
SPI1,rep1,-0.4158985581827572,-0.3849453705256342,-0.3999675588344447
SPI1,rep2,-0.1752692589808413,-0.2571053245584478,-0.2062157543271618
SPI1,rep3,0.2170191217408055,0.0587836370659689,0.0767527852743699
STAT1,rep1,-0.5622507212702308,-0.5825447189218291,-0.7142798823271841
STAT1,rep2,-1.061727343048795,-0.9160451687647724,-0.916781331792297
STAT1,rep3,-0.9137416109465556,-0.7711501995293162,-0.7346666152485568
STAT2,rep1,-0.1820752664264562,-0.1522968213928495,-0.1749643128499887
STAT2,rep2,0.098186862396763,0.1022316016936439,0.0758803725977692
STAT2,rep3,-0.043500145540456,-0.0353847439043493,-0.0397982591719854
STAT3,rep1,0.0197544632671711,0.0269576568489808,0.0223928582886712
STAT3,rep2,0.0763471929395347,0.0081647808285012,0.021973127645487
STAT3,rep3,-0.0422385425509723,-0.1088932367763471,-0.1126083894518092
STAT5A,rep1,0.197183127711817,0.1773053251153467,0.1915475547897944
STAT5A,rep2,0.036866916960573,-0.0146585904321128,-0.0194014525969139
STAT5A,rep3,0.0233668183086157,0.0444737203414691,0.0229784587202068
TNFRSF14,rep1,0.1115995820675666,0.1001176206402636,0.1157344065037149
TNFRSF14,rep2,0.0910787897213012,0.0652349509772847,0.0612316302890523
TNFRSF14,rep3,-0.1791687033779014,-0.1168568931720344,-0.150845408467803
UBE2L6,rep1,-0.0352065928447142,-0.0304619110487545,-0.029127412706976
UBE2L6,rep2,0.0966205288621395,0.060262476552741,0.0708553534300477
UBE2L6,rep3,0.0601636503774445,0.057035389117428,0.0521676711536098
