seed,model,mean_rmsle,median_rmsle
2026,FusionVI,1.0644534959685295,1.0834700593257582
2026,totalVI,1.063926174276949,1.0824486546526044
2027,FusionVI,1.0560291088767306,1.0774563809755398
2027,totalVI,1.0601633665085115,1.0799063173990187
2028,FusionVI,1.0560100489017141,1.0782437601791086
2028,totalVI,1.0586870668109432,1.0791348883139518
2029,FusionVI,1.0628351494837969,1.0859000180070242
2029,totalVI,1.059027801325464,1.0813289870617275
2030,FusionVI,1.057673651813627,1.0789988788000289
2030,totalVI,1.05897733456426,1.0792184172097072
