seed,readout,rmsle,global_rmsle,abs_bias,residual_sd,spearman,pearson,within_celltype_spearman
2026,totalVI helper-uncorrected,1.063996938231556,1.0764278836927363,0.9091271723853512,0.5428552143116369,0.3228941135423399,0.4507627293914206,0.16142126488816946
2026,totalVI likelihood-consistent,0.5677305642802062,0.5789691998340042,0.13918755802539545,0.5434852038458148,0.32289408409514914,0.4512050668256571,0.16142178352708605
2026,totalVI-X affine,0.5762888363524963,0.5904566058629116,0.1355113975450681,0.5429484824423492,0.32289404418932643,0.4507754885489477,0.16142110680871594
2026,totalVI likelihood-consistent + D1 head,0.5760588284750805,0.590155068407081,0.13595152076022923,0.5425519997143085,0.3228939715718301,0.4512132272725061,0.16142159678061652
2027,totalVI helper-uncorrected,1.060080906030538,1.0727227765188088,0.9058241665491417,0.5408948105338698,0.3261663435340737,0.4561053375295495,0.1692962388867805
2027,totalVI likelihood-consistent,0.5649348322439052,0.5759424953235649,0.1365817989945851,0.5413942153867203,0.32616637514967584,0.4565016297342482,0.1692963555326808
2027,totalVI-X affine,0.5730476060941241,0.5869323998915718,0.13426808907514337,0.5402570776953298,0.32616634357169316,0.45610533750739524,0.1692962388867805
2027,totalVI likelihood-consistent + D1 head,0.5727712031395287,0.5865822710202725,0.13459624385179086,0.5398320564434956,0.32616637514967584,0.45650162966194463,0.1692963555326808
2028,totalVI helper-uncorrected,1.0587235636343053,1.0710549637906164,0.9038318367709117,0.5415140365544447,0.32522532271605964,0.4559758780706672,0.1632075722245244
2028,totalVI likelihood-consistent,0.5646426095543068,0.5756415540324595,0.1346364951748121,0.5418270042071713,0.32522530462305577,0.45640118739542185,0.16320735883171555
2028,totalVI-X affine,0.5718717189440927,0.5853864318449591,0.1309515455711729,0.5410164472674414,0.32522532271605964,0.4559758780766694,0.1632075722245244
2028,totalVI likelihood-consistent + D1 head,0.5715945226262263,0.585039020847486,0.1313170650893701,0.5405999967567839,0.32522530462305577,0.45640118741348384,0.16320735883171555
2029,totalVI helper-uncorrected,1.0592967602912977,1.0716448209946863,0.9056884471670619,0.5397760398538515,0.3265572316277788,0.45773497845888095,0.1701176537016547
2029,totalVI likelihood-consistent,0.5631210504175821,0.5738487901261997,0.13357700296661837,0.5403970950348651,0.32655724148004744,0.4580812146349772,0.17011826824221368
2029,totalVI-X affine,0.5697740483526899,0.5825541477879888,0.1285861986972238,0.5395493040630456,0.3265572316277788,0.4577349784624463,0.1701176537016547
2029,totalVI likelihood-consistent + D1 head,0.5695487236704827,0.582266001223621,0.12903278137007693,0.5391668316408643,0.32655724152205823,0.45808121464199103,0.17011826824221368
2030,totalVI helper-uncorrected,1.0589073646316716,1.0714041872017366,0.9041476859135786,0.541216758904417,0.32555774562634243,0.4552869177684283,0.16652356457312795
2030,totalVI likelihood-consistent,0.5651380741706595,0.5760979766056642,0.13607868255546182,0.5416317820660902,0.3255577297542216,0.4557290492761993,0.1665234122455128
2030,totalVI-X affine,0.5744241424948384,0.588194734823476,0.1356575713865964,0.5410155066116659,0.3255577458126635,0.45528691772468155,0.16652356457312795
2030,totalVI likelihood-consistent + D1 head,0.5741757583775644,0.5878884625622227,0.13606069649131386,0.5405982149979449,0.3255577297542216,0.4557290492893526,0.1665234122455128
2031,totalVI helper-uncorrected,1.0607958976327905,1.0735635693676737,0.9069563940008983,0.5404889164513513,0.32699381248206943,0.45806732131628974,0.1608614226940216
2031,totalVI likelihood-consistent,0.564497501162843,0.5758435384989476,0.1362781209023728,0.5411557124103555,0.3269937744368026,0.4584992017536837,0.16086080515341186
2031,totalVI-X affine,0.5692032360017925,0.5822945037143707,0.12692929081329615,0.5399371649030631,0.32699381192020194,0.45806732130667543,0.16086142254050187
2031,totalVI likelihood-consistent + D1 head,0.5689047729783752,0.5819120360023516,0.12739087605718846,0.5394751671032673,0.3269937744368505,0.4584992017347769,0.16086080515341186
2032,totalVI helper-uncorrected,1.0599224048605962,1.0726624603776056,0.9050402270669188,0.5417210610303037,0.3254999337352117,0.4553972751805828,0.16726890094466867
2032,totalVI likelihood-consistent,0.565599860929818,0.5769286233249566,0.13653086411003637,0.5421666507769065,0.32549991902508413,0.45582850597626084,0.1672693247829041
2032,totalVI-X affine,0.5792339378357717,0.5946224134922026,0.1440328028503238,0.5415002326918607,0.32549993359924934,0.4553972751242758,0.16726890094466867
2032,totalVI likelihood-consistent + D1 head,0.5789620624657147,0.5942790689975691,0.14443905461741266,0.5410741854011333,0.32549991902508413,0.4558285059581403,0.1672693247829041
2033,totalVI helper-uncorrected,1.060903583592112,1.0736211689312212,0.9066027161458955,0.541201324663374,0.3264422936437165,0.45690596599998284,0.16942910144143233
2033,totalVI likelihood-consistent,0.564668828723469,0.5758224195888721,0.13524809692138975,0.5417066523959112,0.32644226648595553,0.45726339659146814,0.16942841500657052
2033,totalVI-X affine,0.5725063033821304,0.5860394163167187,0.13168839814943362,0.5407070750349156,0.326442293668655,0.4569059659979068,0.1694291013094959
2033,totalVI likelihood-consistent + D1 head,0.5722102665174936,0.5856592587566177,0.1320918372698853,0.5402671287726172,0.32644226648595553,0.45726339659885795,0.16942841500657052
2034,totalVI helper-uncorrected,1.0589363743551987,1.0713792083328366,0.9048183645857559,0.540499704734102,0.32722462076237907,0.45644985946753436,0.1708025003944362
2034,totalVI likelihood-consistent,0.5639895875937591,0.574848531696646,0.13416925326132637,0.5409979239093771,0.3272246044220994,0.45682291130510005,0.17080152544178848
2034,totalVI-X affine,0.5720312300384577,0.5854836499250905,0.13226443045249192,0.5399490150522818,0.32722462076237907,0.4564498594863744,0.1708025003944362
2034,totalVI likelihood-consistent + D1 head,0.5717662523179551,0.585152834841614,0.13266396934965216,0.539525015703602,0.3272246045484485,0.4568229113092836,0.17080152544178848
2035,totalVI helper-uncorrected,1.0579613956999883,1.070527870598718,0.9029359156690088,0.5413887815149601,0.32686535385724685,0.45670124827973485,0.1709880070139006
2035,totalVI likelihood-consistent,0.5651106883765715,0.57633053409311,0.13502736381471006,0.5419532354990815,0.3268653333539433,0.457065989398101,0.17098768185334495
2035,totalVI-X affine,0.5767127002481905,0.5914095497384506,0.1403802790114729,0.5412313936745642,0.32686535385724685,0.45670124827193004,0.1709880070139006
2035,totalVI likelihood-consistent + D1 head,0.5764815484486049,0.5911208093280518,0.14074540578184905,0.5408436771720859,0.3268653336182265,0.45706598939778226,0.1709876819253791
2036,totalVI helper-uncorrected,1.0610247897457925,1.073645466038951,0.9062606760243573,0.5419218631026779,0.32597427456292377,0.4542773173697043,0.1676943901380281
2036,totalVI likelihood-consistent,0.5660064569695303,0.5771087940055676,0.13623175068782473,0.5424609207357137,0.3259742577295282,0.4546292640780881,0.1676944872494009
2036,totalVI-X affine,0.576318265913743,0.5905909886661778,0.13786239481658186,0.5417162367162004,0.32597427457754424,0.45427731735546883,0.1676943901380281
2036,totalVI likelihood-consistent + D1 head,0.5760976833612972,0.5903166470125714,0.1383263486989548,0.5413246427880322,0.32597425760377136,0.4546292640898804,0.1676944954976847
2037,totalVI helper-uncorrected,1.063277303616337,1.0763949819419696,0.9078631563243914,0.5432790562542374,0.32373265296328396,0.4546383435647574,0.1679060854536069
2037,totalVI likelihood-consistent,0.5676069400640256,0.579622002368413,0.13729045744979068,0.5439219998720783,0.3237325974902114,0.4549766107169188,0.16790624724992465
2037,totalVI-X affine,0.577159744160236,0.5921761560812631,0.13704848390508295,0.543021760620697,0.32373265296328396,0.454638343630418,0.1679060854536069
2037,totalVI likelihood-consistent + D1 head,0.5769043057700639,0.5918308102871565,0.13750655883748142,0.5425871913289051,0.3237325969835843,0.45497661076022167,0.16790621729563412
2038,totalVI helper-uncorrected,1.0572611418887703,1.0698707408381596,0.9029663766691419,0.5399647632335504,0.32660557000902374,0.4561873507140974,0.168963485665137
2038,totalVI likelihood-consistent,0.5643936505887686,0.5755123534480644,0.13680741474095082,0.5406812097244551,0.3266055583592893,0.456584566313492,0.16896498966824253
2038,totalVI-X affine,0.5740753069335881,0.5882059340694274,0.1364596015743234,0.5399394646742236,0.32660557000902374,0.45618735067580357,0.168963485665137
2038,totalVI likelihood-consistent + D1 head,0.5738718169729653,0.587949440820804,0.13691985766988998,0.5395676836561336,0.3266055583592893,0.4565845663298102,0.16896498966824253
2039,totalVI helper-uncorrected,1.0614796020524004,1.0741516245439862,0.90690477025487,0.5418274687930602,0.32661021792480893,0.45533837247001474,0.16918925135565774
2039,totalVI likelihood-consistent,0.564947407790788,0.5761974271897291,0.13413273745981877,0.5421570832653934,0.3266101979107629,0.4557168301605218,0.16918961448899125
2039,totalVI-X affine,0.5759086390765223,0.5902983023645052,0.1382709463314893,0.5412953621215039,0.32661021792483924,0.4553383725288474,0.16918925135565774
2039,totalVI likelihood-consistent + D1 head,0.5756396907385983,0.589951535355777,0.13864666007409665,0.540877945718382,0.3266101979107629,0.4557168301867223,0.16918961448899125
2040,totalVI helper-uncorrected,1.0595926067520272,1.072164885554538,0.9058636737622734,0.5398757140037412,0.32765536115740884,0.45754493628449994,0.16831164232213405
2040,totalVI likelihood-consistent,0.5638443935925419,0.5748284874491235,0.1357464669829297,0.540446891271911,0.32765532412726744,0.45791236543239416,0.1683111231336952
2040,totalVI-X affine,0.5753857919963633,0.5898931055635651,0.13956430185932311,0.5398679786532002,0.32765536115740884,0.4575449363527233,0.16831164232213405
2040,totalVI likelihood-consistent + D1 head,0.5751866933112093,0.5896426807162686,0.1400091623262581,0.5394964255218245,0.3276553247590486,0.457912365395242,0.1683111231336952
2041,totalVI helper-uncorrected,1.0588040564424908,1.0716237121016945,0.9051190740593907,0.5396888219407937,0.3291545648345341,0.4590616083945223,0.17272202398506373
2041,totalVI likelihood-consistent,0.5636262923439991,0.5747638465559554,0.1352676449605436,0.5403492411264753,0.329154555070902,0.4594479565850641,0.17272156250256293
2041,totalVI-X affine,0.5746781032711789,0.5889906083364218,0.1374368335734221,0.5399596294135334,0.3291545648345341,0.45906160842769167,0.17272202398506373
2041,totalVI likelihood-consistent + D1 head,0.5744807866287521,0.5887368017647683,0.1379578570826134,0.5395640790614162,0.3291545547615802,0.45944795656318205,0.17272156250256293
