candidate,reference,metric,n_seeds,candidate_minus_reference,ci95_low,ci95_high,candidate_wins,p_t
totalVI likelihood-consistent,totalVI helper-uncorrected,rmsle,16,-0.49506912191594366,-0.49570734528759247,-0.49443089854429484,16,7.108963070874942e-41
totalVI likelihood-consistent,totalVI helper-uncorrected,global_rmsle,16,-0.49653460916779124,-0.4971789912941639,-0.4958902270414186,16,7.854390344483672e-41
totalVI likelihood-consistent,totalVI helper-uncorrected,spearman,16,-1.8091575335055232e-08,-2.8532032221844673e-08,-7.651118448265792e-09,2,0.0021679910149050878
totalVI likelihood-consistent,totalVI helper-uncorrected,pearson,16,0.0003893941198080675,0.0003704668674214907,0.00040832137219464425,16,2.977631788369231e-17
totalVI likelihood-consistent,totalVI helper-uncorrected,within_celltype_spearman,16,-9.423268604660806e-09,-3.3870879277313965e-07,3.1986225556381804e-07,8,0.9521674005813227
totalVI-X affine,totalVI likelihood-consistent,rmsle,16,0.00929755451834012,0.008111979441656654,0.010483129595023587,0,4.1714220265777135e-11
totalVI-X affine,totalVI likelihood-consistent,global_rmsle,16,0.012201398396113929,0.01071914600673087,0.013683650785496987,0,2.0846601090458637e-11
totalVI-X affine,totalVI likelihood-consistent,spearman,16,1.3729868242329246e-08,9.238273675107726e-10,2.653590911714772e-08,13,0.037273632173676144
totalVI-X affine,totalVI likelihood-consistent,pearson,16,-0.0003885966687088016,-0.0004069148599210381,-0.0003702784774965651,0,1.886090844865816e-17
totalVI-X affine,totalVI likelihood-consistent,within_celltype_spearman,16,-4.745382507082008e-10,-3.351769561795564e-07,3.3422787967814e-07,8,0.9976286597086421
totalVI likelihood-consistent + D1 head,totalVI likelihood-consistent,rmsle,16,0.009049761062321152,0.007856318575857897,0.010243203548784406,0,6.737432259217836e-11
totalVI likelihood-consistent + D1 head,totalVI likelihood-consistent,global_rmsle,16,0.01188601086268471,0.010393415594800575,0.013378606130568847,0,3.351099898267479e-11
totalVI likelihood-consistent + D1 head,totalVI likelihood-consistent,spearman,16,-7.025034540197872e-09,-2.2016525013283282e-08,7.966455932887538e-09,5,0.3337321850919668
totalVI likelihood-consistent + D1 head,totalVI likelihood-consistent,pearson,16,5.1002659884683e-07,-5.770723856257653e-07,1.5971255833194253e-06,10,0.33317143765186086
totalVI likelihood-consistent + D1 head,totalVI likelihood-consistent,within_celltype_spearman,16,-1.3023777631002154e-08,-3.806477308878558e-08,1.201721782678127e-08,2,0.2850772440656909
